194,16287968;-0,00121450
194,36381481;0,00094393
194,56476860;-0,00085565
194,76574102;0,00068764
194,96673208;-0,00114041
195,16774177;0,00055665
195,36877010;-0,00077598
195,56981705;0,00151913
195,77088262;-0,00099807
195,97196681;0,00069334
196,17306961;-0,00005271
196,37419103;0,00110339
196,57533104;-0,00054814
196,77648966;0,00114331
196,97766688;-0,00086711
197,17886269;0,00081867
197,38007709;-0,00092968
197,58131007;0,00075031
197,78256164;-0,00118600
197,98383178;0,00048273
198,18512050;-0,00083859
198,38642778;0,00095525
198,58775363;-0,00025203
198,78909804;0,00087561
198,99046101;-0,00078730
199,19184253;0,00117176
199,39324259;-0,00022353
199,59466121;0,00141087
199,79609836;-0,00073616
199,99755405;0,00059087
200,19902827;0,00004985
200,40052102;0,00079022
200,60203230;-0,00077032
200,80356209;0,00126287
201,00511040;-0,00075321
201,20667723;0,00110337
201,40826256;-0,00100380
201,60986639;0,00054531
201,81148873;-0,00156186
202,01312956;0,00060229
202,21478888;-0,00090120
202,41646669;0,00090406
202,61816298;-0,00037162
202,81987776;0,00153623
203,02161101;-0,00135687
203,22336273;0,00117737
203,42513291;-0,00088987
203,62692157;0,00064205
203,82872868;-0,00122584
204,03055424;0,00090414
204,23239826;-0,00129991
204,43426072;0,00080154
204,63614163;-0,00052547
204,83804098;0,00086425
205,03995876;-0,00129424
205,24189497;0,00041434
205,44384961;-0,00043427
205,64582267;0,00088703
205,84781415;-0,00124862
206,04982405;0,00038015
206,25185236;-0,00054244
206,45389907;0,00112616
206,65596418;-0,00056525
206,85804770;0,00068196
207,06014960;-0,00124298
207,26226990;0,00040861
207,46440859;-0,00071337
207,66656565;0,00048836
207,86874110;-0,00033172
208,07093492;0,00083573
208,27314711;-0,00099805
208,47537766;0,00061932
208,67762658;-0,00088988
208,87989385;0,00050542
209,08217948;-0,00095252
209,28448346;0,00045985
209,48680579;-0,00102649
209,68914645;0,00061930
209,89150545;-0,00055960
210,09388279;0,00089271
210,29627846;-0,00021213
210,49869245;0,00026059
210,70112476;-0,00081012
210,90357539;0,00032318
211,10604434;-0,00049689
211,30853159;-0,00004702
211,51103715;-0,00059375
211,71356100;0,00084140
211,91610316;-0,00119173
212,11866361;0,00058519
212,32124235;-0,00045709
212,52383937;0,00066491
212,72645467;-0,00121447
212,92908825;0,00089840
213,13174010;-0,00090702
213,33441022;0,00103509
213,53709861;-0,00014376
213,73980525;0,00120593
213,94253016;-0,00083857
214,14527331;0,00040863
214,34803471;-0,00087851
214,55081436;0,00106927
214,75361225;-0,00112906
214,95642837;0,00100655
215,15926273;-0,00109485
215,36211531;0,00039148
215,56498612;-0,00065067
215,76787514;0,00087559
215,97078239;-0,00081589
216,17370784;0,00087559
216,37665150;-0,00067918
216,57961337;0,00110909
216,78259344;-0,00049116
216,98559170;0,00117173
217,18860815;-0,00061654
217,39164279;0,00132554
217,59469561;-0,00132270
217,79776661;0,00060225
218,00085579;-0,00127142
218,20396314;0,00078447
218,40708866;-0,00153907
218,61023234;0,00055099
218,81339417;-0,00169852
219,01657417;0,00158752
219,21977231;-0,00067911
219,42298860;0,00169002
219,62622303;-0,00155044
219,82947561;0,00078449
220,03274631;-0,00083292
220,23603515;0,00121738
220,43934211;-0,00011531
220,64266720;0,00031181
220,84601040;-0,00113471
221,04937172;0,00073893
221,25275115;-0,00139101
221,45614869;0,00093822
221,65956432;-0,00149926
221,86299806;0,00071615
222,06644989;-0,00030898
222,26991981;0,00071613
222,47340781;-0,00096960
222,67691390;0,00060219
222,88043807;-0,00085570
223,08398031;0,00093823
223,28754061;-0,00112329
223,49111899;0,00095530
223,69471542;-0,00042865
223,89832992;0,00018084
224,10196246;-0,00112907
224,30561306;0,00079021
224,50928170;-0,00143661
224,71296838;0,00051114
224,91667310;-0,00077597
225,12039586;0,00099517
225,32413664;-0,00140810
225,52789545;0,00098380
225,73167228;-0,00094113
225,93546712;0,00004982
226,13927998;-0,00088990
226,34311085;0,00157612
226,54695972;-0,00131706
226,75082659;0,00113760
226,95471146;-0,00157328
227,15861432;0,00059083
227,36253517;-0,00124858
227,56647401;0,00118882
227,77043082;-0,00051973
227,97440561;0,00044846
228,17839838;-0,00091264
228,38240911;0,00055100
228,58643780;-0,00126009
228,79048446;0,00088132
228,99454907;-0,00151065
229,19863163;0,00008401
229,40273215;-0,00001283
229,60685060;0,00038589
229,81098700;-0,00076455
230,01514133;0,00081866
230,21931359;-0,00156754
230,42350378;0,00082433
230,62771190;-0,00115752
230,83193793;0,00049972
231,03618188;-0,00107784
231,24044374;0,00045416
231,44472351;-0,00093540
231,64902118;0,00060795
231,85333675;-0,00069057
232,05767022;0,00056237
232,26202157;-0,00087849
232,46639082;0,00070470
232,67077794;-0,00088417
232,87518295;0,00006690
233,07960583;-0,00054812
233,28404658;0,00119452
233,48850520;-0,00034883
233,69298168;0,00098954
233,89747602;-0,00149928
234,10198822;0,00105214
234,30651826;-0,00020072
234,51106615;0,00055672
234,71563188;-0,00067347
234,92021546;0,00031177
235,12481686;-0,00115185
235,32943610;0,00058514
235,53407316;-0,00043432
235,73872805;0,00159893
235,94340075;-0,00099238
236,14809126;0,00007259
236,35279959;-0,00083862
236,55752572;0,00003270
236,76226966;-0,00038866
236,96703139;0,00056234
237,17181092;-0,00067915
237,37660823;0,00107496
237,58142333;-0,00064489
237,78625621;0,00097811
237,99110687;-0,00041721
238,19597531;0,00053387
238,40086151;-0,00116325
238,60576548;0,00056813
238,81068721;-0,00087855
239,01562669;0,00055667
239,22058393;-0,00079869
239,42555892;0,00087562
239,63055166;-0,00128854
239,83556213;0,00052248
240,04059034;-0,00082723
240,24563628;0,00114907
240,45069996;-0,00045698
240,65578136;0,00145653
240,86088047;-0,00147652
241,06599731;0,00164444
241,27113186;-0,00046271
241,47628411;0,00126285
241,68145407;-0,00119173
241,88664173;0,00145648
242,09184709;-0,00137962
242,29707014;0,00134267
242,50231087;-0,00099240
242,70756930;0,00119449
242,91284540;-0,00118032
243,11813917;0,00035742
243,32345062;-0,00120880
243,52877974;-0,00009253
243,73412652;-0,00086709
243,93949096;0,00078448
244,14487306;-0,00073608
244,35027281;0,00069904
244,55569020;-0,00054809
244,76112524;0,00109769
244,96657792;-0,00107204
245,17204823;0,00097806
245,37753618;-0,00050256
245,58304175;0,00060233
245,78856495;-0,00116323
245,99410576;0,00050544
246,19966419;-0,00033745
246,40524024;0,00014663
246,61083388;-0,00020076
246,81644513;0,00123441
247,02207398;-0,00107211
247,22772043;0,00047128
247,43338447;-0,00049124
247,63906609;0,00037452
247,84476529;-0,00105503
248,05048208;0,00118881
248,25621643;-0,00108345
248,46196836;0,00081868
248,66773786;-0,00155051
248,87352491;0,00047122
249,07932953;-0,00181247
249,28515170;0,00029470
249,49099142;-0,00096386
249,69684869;0,00078444
249,90272349;-0,00082719
250,10861584;0,00078451
250,31452572;-0,00087282
250,52045313;0,00116032
250,72639807;-0,00135120
250,93236052;0,00053961
251,13834050;-0,00072469
251,34433799;0,00092117
251,55035299;-0,00126009
251,75638549;0,00094961
251,96243550;-0,00131703
252,16850300;0,00097242
252,37458800;-0,00033174
252,58069048;0,00077877
252,78681045;-0,00161888
252,99294790;0,00046561
253,19910283;-0,00064505
253,40527523;0,00063073
253,61146511;-0,00149923
253,81767244;0,00080731
254,02389724;-0,00081016
254,23013949;0,00023778
254,43639920;-0,00101514
254,64267635;0,00078447
254,84897095;-0,00120307
255,05528299;0,00015804
255,26161247;-0,00064494
255,46795938;0,00130845
255,67432372;-0,00111765
255,88070548;0,00016937
256,08710466;-0,00038298
256,29352126;0,00136532
256,49995527;-0,00041717
256,70640669;0,00080163
256,91287552;-0,00047414
257,11936174;0,00068198
257,32586536;-0,00079874
257,53238637;0,00083572
257,73892477;-0,00096391
257,94548055;0,00114322
258,15205371;-0,00087271
258,35864425;0,00079588
258,56525216;-0,00078736
258,77187744;0,00020361
258,97852008;-0,00127142
259,18518008;0,00110346
259,39185743;-0,00123157
259,59855214;0,00027190
259,80526419;-0,00080447
260,01199359;0,00080722
260,21874032;-0,00087280
260,42550440;0,00089842
260,63228580;-0,00123717
260,83908453;0,00080723
261,04590058;-0,00086710
261,25273395;0,00072179
261,45958464;-0,00100950
261,66645263;0,00107498
261,87333793;-0,00053678
262,08024054;0,00090975
262,28716044;-0,00063929
262,49409764;0,00059648
262,70105213;-0,00029187
262,90802391;0,00059653
263,11501296;-0,00098662
263,32201930;0,00101803
263,52904291;-0,00101514
263,73608379;0,00118307
263,94314194;-0,00153904
264,15021734;0,00119457
264,35731001;-0,00123725
264,56441993;0,00061938
264,77154710;-0,00042858
264,97869152;0,00076744
265,18585317;-0,00039437
265,39303207;0,00183238
265,60022820;-0,00112902
265,80744155;0,00094968
266,01467214;-0,00051976
266,22191994;0,00075603
266,42918497;-0,00148212
266,63646720;0,00068766
266,84376665;-0,00064494
267,05108330;0,00036304
267,25841715;-0,00111199
267,46576819;0,00130844
267,67313644;-0,00060510
267,88052187;0,00115467
268,08792448;-0,00086714
268,29534428;0,00102933
268,50278125;-0,00086144
268,71023540;0,00104649
268,91770671;-0,00104932
269,12519519;0,00113191
269,33270083;-0,00027479
269,54022362;0,00112053
269,74776357;-0,00079302
269,95532067;0,00101230
270,16289491;-0,00071895
270,37048629;0,00007832
270,57809481;-0,00025769
270,78572046;0,00060797
270,99336323;-0,00104938
271,20102313;0,00141095
271,40870016;-0,00031465
271,61639429;0,00090974
271,82410554;-0,00036591
272,03183390;0,00113759
272,23957936;-0,00051403
272,44734192;0,00077875
272,65512157;-0,00051398
272,86291832;0,00048268
273,07073216;-0,00097529
273,27856307;0,00077873
273,48641107;-0,00079874
273,69427615;0,00043705
273,90215829;-0,00042285
274,11005750;0,00104074
274,31797377;-0,00127718
274,52590711;0,00114327
274,73385750;-0,00075313
274,94182494;0,00070473
275,14980942;-0,00100942
275,35781095;0,00078447
275,56582952;-0,00063363
275,77386512;0,00052816
275,98191776;-0,00092976
276,18998742;0,00050545
276,39807410;-0,00084430
276,60617780;0,00128566
276,81429851;-0,00116887
277,02243624;0,00067056
277,23059097;-0,00067916
277,43876271;0,00113758
277,64695144;-0,00159036
277,85515716;0,00054528
278,06337988;-0,00137958
278,27161958;0,00105215
278,47987627;-0,00075890
278,68814993;0,00051685
278,89644057;-0,00045705
279,10474817;0,00033456
279,31307275;-0,00141379
279,52141428;0,00046559
279,72977277;-0,00093542
279,93814821;0,00137672
280,14654061;-0,00086709
280,35494995;0,00106915
280,56337623;-0,00073036
280,77181945;0,00126286
280,98027960;-0,00162449
281,18875668;0,00105217
281,39725068;-0,00103798
281,60576161;0,00030039
281,81428946;-0,00086704
282,02283421;-0,00030898
282,23139588;-0,00057094
282,43997445;0,00090983
282,64856992;-0,00063930
282,85718229;0,00057378
283,06581155;-0,00099236
283,27445770;0,00101801
283,48312073;0,00003850
283,69180065;0,00068759
283,90049744;-0,00070192
284,10921110;0,00096107
284,31794163;-0,00148215
284,52668903;0,00113760
284,73545328;-0,00105503
284,94423439;0,00084713
285,15303236;-0,00138535
285,36184717;0,00044856
285,57067883;-0,00083294
285,77952732;0,00071608
285,98839265;-0,00073602
286,19727482;0,00073321
286,40617381;-0,00141950
286,61508962;0,00090404
286,82402226;-0,00078735
287,03297171;0,00076743
287,24193797;-0,00066206
287,45092104;0,00071044
287,65992091;-0,00102653
287,86893758;0,00074465
288,07797105;-0,00115186
288,28702131;0,00096107
288,49608835;-0,00043432
288,70517218;0,00127426
288,91427279;-0,00118029
289,12339017;0,00064211
289,33252432;-0,00095825
289,54167524;0,00089832
289,75084293;-0,00129990
289,96002737;0,00089274
290,16922856;-0,00116896
290,37844651;0,00038017
290,58768120;-0,00038300
290,79693264;0,00100092
291,00620081;-0,00077598
291,21548572;0,00221395
291,42478736;-0,00138531
291,63410573;0,00141670
291,84344081;-0,00131697
292,05279262;0,00076170
292,26216114;-0,00128289
292,47154637;0,00130852
292,68094831;-0,00096953
292,89036694;0,00143368
293,09980228;-0,00086140
293,30925431;0,00079017
293,51872303;-0,00069622
293,72820843;0,00088130
293,93771052;-0,00115186
294,14722928;0,00116040
294,35676472;-0,00037729
294,56631682;0,00050549
294,77588560;-0,00071332
294,98547103;0,00075028
295,19507312;-0,00128856
295,40469186;0,00099529
295,61432726;-0,00086142
295,82397929;0,00111484
296,03364797;-0,00107211
296,24333329;0,00076741
296,45303524;-0,00123163
296,66275381;0,00118316
296,87248902;-0,00145940
297,08224084;0,00073893
297,29200928;-0,00123156
297,50179433;0,00077308
297,71159599;-0,00072472
297,92141426;0,00052821
298,13124912;-0,00162451
298,34110059;0,00108639
298,55096864;0,00028331
298,76085328;0,00089842
298,97075451;-0,00058242
299,18067232;0,00141664
299,39060670;-0,00035455
299,60055766;0,00089263
299,81052518;-0,00072466
300,02050927;0,00019785
300,23050991;-0,00161884
300,44052712;0,00129127
300,65056087;-0,00045132
300,86061117;0,00030608
301,07067802;-0,00017232
301,28076140;0,00093829
301,49086133;-0,00082161
301,70097778;0,00145647
301,91111076;-0,00133981
302,12126026;0,00125723
302,33142628;-0,00114616
302,54160882;0,00118879
302,75180787;-0,00080444
302,96202342;0,00139387
303,17225548;-0,00099811
303,38250404;0,00061936
303,59276909;-0,00126575
303,80305064;0,00076750
304,01334867;-0,00073607
304,22366318;0,00044286
304,43399417;-0,00069051
304,64434164;0,00061357
304,85470557;-0,00120305
305,06508598;0,00067056
305,27548284;-0,00040580
305,48589617;0,00090407
305,69632594;-0,00107781
305,90677217;0,00116601
306,11723485;-0,00041148
306,32771396;0,00019785
306,53820952;-0,00070765
306,74872151;0,00103507
306,95924993;-0,00140244
307,16979477;0,00137111
307,38035604;-0,00062221
307,59093372;0,00101232
307,80152782;-0,00019505
308,01213833;0,00059664
308,22276524;-0,00115182
308,43340856;0,00150206
308,64406827;-0,00089555
308,85474438;0,00074467
309,06543687;-0,00066776
309,27614575;0,00118307
309,48687102;-0,00077590
309,69761266;0,00102365
309,90837067;-0,00133979
310,11914505;0,00073889
310,32993580;-0,00098094
310,54074290;0,00084146
310,75156637;-0,00086140
310,96240618;0,00085284
311,17326235;-0,00086714
311,38413486;0,00097803
311,59502371;-0,00097534
311,80592890;0,00109770
312,01685042;-0,00106071
312,22778827;0,00059652
312,43874244;-0,00081578
312,64971294;0,00085285
312,86069975;-0,00124295
313,07170287;0,00076170
313,28272230;-0,00103789
313,49375804;0,00036880
313,70481007;-0,00109485
313,91587840;0,00075603
314,12696302;-0,00208584
314,33806394;0,00016942
314,54918113;-0,00068482
314,76031460;0,00077309
314,97146435;-0,00056523
315,18263038;0,00182098
315,39381267;-0,00159609
315,60501122;0,00027194
315,81622603;-0,00053109
316,02745710;0,00060221
316,23870442;-0,00098098
316,44996799;0,00045417
316,66124780;-0,00139100
316,87254384;0,00058514
317,08385613;-0,00132839
317,29518464;0,00060232
317,50652939;-0,00085573
317,71789035;0,00115467
317,92926754;-0,00081010
318,14066094;0,00073321
318,35207055;-0,00048554
318,56349636;0,00053962
318,77493838;-0,00105497
318,98639660;0,00088697
319,19787101;-0,00045137
319,40936162;0,00086425
319,62086841;-0,00081583
319,83239138;0,00075603
320,04393053;-0,00058234
320,25548585;0,00097240
320,46705735;-0,00075319
320,67864501;0,00098947
320,89024883;-0,00112911
321,10186881;0,00068196
321,31350495;-0,00016088
321,52515723;-0,00012100
321,73682566;-0,00144226
321,94851023;0,00043710
322,16021094;-0,00106637
322,37192779;0,00117171
322,58366076;-0,00080439
322,79540986;0,00056235
323,00717508;-0,00116885
323,21895642;0,00075034
323,43075387;-0,00115185
323,64256743;-0,00026915
323,85439710;-0,00085572
324,06624286;0,00082429
324,27810473;-0,00086704
324,48998269;0,00130844
324,70187673;-0,00101517
324,91378686;0,00073889
325,12571308;-0,00063923
325,33765537;0,00094961
325,54961373;-0,00061081
325,76158816;0,00093828
325,97357865;-0,00009256
326,18558521;0,00088130
326,39760782;-0,00071329
326,60964649;0,00069334
326,82170120;-0,00092403
327,03377196;0,00083575
327,24585876;-0,00069053
327,45796159;0,00117171
327,67008046;-0,00006406
327,88221536;0,00109772
328,09436627;-0,00038867
328,30653321;0,00116603
328,51871617;-0,00053684
328,73091514;0,00083577
328,94313011;-0,00114045
329,15536109;0,00065922
329,36760807;-0,00148779
329,57987104;0,00019219
329,79215001;-0,00059375
330,00444496;0,00101800
330,21675590;-0,00110053
330,42908281;0,00130270
330,64142570;-0,00052543
330,85378457;0,00024910
331,06615940;-0,00132838
331,27855019;0,00079585
331,49095694;-0,00072470
331,70337965;0,00102933
331,91581831;-0,00095250
332,12827292;0,00075602
332,34074346;-0,00086140
332,55322995;0,00042002
332,76573237;-0,00108352
332,97825073;0,00067626
333,19078501;-0,00085565
333,40333521;0,00063072
333,61590133;-0,00110633
333,82848337;0,00082438
334,04108131;0,00003840
334,25369516;0,00081297
334,46632492;-0,00152203
334,67897057;0,00060232
334,89163212;-0,00047984
335,10430956;0,00040294
335,31700288;-0,00053678
335,52971208;0,00095534
335,74243717;-0,00044568
335,95517813;0,00114323
336,16793495;-0,00124867
336,38070765;0,00034596
336,59349620;-0,00093545
336,80630061;0,00073888
337,01912088;-0,00086144
337,23195699;0,00024910
337,44480895;-0,00076458
337,65767676;0,00049403
337,87056040;-0,00110058
338,08345987;0,00090978
338,29637517;-0,00142517
338,50930630;0,00072184
338,72225325;-0,00099236
338,93521602;0,00066491
339,14819459;-0,00021786
339,36118898;0,00060223
339,57419918;-0,00206878
339,78722517;0,00084142
340,00026696;-0,00057669
340,21332454;0,00121162
340,42639792;-0,00089558
340,63948707;0,00072749
340,85259201;-0,00018938
341,06571272;0,00036302
341,27884921;-0,00058232
341,49200146;0,00051110
341,70516948;-0,00104365
341,91835326;0,00110914
342,13155280;-0,00059935
342,34476809;0,00050552
342,55799912;-0,00037725
342,77124590;0,00126862
342,98450842;-0,00091834
343,19778668;0,00137111
343,41108066;-0,00184660
343,62439038;0,00065924
343,83771582;-0,00116318
344,05105698;0,00124009
344,26441385;-0,00112910
344,47778644;0,00203171
344,69117473;-0,00062794
344,90457873;0,00152482
345,11799842;-0,00115756
345,33143382;0,00113187
345,54488490;-0,00070193
345,75835167;0,00073325
345,97183412;-0,00132269
346,18533225;0,00125713
346,39884606;-0,00115181
346,61237554;0,00113186
346,82592069;-0,00037161
347,03948149;0,00089272
347,25305796;-0,00092969
347,46665008;0,00020929
347,68025786;-0,00094106
347,89388127;0,00022067
348,10752034;-0,00110062
348,32117504;0,00101232
348,53484537;-0,00075886
348,74853134;0,00102936
348,96223293;-0,00114614
349,17595014;0,00107494
349,38968297;-0,00088418
349,60343142;0,00146216
349,81719548;-0,00050835
350,03097514;0,00055095
350,24477040;-0,00096959
350,45858126;0,00066492
350,67240772;-0,00072466
350,88624977;0,00069902
351,10010740;-0,00077026
351,31398061;0,00101231
351,52786940;-0,00090695
351,74177377;0,00116608
351,95569370;-0,00105502
352,16962920;0,00085858
352,38358026;-0,00107204
352,59754688;0,00051680
352,81152905;-0,00042857
353,02552677;0,00020357
353,23954004;-0,00115186
353,45356884;0,00045412
353,66761319;-0,00107783
353,88167307;0,00188366
354,09574847;-0,00110631
354,30983940;0,00010106
354,52394585;-0,00143662
354,73806782;-0,00008118
354,95220530;-0,00087848
355,16635829;0,00088134
355,38052679;-0,00108916
355,59471078;0,00080723
355,80891027;-0,00116893
356,02312526;0,00071051
356,23735573;-0,00117457
356,45160169;0,00069906
356,66586312;-0,00014385
356,88014004;0,00139953
357,09443242;-0,00140815
357,30874027;0,00038574
357,52306359;-0,00057093
357,73740237;0,00090407
357,95175660;-0,00071898
358,16612628;0,00065354
358,38051142;-0,00104366
358,59491199;0,00067634
358,80932801;-0,00140240
359,02375946;0,00075033
359,23820634;-0,00140240
359,45266865;0,00085856
359,66714638;-0,00034881
359,88163954;0,00042001
360,09614811;-0,00035451
360,31067209;0,00043705
360,52521147;-0,00057664
360,73976626;0,00057375
360,95433645;-0,00129417
361,16892203;0,00090407
361,38352301;-0,00059369
361,59813937;0,00038584
361,81277111;-0,00065062
362,02741824;0,00003846
362,24208074;-0,00046846
362,45675860;0,00076171
362,67145184;-0,00082722
362,88616044;0,00101229
363,10088439;-0,00068486
363,31562370;0,00162166
363,53037836;-0,00070766
363,74514837;0,00067055
363,95993372;-0,00091830
364,17473441;0,00079018
364,38955043;-0,00086137
364,60438178;0,00068768
364,81922846;-0,00053678
365,03409046;0,00104078
365,24896778;-0,00074173
365,46386041;0,00105219
365,67876835;-0,00059938
365,89369159;0,00072192
366,10863014;-0,00082724
366,32358399;0,00104071
366,53855313;-0,00071900
366,75353756;0,00061930
366,96853727;-0,00150496
367,18355227;0,00035165
367,39858254;-0,00051394
367,61362809;-0,00029758
367,82868890;-0,00002424
368,04376498;0,00040862
368,25885632;-0,00082723
368,47396292;0,00057946
368,68908477;-0,00104938
368,90422187;0,00043709
369,11937422;-0,00117460
369,33454180;0,00083568
369,54972463;-0,00014941
369,76492268;0,00144510
369,98013597;-0,00091827
370,19536448;0,00063069
370,41060820;-0,00114043
370,62586715;0,00106354
370,84114131;-0,00082152
371,05643067;0,00149073
371,27173524;-0,00136825
371,48705501;0,00096674
371,70238998;-0,00054817
371,91774014;0,00066489
372,13310548;-0,00133402
372,34848602;0,00122303
372,56388173;-0,00083858
372,77929261;0,00067062
372,99471867;-0,00132837
373,21015989;0,00094393
373,42561628;-0,00087279
373,64108783;0,00073893
373,85657454;-0,00065636
374,07207639;0,00086427
374,28759340;-0,00136255
374,50312554;0,00056808
374,71867283;-0,00063929
374,93423525;0,00161597
375,14981280;-0,00085563
375,36540548;0,00055668
375,58101328;-0,00086136
375,79663621;0,00088131
376,01227424;-0,00111194
376,22792739;0,00108634
376,44359564;-0,00075319
376,65927900;0,00079016
376,87497746;-0,00133415
377,09069101;0,00103507
377,30641965;-0,00065636
377,52216337;0,00100656
377,73792218;-0,00098666
377,95369607;0,00133122
378,16948503;-0,00129994
378,38528907;0,00106358
378,60110817;-0,00102085
378,81694233;0,00084144
379,03279155;-0,00065637
379,24865582;0,00066486
379,46453514;-0,00061651
379,68042951;0,00109197
379,89633893;-0,00155048
380,11226337;0,00103512
380,32820286;-0,00075889
380,54415737;0,00134261
380,76012691;-0,00167005
380,97611147;0,00115463
381,19211105;-0,00084997
381,40812564;0,00089836
381,62415524;-0,00027481
381,84019984;0,00061935
382,05625945;-0,00075319
382,27233405;0,00085845
382,48842365;-0,00043423
382,70452824;0,00101225
382,92064781;-0,00043994
383,13678236;0,00117178
383,35293189;-0,00086137
383,56909639;0,00154767
383,78527586;-0,00066778
384,00147030;0,00100089
384,21767970;-0,00111199
384,43390405;0,00098382
384,65014336;-0,00074179
384,86639761;0,00057947
385,08266681;-0,00047986
385,29895095;0,00110339
385,51525002;-0,00079874
385,73156403;0,00055672
385,94789297;-0,00090696
386,16423683;0,00085280
386,38059561;-0,00096397
386,59696931;0,00081286
386,81335791;-0,00164729
387,02976143;0,00106352
387,24617985;-0,00101515
387,46261317;0,00122302
387,67906139;-0,00086140
387,89552449;0,00092117
388,11200249;-0,00017798
388,32849537;0,00082440
388,54500313;-0,00089551
388,76152576;0,00172410
388,97806327;-0,00078735
389,19461564;0,00119449
389,41118288;-0,00063363
389,62776497;0,00125146
389,84436192;-0,00073602
390,06097372;0,00089267
390,27760037;-0,00110050
390,49424186;0,00142235
390,71089819;-0,00087283
390,92756936;0,00106923
391,14425536;-0,00112341
391,36095618;0,00145648
391,57767182;-0,00044557
391,79440229;0,00134261
392,01114757;-0,00020648
392,22790766;0,00059083
392,44468255;-0,00064492
392,66147225;0,00158749
392,87827675;-0,00045133
393,09509604;0,00135962
393,31193012;-0,00041141
393,52877899;0,00156472
393,74564264;-0,00141383
393,96252107;0,00115463
394,17941427;-0,00006974
394,39632224;0,00144514
394,61324498;-0,00040576
394,83018248;0,00091552
395,04713474;-0,00008685
395,26410175;0,00127424
395,48108351;-0,00120305
395,69808001;0,00135970
395,91509126;-0,00120308
396,13211725;0,00038581
396,34915796;-0,00013811
396,56621341;0,00141665
396,78328359;-0,00076456
397,00036848;0,00077880
397,21746809;-0,00084439
397,43458242;0,00180389
397,65171145;-0,00091267
397,86885519;0,00124576
398,08601363;-0,00067341
398,30318677;0,00142236
398,52037460;0,00001567
398,73757711;0,00165013
398,95479432;-0,00083861
399,17202620;0,00171847
399,38927276;0,00007264
399,60653400;0,00128563
399,82380990;-0,00086709
400,04110046;0,00090982
400,25840569;-0,00034314
400,47572557;0,00089268
400,69306011;-0,00081013
400,91040929;0,00129135
401,12777312;-0,00013236
401,34515158;0,00180963
401,56254469;-0,00126572
401,77995242;0,00157604
401,99737478;0,00131977
402,21481177;-0,00049120
402,43226338;0,00117172
402,64972960;-0,00099231
402,86721043;0,00114899
403,08470588;-0,00041152
403,30221592;0,00167865
403,51974057;-0,00062217
403,73727981;0,00026051
403,95483364;-0,00046839
404,17240206;0,00112048
404,38998506;0,00030038
404,60758264;0,00146214
404,82519479;-0,00060510
405,04282152;0,00109195
405,26046282;-0,00044566
405,47811867;0,00139954
405,69578909;-0,00039439
405,91347406;0,00132549
406,13117358;-0,00102081
406,34888765;0,00093258
406,56661626;-0,00083288
406,78435941;0,00188927
407,00211710;-0,00042859
407,21988931;0,00165007
407,43767605;-0,00015519
407,65547732;0,00162738
407,87329310;-0,00015517
408,09112340;0,00194053
408,30896820;0,00024345
408,52682751;0,00125714
408,74470133;-0,00033746
408,96258964;0,00192922
409,18049245;-0,00064502
409,39840974;0,00106920
409,61634153;0,00001566
409,83428779;0,00117745
410,05224853;0,00015232
410,27022375;0,00096110
410,48821343;0,00004412
410,70621758;0,00118886
410,92423620;-0,00020080
411,14226927;0,00237340
411,36031679;0,00108060
411,57837876;0,00129704
411,79645518;0,00051686
412,01454604;0,00101795
412,23265133;0,00046556
412,45077106;0,00185520
412,66890522;0,00015801
412,88705380;0,00129703
413,10521681;0,00069911
413,32339423;0,00191778
413,54158606;0,00072761
413,75979230;0,00265813
413,97801295;0,00113189
414,19624800;0,00240182
414,41449744;0,00088706
414,63276128;0,00253287
414,85103950;0,00149068
415,06933211;0,00219118
415,28763910;0,00129132
415,50596047;0,00301129
415,72429620;0,00090977
415,94264631;0,00277211
416,16101078;0,00145645
416,37938961;0,00278345
416,59778280;0,00152486
416,81619033;0,00298841
417,03461222;0,00145072
417,25304845;0,00228794
417,47149902;0,00098947
417,68996392;0,00265815
417,90844316;0,00082425
418,12693673;0,00188932
418,34544461;0,00131410
418,56396682;0,00382000
418,78250334;0,00116035
419,00105418;0,00317076
419,21961932;0,00212851
419,43819876;0,00264672
419,65679251;0,00090408
419,87540054;0,00272074
420,09402287;0,00150771
420,31265949;0,00244176
420,53131039;0,00224244
420,74997557;0,00330162
420,96865502;0,00182671
421,18734874;0,00282330
421,40605674;0,00213422
421,62477899;0,00309666
421,84351550;0,00101798
422,06226627;0,00305683
422,28103128;0,00069340
422,49981055;0,00339286
422,71860405;0,00139389
422,93741179;0,00272648
423,15623377;0,00094398
423,37506998;0,00311382
423,59392041;0,00164445
423,81278507;0,00299991
424,03166394;0,00076743
424,25055703;0,00282329
424,46946433;0,00064780
424,68838583;0,00327899
424,90732154;0,00109773
425,12627144;0,00358074
425,34523554;0,00122870
425,56421382;0,00276637
425,78320629;0,00143946
426,00221295;0,00293726
426,22123378;0,00145084
426,44026878;0,00292013
426,65931795;0,00145083
426,87838129;0,00171277
427,09745879;0,00194632
427,31655045;0,00264674
427,53565626;0,00120021
427,75477621;0,00314229
427,97391032;0,00115469
428,19305856;0,00306251
428,41222094;0,00104077
428,63139746;0,00306822
428,85058810;0,00031181
429,06979287;0,00299985
429,28901175;0,00062503
429,50824476;0,00230509
429,72749187;0,00120023
429,94675310;0,00276069
430,16602843;0,00174133
430,38531786;0,00309099
430,60462138;0,00185518
430,82393900;0,00381428
431,04327071;0,00173561
431,26261649;0,00330733
431,48197636;0,00297140
431,70135031;0,00384839
431,92073833;0,00272080
432,14014041;0,00382562
432,35955656;0,00257846
432,57898677;0,00388262
432,79843103;0,00238480
433,01788935;0,00338149
433,23736171;0,00331879
433,45684812;0,00370039
433,67634857;0,00261830
433,89586305;0,00381424
434,11539156;0,00360358
434,33493410;0,00460021
434,55449066;0,00330739
434,77406125;0,00483938
434,99364584;0,00387125
435,21324445;0,00535198
435,43285707;0,00389398
435,65248368;0,00501023
435,87212430;0,00453188
436,09177891;0,00596690
436,31144752;0,00440086
436,53113010;0,00686681
436,75082668;0,00502159
436,97053723;0,00643966
437,19026175;0,00489636
437,41000024;0,00777229
437,62975270;0,00647960
437,84951913;0,00706616
438,06929951;0,00701486
438,28909385;0,00864934
438,50890213;0,00744208
438,72872436;0,00976565
438,94856054;0,00779512
439,16841065;0,00971429
439,38827469;0,00858673
439,60815267;0,00958336
439,82804457;0,00916195
440,04795039;0,01094445
440,26787013;0,00995929
440,48780379;0,01178734
440,70775135;0,01189553
440,92771282;0,01315981
441,14768819;0,01193540
441,36767746;0,01289790
441,58768062;0,01335347
441,80769767;0,01308011
442,02772860;0,01358702
442,24777342;0,01470889
442,46783211;0,01405396
442,68790468;0,01555181
442,90799111;0,01493676
443,12809141;0,01650856
443,34820557;0,01492534
443,56833359;0,01687300
443,78847546;0,01679341
444,00863118;0,01632056
444,22880074;0,01707241
444,44898415;0,01712935
444,66918139;0,01704381
444,88939246;0,01731153
445,10961736;0,01833665
445,32985609;0,01779559
445,55010863;0,01834799
445,77037499;0,01909414
445,99065517;0,01738555
446,21094915;0,01842782
446,43125693;0,01866702
446,65157852;0,01947002
446,87191390;0,01778422
447,09226307;0,01856446
447,31262604;0,01905988
447,53300278;0,01851320
447,75339331;0,02011916
447,97379760;0,01979465
448,19421568;0,01885483
448,41464752;0,02025024
448,63509312;0,01864982
448,85555248;0,02006235
449,07602560;0,01898587
449,29651246;0,01935615
449,51701308;0,01902001
449,73752744;0,01903710
449,95805553;0,01928776
450,17859737;0,01902012
450,39915293;0,01863847
450,61972222;0,01976600
450,84030523;0,01947554
451,06090197;0,01917388
451,28151241;0,01898586
451,50213657;0,01839364
451,72277443;0,01861007
451,94342600;0,01840505
452,16409126;0,01852452
452,38477022;0,01667935
452,60546287;0,01613838
452,82616921;0,01751087
453,04688922;0,01712930
453,26762292;0,01838222
453,48837029;0,01699835
453,70913133;0,01683319
453,92990604;0,01725458
454,15069440;0,01755075
454,37149643;0,01726595
454,59231211;0,01861005
454,81314144;0,01756216
455,03398441;0,01908839
455,25484103;0,01816577
455,47571128;0,01775578
455,69659517;0,01661106
455,91749269;0,01840493
456,13840383;0,01731146
456,35932859;0,01840506
456,58026698;0,01768745
456,80121897;0,01727741
457,02218457;0,01703810
457,24316378;0,01731726
457,46415659;0,01714633
457,68516300;0,01729448
457,90618300;0,01812018
458,12721659;0,01855875
458,34826376;0,01834233
458,56932451;0,01889473
458,79039884;0,01890620
459,01148675;0,01870680
459,23258822;0,01901442
459,45370325;0,02005097
459,67483185;0,01967499
459,89597400;0,02111022
460,11712971;0,02248849
460,33829896;0,02298387
460,55948176;0,02121838
460,78067810;0,02369573
461,00188797;0,02206690
461,22311138;0,02247692
461,44434831;0,02468674
461,66559877;0,02478910
461,88686275;0,02475494
462,10814024;0,02580288
462,32943125;0,02624144
462,55073576;0,02763104
462,77205378;0,02722666
462,99338530;0,02708427
463,21473031;0,02746596
463,43608881;0,02890099
463,65746080;0,02888389
463,87884628;0,03035894
464,10024523;0,03068347
464,32165766;0,03214163
464,54308356;0,03236926
464,76452293;0,03323489
464,98597576;0,03338875
465,20744205;0,03541042
465,42892179;0,03669178
465,65041498;0,03605973
465,87192163;0,03917496
466,09344171;0,03824658
466,31497523;0,04035374
466,53652219;0,04007469
466,75808258;0,03986973
466,97965639;0,04174905
467,20124363;0,04403841
467,42284429;0,04674354
467,64445836;0,04717654
467,86608584;0,04712531
468,08772672;0,04834397
468,30938101;0,04931201
468,53104870;0,05005233
468,75272978;0,05145353
468,97442425;0,05157314
469,19613211;0,05357770
469,41785334;0,05408451
469,63958796;0,05615193
469,86133595;0,05873175
470,08309731;0,06028649
470,30487204;0,05914171
470,52666012;0,06259864
470,74846157;0,06274092
470,97027636;0,06471717
471,19210451;0,06406801
471,41394600;0,06663653
471,63580084;0,06815145
471,85766901;0,06942133
472,07955051;0,06910833
472,30144535;0,07366413
472,52335351;0,07064028
472,74527499;0,07343064
472,96720978;0,07352755
473,18915789;0,07661977
473,41111931;0,07877261
473,63309403;0,07807785
473,85508206;0,08059513
474,07708338;0,07897200
474,29909799;0,07931938
474,52112589;0,08216693
474,74316707;0,08101087
474,96522154;0,08130124
475,18728928;0,08234328
475,40937030;0,08443353
475,63146458;0,08414886
475,85357213;0,08512258
476,07569294;0,08675718
476,29782700;0,08799306
476,51997431;0,08910914
476,74213488;0,08710451
476,96430868;0,08513400
477,18649573;0,08975837
477,40869601;0,08680258
477,63090953;0,08826067
477,85313627;0,08585151
478,07537624;0,08807277
478,29762942;0,08841434
478,51989582;0,08807265
478,74217543;0,09009432
478,96446825;0,08902950
479,18677427;0,08808397
479,40909350;0,08875025
479,63142591;0,08712718
479,85377152;0,08744624
480,07613032;0,08777654
480,29850229;0,09079487
480,52088745;0,08959876
480,74328578;0,09041349
480,96569729;0,08644948
481,18812196;0,08847709
481,41055979;0,08598824
481,63301078;0,08929140
481,85547492;0,08937694
482,07795222;0,08844858
482,30044266;0,08442215
482,52294625;0,08721835
482,74546297;0,08614770
482,96799283;0,08824347
483,19053581;0,08593123
483,41309193;0,08662605
483,63566116;0,08539595
483,85824352;0,08762851
484,08083899;0,08818664
484,30344756;0,08758276
484,52606925;0,08689369
484,74870403;0,08733802
484,97135192;0,08774812
485,19401289;0,08753748
485,41668696;0,08798741
485,63937411;0,08399504
485,86207435;0,08671732
486,08478766;0,08889271
486,30751404;0,08638132
486,53025350;0,08714435
486,75300601;0,08762838
486,97577160;0,08978123
487,19855023;0,08656918
487,42134192;0,08910905
487,64414666;0,08892132
487,86696445;0,08853964
488,08979527;0,08904647
488,31263914;0,08895542
488,53549603;0,09034498
488,75836596;0,08926865
488,98124891;0,08893835
489,20414487;0,09227558
489,42705386;0,09123925
489,64997586;0,09241236
489,87291087;0,09142141
490,09585888;0,09134157
490,31881989;0,09237825
490,54179390;0,09325537
490,76478090;0,09434851
490,98778089;0,09489543
491,21079386;0,09604017
491,43381981;0,09605720
491,65685874;0,09614266
491,87991064;0,09729873
492,10297551;0,09808453
492,32605334;0,09951404
492,54914413;0,09920657
492,77224788;0,10077268
492,99536458;0,10205420
493,21849423;0,10254376
493,44163682;0,10350060
493,66479235;0,10298805
493,88796081;0,10544272
494,11114221;0,10630819
494,33433654;0,10620003
494,55754378;0,10758402
494,78076395;0,10840977
495,00399703;0,10969126
495,22724302;0,10880271
495,45050192;0,11271525
495,67377373;0,11461166
495,89705843;0,11587031
496,12035602;0,11440099
496,34366651;0,11479386
496,56698988;0,11739654
496,79032614;0,12015864
497,01367528;0,11944669
497,23703729;0,12082504
497,46041217;0,12215758
497,68379991;0,12335939
497,90720052;0,12605302
498,13061399;0,12776156
498,35404031;0,12780148
498,57747948;0,13105898
498,80093150;0,13025035
499,02439636;0,13236322
499,24787406;0,13194744
499,47136459;0,13495452
499,69486795;0,13527341
499,91838414;0,13761405
500,14191314;0,14035338
500,36545497;0,14123596
500,58900961;0,14304153
500,81257706;0,14288777
501,03615732;0,14565544
501,25975037;0,14955079
501,48335623;0,15099761
501,70697488;0,14975584
501,93060631;0,15454534
502,15425054;0,15458523
502,37790754;0,15619121
502,60157732;0,15770602
502,82525987;0,15782008
503,04895520;0,16250721
503,27266328;0,16276332
503,49638413;0,16730241
503,72011774;0,16850968
503,94386410;0,17320817
504,16762320;0,17154502
504,39139505;0,17569135
504,61517965;0,17509294
504,83897697;0,17851584
505,06278703;0,17791219
505,28660982;0,17977455
505,51044534;0,18130099
505,73429357;0,18503109
505,95815452;0,18417699
506,18202818;0,18787302
506,40591456;0,18747408
506,62981363;0,19222406
506,85372540;0,19564088
507,07764988;0,19573797
507,30158704;0,19564095
507,52553689;0,20103433
507,74949942;0,19962768
507,97347464;0,20242377
508,19746253;0,20453098
508,42146309;0,20532267
508,64547632;0,20374506
508,86950221;0,20540246
509,09354076;0,20804473
509,31759197;0,21266917
509,54165582;0,21270335
509,76573233;0,21464556
509,98982148;0,21367730
510,21392326;0,21371735
510,43803769;0,21515795
510,66216474;0,21663863
510,88630442;0,21920748
511,11045673;0,22045426
511,33462165;0,21813082
511,55879919;0,22041438
511,78298933;0,22049995
512,00719209;0,22475423
512,23140744;0,22476553
512,45563540;0,22824521
512,67987595;0,22527840
512,90412909;0,22991378
513,12839482;0,22930436
513,35267313;0,22866105
513,57696401;0,22611519
513,80126748;0,23077389
514,02558351;0,22949246
514,24991211;0,23162254
514,47425327;0,23342203
514,69860698;0,23660560
514,92297325;0,23524446
515,14735208;0,23606448
515,37174344;0,23617285
515,59614735;0,23569430
515,82056380;0,23423072
516,04499278;0,23625830
516,26943429;0,23978912
516,49388832;0,23898610
516,71835488;0,23910007
516,94283395;0,23624682
517,16732554;0,23590507
517,39182964;0,23489133
517,61634624;0,23567174
517,84087534;0,23894055
518,06541694;0,24152026
518,28997104;0,23981749
518,51453762;0,23798944
518,73911668;0,24166286
518,96370823;0,23982317
519,18831226;0,23886086
519,41292875;0,23933368
519,63755772;0,24259107
519,86219915;0,24293841
520,08685304;0,23940188
520,31151939;0,23548364
520,53619819;0,23549505
520,76088944;0,23499382
520,98559313;0,23718651
521,21030926;0,23569440
521,43503783;0,23602453
521,65977883;0,23416235
521,88453226;0,23437872
522,10929811;0,23776172
522,33407639;0,23539831
522,55886708;0,23504514
522,78367018;0,23357019
523,00848568;0,23153697
523,23331360;0,23304063
523,45815391;0,23439607
523,68300662;0,23059714
523,90787172;0,23268746
524,13274920;0,23054034
524,35763907;0,23212352
524,58254132;0,23051160
524,80745595;0,23191272
525,03238294;0,23074535
525,25732230;0,23062006
525,48227403;0,23251086
525,70723812;0,23260191
525,93221456;0,23227738
526,15720335;0,23318834
526,38220449;0,23039804
526,60721797;0,22955501
526,83224379;0,23224314
527,05728194;0,23352436
527,28233243;0,22783512
527,50739524;0,23124079
527,73247037;0,23226017
527,95755782;0,22967457
528,18265759;0,23171352
528,40776967;0,23387204
528,63289405;0,22912228
528,85803074;0,23100735
529,08317972;0,23178748
529,30834100;0,23243093
529,53351457;0,23088201
529,75870043;0,23380927
529,98389856;0,23216327
530,20910898;0,23384349
530,43433166;0,23321120
530,65956662;0,23362711
530,88481385;0,23510771
531,11007333;0,23767057
531,33534507;0,23616109
531,56062907;0,23648022
531,78592532;0,23563188
532,01123381;0,23665683
532,23655454;0,23549495
532,46188751;0,24019344
532,68723271;0,23956125
532,91259015;0,24260800
533,13795980;0,24430542
533,36334168;0,24645236
533,58873578;0,24478934
533,81414209;0,24355935
534,03956060;0,24538750
534,26499133;0,24693058
534,49043425;0,24669703
534,71588937;0,25226696
534,94135668;0,24833754
535,16683618;0,25026820
535,39232787;0,25157788
535,61783174;0,25481845
535,84334778;0,25313832
536,06887599;0,25666355
536,29441638;0,25737549
536,51996892;0,25933450
536,74553363;0,26104876
536,97111050;0,26230734
537,19669951;0,26162979
537,42230068;0,26599202
537,64791398;0,26777474
537,87353943;0,26902188
538,09917702;0,27128867
538,32482673;0,27619196
538,55048857;0,27506434
538,77616254;0,27937544
539,00184863;0,28062839
539,22754683;0,27916463
539,45325714;0,28030938
539,67897956;0,28633488
539,90471409;0,28612416
540,13046071;0,28998524
540,35621943;0,29289530
540,58199024;0,30081163
540,80777314;0,29820921
541,03356812;0,30336318
541,25937518;0,30569224
541,48519431;0,30892718
541,71102552;0,30978701
541,93686879;0,31412689
542,16272412;0,31102306
542,38859152;0,31632512
542,61447097;0,31631364
542,84036246;0,32150773
543,06626601;0,32228211
543,29218160;0,32874011
543,51810922;0,32817634
543,74404888;0,33106387
543,97000058;0,33666785
544,19596429;0,33823397
544,42194003;0,33753899
544,64792779;0,34285827
544,87392756;0,34772208
545,09993934;0,34793260
545,32596313;0,34936232
545,55199892;0,35404910
545,77804671;0,35248305
546,00410649;0,35735233
546,23017826;0,35720992
546,45626202;0,36419197
546,68235775;0,36494932
546,90846547;0,36899302
547,13458516;0,37346333
547,36071682;0,37860632
547,58686044;0,38296896
547,81301603;0,38368620
548,03918357;0,38460880
548,26536307;0,38908511
548,49155451;0,38879463
548,71775790;0,39495093
548,94397323;0,39474029
549,17020050;0,40016778
549,39643970;0,40138072
549,62269083;0,40557797
549,84895388;0,40385257
550,07522886;0,40773058
550,30151575;0,41049281
550,52781456;0,41561274
550,75412527;0,42080079
550,98044789;0,41943445
551,20678240;0,41967915
551,43312882;0,42519763
551,65948713;0,42858567
551,88585732;0,43293713
552,11223940;0,43076733
552,33863336;0,43502136
552,56503919;0,44278947
552,79145690;0,44252182
553,01788648;0,44554633
553,24432792;0,44549483
553,47078122;0,45026718
553,69724637;0,45354191
553,92372338;0,45437929
554,15021223;0,46018815
554,37671293;0,46034184
554,60322547;0,46747205
554,82974984;0,46828065
555,05628604;0,46856523
555,28283408;0,47018303
555,50939393;0,47509768
555,73596561;0,47752922
555,96254909;0,47979636
556,18914440;0,47902739
556,41575150;0,48350339
556,64237041;0,48189151
556,86900112;0,48283167
557,09564363;0,48645339
557,32229792;0,49185820
557,54896401;0,48895358
557,77564187;0,49500763
558,00233152;0,49447783
558,22903293;0,49646566
558,45574612;0,49423307
558,68247108;0,49442115
558,90920780;0,49701794
559,13595627;0,49746796
559,36271650;0,49693231
559,58948848;0,50257655
559,81627221;0,49911932
560,04306768;0,50252488
560,26987489;0,50908594
560,49669383;0,50679642
560,72352450;0,50486562
560,95036690;0,50610151
561,17722102;0,50050894
561,40408685;0,50391443
561,63096440;0,50160260
561,85785366;0,49952927
562,08475463;0,49940406
562,31166730;0,50247387
562,53859166;0,50012168
562,76552772;0,50295217
562,99247547;0,49741667
563,21943490;0,49977451
563,44640601;0,50167633
563,67338881;0,49513281
563,90038327;0,49346396
564,12738940;0,49570252
564,35440720;0,49196658
564,58143666;0,49761008
564,80847778;0,49287748
565,03553055;0,49802605
565,26259497;0,49512167
565,48967103;0,49909081
565,71675873;0,48942061
565,94385807;0,48894814
566,17096905;0,49193207
566,39809165;0,49602127
566,62522587;0,49250734
566,85237172;0,49342426
567,07952918;0,49426184
567,30669826;0,49070791
567,53387894;0,49025225
567,76107123;0,48943212
567,98827512;0,48760403
568,21549060;0,48780311
568,44271767;0,48227331
568,66995634;0,48025153
568,89720658;0,48016034
569,12446841;0,48656170
569,35174181;0,48450026
569,57902679;0,48833867
569,80632333;0,48289404
570,03363143;0,48082702
570,26095110;0,47615110
570,48828232;0,47578121
570,71562509;0,47890204
570,94297941;0,47934613
571,17034527;0,47774598
571,39772267;0,47565003
571,62511161;0,47340591
571,85251208;0,47338340
572,07992407;0,46881590
572,30734759;0,47111108
572,53478263;0,46747772
572,76222918;0,47234685
572,98968724;0,47094063
573,21715681;0,46388399
573,44463788;0,46830364
573,67213045;0,46779073
573,89963452;0,46915210
574,12715007;0,47024562
574,35467712;0,47137295
574,58221564;0,46619624
574,80976564;0,47444278
575,03732712;0,46743755
575,26490007;0,46972148
575,49248448;0,47025694
575,72008036;0,47281391
575,94768769;0,46843469
576,17530648;0,46920887
576,40293671;0,46648673
576,63057840;0,46816097
576,85823152;0,46739225
577,08589608;0,47027406
577,31357208;0,46777376
577,54125951;0,46994355
577,76895836;0,47043335
577,99666863;0,47588360
578,22439032;0,46920883
578,45212343;0,46780806
578,67986794;0,46941946
578,90762386;0,47036499
579,13539118;0,46987507
579,36316989;0,47262041
579,59096000;0,47476180
579,81876150;0,47800216
580,04657439;0,47584942
580,27439865;0,47936352
580,50223429;0,48098076
580,73008131;0,48269491
580,95793969;0,48505273
581,18580944;0,48372557
581,41369055;0,48202847
581,64158301;0,48674968
581,86948683;0,48763220
582,09740200;0,48787162
582,32532851;0,49161909
582,55326636;0,49946118
582,78121555;0,49692666
583,00917606;0,49697236
583,23714791;0,49518965
583,46513108;0,50150564
583,69312558;0,49984808
583,92113138;0,50015592
584,14914850;0,50385188
584,37717693;0,50425086
584,60521666;0,50476890
584,83326769;0,50599936
585,06133002;0,50669384
585,28940364;0,51301537
585,51748854;0,50841389
585,74558473;0,51221794
585,97369220;0,50913711
586,20181094;0,51576033
586,42994096;0,52015118
586,65808224;0,52722466
586,88623479;0,52531095
587,11439859;0,53306181
587,34257365;0,53256674
587,57075997;0,53429228
587,79895752;0,54010111
588,02716633;0,54294295
588,25538637;0,54511289
588,48361764;0,54436649
588,71186015;0,54885999
588,94011388;0,55645728
589,16837883;0,55950988
589,39665501;0,56547795
589,62494239;0,56751137
589,85324099;0,57100242
590,08155080;0,57106496
590,30987180;0,57698797
590,53820401;0,57678863
590,76654741;0,58310457
590,99490200;0,58426635
591,22326778;0,58910121
591,45164473;0,58654452
591,68003287;0,59221109
591,90843218;0,59555969
592,13684266;0,59622030
592,36526431;0,59655061
592,59369711;0,60332198
592,82214108;0,60316243
593,05059620;0,61057155
593,27906246;0,61054325
593,50753988;0,61520754
593,73602843;0,61807213
593,96452813;0,62471258
594,19303895;0,62265678
594,42156091;0,63187695
594,65009399;0,63236149
594,87863819;0,63522550
595,10719351;0,63782831
595,33575994;0,64504980
595,56433748;0,64842116
595,79292613;0,64756150
596,02152587;0,64757232
596,25013672;0,66337640
596,47875865;0,66211770
596,70739168;0,66155407
596,93603579;0,66167368
597,16469098;0,67435660
597,39335724;0,67747689
597,62203458;0,67787588
597,85072299;0,67264779
598,07942246;0,67723833
598,30813299;0,67953338
598,53685458;0,68486935
598,76558722;0,68343997
598,99433091;0,69094594
599,22308564;0,69860603
599,45185141;0,70186941
599,68062822;0,70199449
599,90941606;0,70540038
600,13821493;0,70385134
600,36702482;0,70698891
600,59584573;0,70984223
600,82467766;0,71605568
601,05352060;0,71213174
601,28237455;0,71737692
601,51123949;0,71881783
601,74011544;0,72537269
601,96900239;0,72636379
602,19790032;0,73349968
602,42680925;0,73719602
602,65572915;0,73656352
602,88466004;0,73414312
603,11360190;0,73914936
603,34255473;0,73979269
603,57151853;0,74589780
603,80049329;0,75220785
604,02947901;0,75075006
604,25847568;0,74533971
604,48748331;0,74690022
604,71650188;0,74973613
604,94553140;0,75635368
605,17457185;0,76229415
605,40362324;0,76983981
605,63268555;0,76895716
605,86175880;0,77338789
606,09084296;0,76929325
606,31993805;0,77028975
606,54904405;0,76739636
606,77816096;0,77690732
607,00728877;0,77649156
607,23642749;0,77915714
607,46557710;0,78223213
607,69473761;0,78927710
607,92390901;0,78215812
608,15309130;0,78213539
608,38228446;0,78133267
608,61148851;0,78848543
608,84070342;0,79378194
609,06992921;0,79764872
609,29916586;0,79217018
609,52841338;0,79354246
609,75767175;0,78431675
609,98694097;0,79166904
610,21622105;0,80037672
610,44551196;0,80533117
610,67481372;0,80334960
610,90412632;0,80124228
611,13344975;0,80461943
611,36278401;0,80425526
611,59212909;0,79844014
611,82148500;0,80066725
612,05085172;0,79379887
612,28022925;0,80502377
612,50961760;0,79813299
612,73901674;0,81006925
612,96842669;0,81475709
613,19784743;0,81486492
613,42727897;0,80590090
613,65672130;0,81034291
613,88617441;0,80811623
614,11563829;0,80978460
614,34511296;0,79874233
614,57459840;0,79830932
614,80409460;0,79978469
615,03360157;0,80418693
615,26311930;0,80177185
615,49264779;0,80583255
615,72218703;0,79676037
615,95173701;0,80201132
616,18129774;0,80225045
616,41086921;0,79782524
616,64045141;0,79759750
616,87004435;0,79986411
617,09964801;0,79557574
617,32926240;0,79838915
617,55888750;0,79721601
617,78852332;0,79858835
618,01816986;0,79184576
618,24782710;0,79533095
618,47749504;0,79543334
618,70717368;0,79953356
618,93686302;0,79229551
619,16656305;0,79133299
619,39627376;0,78935662
619,62599516;0,79266583
619,85572723;0,78411719
620,08546998;0,78554694
620,31522341;0,78706160
620,54498749;0,78725540
620,77476224;0,77712377
621,00454765;0,77215792
621,23434372;0,77021003
621,46415043;0,77418529
621,69396779;0,77248827
621,92379579;0,77273297
622,15363443;0,76639435
622,38348371;0,76523251
622,61334361;0,76339313
622,84321414;0,75826153
623,07309530;0,75851793
623,30298707;0,76169573
623,53288945;0,75204886
623,76280244;0,75370009
623,99272604;0,75341516
624,22266024;0,75379083
624,45260504;0,75006671
624,68256044;0,75389943
624,91252642;0,75039665
625,14250299;0,75052223
625,37249013;0,74720177
625,60248786;0,75008356
625,83249616;0,74600595
626,06251503;0,75250987
626,29254446;0,74689436
626,52258446;0,74607402
626,75263501;0,74774867
626,98269611;0,75087524
627,21276777;0,74118799
627,44284996;0,73926878
627,67294270;0,73692792
627,90304598;0,73448511
628,13315979;0,73116474
628,36328412;0,72632383
628,59341899;0,72668828
628,82356437;0,73250277
629,05372027;0,73307806
629,28388668;0,73576664
629,51406360;0,73112451
629,74425102;0,73736226
629,97444894;0,73231898
630,20465736;0,72946407
630,43487627;0,73223157
630,66510567;0,72983848
630,89534556;0,72442393
631,12559592;0,71278117
631,35585676;0,70759718
631,58612807;0,70651814
631,81640985;0,70674037
632,04670209;0,69761009
632,27700479;0,70273131
632,50731795;0,70067969
632,73764156;0,69257656
632,96797562;0,69451457
633,19832012;0,69266408
633,42867505;0,69182081
633,65904043;0,69363091
633,88941623;0,68592375
634,11980247;0,69190843
634,35019912;0,68650282
634,58060620;0,68129771
634,81102369;0,68273155
635,04145159;0,68868433
635,27188989;0,68721827
635,50233860;0,68703700
635,73279771;0,68685354
635,96326722;0,68291712
636,19374711;0,67128423
636,42423739;0,67194509
636,65473805;0,66420225
636,88524909;0,65529345
637,11577051;0,64124205
637,34630230;0,64208368
637,57684445;0,63332337
637,80739696;0,62847893
638,03795984;0,62478682
638,26853306;0,63784408
638,49911664;0,64117482
638,72971056;0,65028502
638,96031483;0,65405902
639,19092943;0,64918410
639,42155436;0,64453538
639,65218963;0,64242635
639,88283522;0,64350993
640,11349113;0,64482654
640,34415737;0,64468544
640,57483391;0,64761712
640,80552076;0,64574924
641,03621792;0,64104820
641,26692538;0,64824522
641,49764314;0,64888555
641,72837119;0,64620231
641,95910953;0,64551322
642,18985815;0,64716423
642,42061706;0,64702878
642,65138624;0,64627536
642,88216570;0,64996456
643,11295542;0,65588294
643,34375541;0,65044594
643,57456566;0,64721577
643,80538617;0,64603628
644,03621693;0,65258075
644,26705794;0,65630619
644,49790919;0,65574671
644,72877068;0,65627945
644,95964241;0,65855596
645,19052437;0,66622785
645,42141656;0,66797890
645,65231897;0,66334631
645,88323161;0,65845663
646,11415446;0,66397508
646,34508752;0,66852974
646,57603079;0,67558187
646,80698426;0,67611951
647,03794794;0,67940999
647,26892181;0,68332063
647,49990587;0,68300714
647,73090011;0,67823445
647,96190455;0,68703334
648,19291916;0,68994957
648,42394395;0,69230161
648,65497890;0,69613418
648,88602403;0,69539429
649,11707932;0,69762632
649,34814477;0,70954057
649,57922037;0,70964865
649,81030613;0,71213778
650,04140203;0,71266146
650,27250807;0,71385152
650,50362426;0,71373203
650,73475058;0,71873791
650,96588703;0,72057773
651,19703360;0,72601055
651,42819030;0,72542400
651,65935712;0,72839111
651,89053405;0,72439870
652,12172110;0,73431991
652,35291825;0,73501401
652,58412550;0,74689997
652,81534285;0,75024299
653,04657029;0,75623443
653,27780783;0,76543195
653,50905545;0,77679380
653,74031315;0,77082509
653,97158093;0,77257891
654,20285879;0,77313708
654,43414671;0,77495974
654,66544470;0,77638374
654,89675276;0,78770494
655,12807087;0,78722134
655,35939903;0,79033614
655,59073725;0,79286500
655,82208551;0,79906654
656,05344381;0,79804162
656,28481214;0,80828153
656,51619052;0,81017796
656,74757892;0,81805975
656,97897735;0,81698369
657,21038579;0,82488800
657,44180426;0,82366948
657,67323274;0,82475758
657,90467122;0,82417054
658,13611972;0,82994550
658,36757821;0,82951283
658,59904670;0,83410275
658,83052518;0,83478658
659,06201365;0,83988880
659,29351211;0,84109610
659,52502055;0,84717893
659,75653896;0,85429178
659,98806735;0,85568146
660,21960570;0,85445134
660,45115402;0,85717926
660,68271230;0,86026606
660,91428054;0,86540310
661,14585873;0,87112629
661,37744686;0,88061460
661,60904494;0,88634383
661,84065296;0,89129814
662,07227092;0,90096865
662,30389881;0,89853693
662,53553663;0,88974329
662,76718437;0,88736297
662,99884203;0,88406578
663,23050960;0,88445299
663,46218709;0,89660033
663,69387449;0,90632202
663,92557178;0,90964796
664,15727898;0,91695481
664,38899608;0,90928335
664,62072306;0,91285998
664,85245993;0,91409005
665,08420669;0,91954596
665,31596332;0,92126584
665,54772983;0,92558258
665,77950621;0,92938704
666,01129246;0,93726899
666,24308857;0,93057703
666,47489454;0,92959181
666,70671037;0,93357840
666,93853604;0,93245667
667,17037156;0,93022991
667,40221693;0,93164793
667,63407213;0,92817961
667,86593717;0,93497968
668,09781204;0,93775318
668,32969673;0,94616463
668,56159125;0,94925667
668,79349559;0,94521896
669,02540974;0,94945026
669,25733370;0,94897799
669,48926746;0,95265110
669,72121103;0,95848277
669,95316440;0,95920617
670,18512756;0,95278208
670,41710051;0,94749136
670,64908324;0,94868169
670,88107576;0,95157516
671,11307806;0,95069228
671,34509012;0,94234353
671,57711196;0,94843123
671,80914357;0,93833403
672,04118493;0,94096483
672,27323606;0,94176207
672,50529693;0,95094840
672,73736756;0,95690569
672,96944793;0,95794765
673,20153804;0,94877298
673,43363789;0,95211072
673,66574747;0,94627827
673,89786679;0,94894380
674,12999582;0,93851038
674,36213458;0,94403467
674,59428305;0,93702427
674,82644124;0,93920517
675,05860914;0,93680172
675,29078674;0,93178449
675,52297404;0,93053744
675,75517104;0,92993362
675,98737773;0,92616354
676,21959410;0,92715471
676,45182017;0,92935850
676,68405591;0,93074224
676,91630133;0,93042327
677,14855642;0,92302588
677,38082118;0,91764962
677,61309560;0,91777480
677,84537969;0,91165242
678,07767343;0,90911829
678,30997682;0,90737529
678,54228986;0,90894714
678,77461254;0,90075804
679,00694487;0,90286502
679,23928682;0,90457899
679,47163842;0,90348038
679,70399963;0,89089388
679,93637047;0,88687292
680,16875094;0,88234581
680,40114101;0,88114405
680,63354070;0,88207821
680,86594999;0,87868359
681,09836889;0,87530651
681,33079739;0,87160477
681,56323548;0,87794326
681,79568316;0,87729446
682,02814043;0,86676968
682,26060729;0,86444057
682,49308372;0,87493645
682,72556973;0,87924744
682,95806530;0,87914501
683,19057045;0,87163301
683,42308516;0,87307442
683,65560942;0,87231657
683,88814324;0,87012422
684,12068661;0,86894521
684,35323953;0,87026645
684,58580199;0,86594949
684,81837398;0,86091508
685,05095551;0,86250998
685,28354658;0,85432025
685,51614716;0,85519176
685,74875727;0,84999795
685,98137690;0,84729294
686,21400604;0,84758869
686,44664469;0,84553864
686,67929285;0,84394958
686,91195051;0,84255426
687,14461767;0,83980932
687,37729432;0,84001444
687,60998046;0,82938181
687,84267608;0,82980286
688,07538119;0,82733738
688,30809577;0,82593602
688,54081983;0,82135704
688,77355336;0,81735976
689,00629635;0,81538908
689,23904880;0,81424974
689,47181071;0,81399369
689,70458208;0,81402780
689,93736289;0,80755261
690,17015314;0,81209710
690,40295284;0,81362306
690,63576198;0,81497910
690,86858054;0,81588992
691,10140854;0,80915271
691,33424596;0,80457382
691,56709280;0,80279164
691,79994906;0,79907244
692,03281473;0,79442516
692,26568981;0,79614529
692,49857429;0,79410646
692,73146817;0,79420918
692,96437145;0,78560962
693,19728413;0,78435644
693,43020619;0,78459005
693,66313763;0,79058119
693,89607845;0,79275082
694,12902865;0,79396379
694,36198822;0,78988035
694,59495716;0,78960747
694,82793547;0,77917968
695,06092313;0,77285788
695,29392015;0,76889983
695,52692652;0,77482298
695,75994223;0,77390052
695,99296729;0,77809206
696,22600169;0,77894032
696,45904543;0,77837110
696,69209850;0,77755094
696,92516089;0,77833672
697,15823261;0,77277823
697,39131364;0,77745416
697,62440399;0,77143448
697,85750366;0,77815491
698,09061262;0,77410533
698,32373090;0,77092193
698,55685847;0,76866090
698,78999533;0,76732832
699,02314149;0,76348445
699,25629693;0,75075028
699,48946166;0,75231606
699,72263566;0,75215088
699,95581894;0,74605709
700,18901149;0,74950816
700,42221330;0,74946852
700,65542438;0,75279445
700,88864471;0,75651315
701,12187430;0,76318807
701,35511314;0,75708855
701,58836123;0,75802281
701,82161856;0,75596637
702,05488512;0,75437202
702,28816092;0,74926903
702,52144595;0,74869392
702,75474021;0,74457642
702,98804368;0,74699707
703,22135638;0,74663246
703,45467828;0,75467371
703,68800940;0,74719609
703,92134972;0,74781132
704,15469925;0,74297645
704,38805797;0,74924072
704,62142589;0,74766316
704,85480299;0,74608586
705,08818928;0,73834042
705,32158475;0,74228136
705,55498940;0,73694524
705,78840322;0,74063607
706,02182620;0,74173459
706,25525836;0,74709354
706,48869967;0,74331798
706,72215015;0,73896135
706,95560977;0,74101697
707,18907854;0,73900688
707,42255646;0,73647809
707,65604352;0,74053900
707,88953971;0,74048182
708,12304504;0,73693955
708,35655949;0,73216707
708,59008307;0,73257673
708,82361577;0,73621613
709,05715759;0,73725850
709,29070852;0,72958169
709,52426855;0,73303269
709,75783769;0,73594289
709,99141593;0,74042469
710,22500327;0,73679730
710,45859969;0,74104568
710,69220521;0,74110270
710,92581981;0,74783397
711,15944349;0,74385323
711,39307624;0,74743000
711,62671807;0,74641039
711,86036896;0,75220220
712,09402892;0,74795953
712,32769793;0,75350083
712,56137600;0,75297092
712,79506312;0,75739008
713,02875929;0,75681501
713,26246451;0,76031772
713,49617876;0,76007838
713,72990204;0,75816543
713,96363436;0,75924113
714,19737571;0,76695262
714,43112607;0,76528344
714,66488546;0,76279518
714,89865386;0,76788084
715,13243127;0,77387158
715,36621769;0,77175369
715,60001311;0,77223753
715,83381753;0,77151380
716,06763094;0,77565998
716,30145334;0,77294891
716,53528473;0,77983475
716,76912510;0,77999414
717,00297445;0,78242011
717,23683278;0,78664055
717,47070007;0,79563824
717,70457633;0,79001734
717,93846155;0,79500608
718,17235573;0,79171418
718,40625887;0,79737511
718,64017095;0,79539914
718,87409198;0,79686850
719,10802195;0,79759182
719,34196086;0,79411238
719,57590870;0,78813230
719,80986547;0,79145827
720,04383117;0,79353114
720,27780579;0,79717027
720,51178932;0,79933985
720,74578177;0,80492722
720,97978313;0,80361141
721,21379339;0,80917019
721,44781255;0,80747853
721,68184062;0,80763775
721,91587757;0,80921511
722,14992341;0,81648811
722,38397814;0,81379428
722,61804175;0,81681836
722,85211423;0,81910785
723,08619559;0,82247329
723,32028582;0,82713769
723,55438491;0,82654551
723,78849286;0,83164849
724,02260966;0,82929039
724,25673532;0,83197297
724,49086983;0,83410853
724,72501318;0,82692692
724,95916538;0,82459792
725,19332640;0,82266716
725,42749627;0,82948393
725,66167495;0,83822626
725,89586247;0,84342556
726,13005880;0,84216708
726,36426395;0,84248581
726,59847791;0,83729193
726,83270067;0,83577162
727,06693225;0,83796425
727,30117262;0,84728705
727,53542178;0,84784476
727,76967974;0,85026570
728,00394648;0,84955919
728,23822201;0,85343743
728,47250632;0,85955971
728,70679940;0,87220812
728,94110126;0,86999920
729,17541188;0,86375111
729,40973126;0,86546571
729,64405941;0,86756704
729,87839630;0,86487287
730,11274195;0,86856402
730,34709635;0,87158209
730,58145949;0,87837039
730,81583137;0,88345623
731,05021198;0,89027899
731,28460132;0,88426475
731,51899939;0,88550647
731,75340618;0,87797165
731,98782169;0,87888303
732,22224591;0,88104721
732,45667885;0,88864449
732,69112049;0,89596268
732,92557083;0,90040477
733,16002987;0,90452227
733,39449761;0,90514275
733,62897403;0,89971568
733,86345914;0,90479560
734,09795294;0,90551905
734,33245541;0,90511439
734,56696655;0,90658388
734,80148637;0,90956243
735,03601485;0,90823523
735,27055199;0,91056484
735,50509779;0,90565538
735,73965224;0,91373130
735,97421534;0,91210796
736,20878709;0,91363436
736,44336748;0,91047373
736,67795650;0,91473919
736,91255416;0,91501286
737,14716045;0,91879975
737,38177536;0,91658421
737,61639889;0,92033176
737,85103105;0,92313383
738,08567181;0,92394238
738,32032118;0,92593548
738,55497916;0,93045755
738,78964574;0,92508163
739,02432091;0,92904536
739,25900468;0,92893083
739,49369703;0,93121536
739,72839797;0,92725137
739,96310749;0,92387393
740,19782559;0,91819057
740,43255226;0,91680692
740,66728750;0,91882817
740,90203130;0,91436917
741,13678366;0,91256933
741,37154458;0,91989301
741,60631405;0,92084980
741,84109207;0,91790549
742,07587863;0,91462523
742,31067373;0,91947773
742,54547737;0,92021780
742,78028953;0,92173298
743,01511023;0,91729085
743,24993945;0,91845251
743,48477719;0,91637930
743,71962345;0,91685228
743,95447821;0,91665287
744,18934149;0,91946627
744,42421326;0,91761504
744,65909354;0,92439256
744,89398231;0,91494424
745,12887957;0,91907331
745,36378532;0,91392488
745,59869955;0,91172084
745,83362227;0,91121394
746,06855345;0,91186894
746,30349311;0,90875922
746,53844123;0,91341800
746,77339782;0,90894171
747,00836287;0,90944261
747,24333636;0,90442581
747,47831832;0,91215365
747,71330871;0,91365156
747,94830755;0,90869648
748,18331483;0,90348044
748,41833054;0,90052450
748,65335468;0,90353701
748,88838725;0,90718786
749,12342824;0,90571859
749,35847765;0,90100283
749,59353547;0,89391275
749,82860170;0,88908837
750,06367634;0,88614425
750,29875938;0,88537557
750,53385082;0,88493138
750,76895065;0,88609310
751,00405887;0,88495931
751,23917548;0,87794917
751,47430047;0,88445885
751,70943383;0,87617777
751,94457557;0,88540381
752,17972568;0,88412801
752,41488416;0,88928210
752,65005099;0,88159417
752,88522618;0,87660495
753,12040973;0,87222548
753,35560162;0,87149698
753,59080186;0,86443502
753,82601044;0,86766373
754,06122736;0,86053944
754,29645261;0,85391595
754,53168619;0,84611383
754,76692809;0,84511718
755,00217832;0,84177410
755,23743686;0,83724659
755,47270371;0,83685946
755,70797887;0,83009368
755,94326234;0,82832796
756,17855410;0,83360188
756,41385417;0,83399472
756,64916252;0,83067452
756,88447917;0,82395987
757,11980409;0,81565068
757,35513730;0,81246153
757,59047878;0,81122007
757,82582854;0,81618038
758,06118656;0,80979657
758,29655285;0,81144204
758,53192740;0,81202849
758,76731020;0,80977365
759,00270125;0,80100908
759,23810055;0,79441395
759,47350810;0,79273380
759,70892388;0,78244295
759,94434790;0,78062065
760,17978015;0,77673662
760,41522063;0,77751683
760,65066934;0,78177129
760,88612626;0,78458986
761,12159139;0,77592779
761,35706474;0,77976592
761,59254629;0,77215208
761,82803605;0,76950383
762,06353401;0,76361544
762,29904016;0,75920703
762,53455450;0,74863726
762,77007703;0,74916681
763,00560774;0,74943443
763,24114663;0,75498141
763,47669369;0,74604606
763,71224893;0,74410386
763,94781233;0,73699044
764,18338389;0,72863019
764,41896362;0,72188741
764,65455149;0,72409132
764,89014752;0,72442749
765,12575169;0,73085134
765,36136400;0,73492911
765,59698446;0,73375597
765,83261304;0,72696748
766,06824976;0,72834570
766,30389460;0,71701262
766,53954756;0,71581026
766,77520865;0,71079903
767,01087784;0,70800893
767,24655515;0,70710294
767,48224056;0,70379403
767,71793407;0,70669288
767,95363568;0,70603252
768,18934538;0,70845853
768,42506317;0,70346965
768,66078905;0,69799664
768,89652301;0,69598051
769,13226504;0,68755738
769,36801515;0,68358246
769,60377333;0,67690210
769,83953957;0,67283591
770,07531387;0,67035245
770,31109623;0,67289281
770,54688665;0,66615545
770,78268511;0,66153113
771,01849161;0,65874637
771,25430616;0,65520388
771,49012874;0,65312509
771,72595936;0,65400796
771,96179800;0,65173594
772,19764467;0,65359243
772,43349936;0,65032332
772,66936207;0,65008414
772,90523278;0,64655296
773,14111151;0,64476500
773,37699824;0,64258901
773,61289297;0,64291952
773,84879569;0,64069293
774,08470641;0,64145049
774,32062512;0,64416113
774,55655180;0,64273183
774,79248647;0,64172374
775,02842912;0,64094883
775,26437973;0,63415479
775,50033832;0,63271405
775,73630486;0,63639894
775,97227937;0,63600602
776,20826183;0,63007155
776,44425224;0,62359069
776,68025060;0,62419414
776,91625691;0,62448463
777,15227115;0,62660896
777,38829333;0,62127256
777,62432344;0,61727488
777,86036147;0,61546340
778,09640743;0,61183616
778,33246131;0,61294633
778,56852310;0,60695535
778,80459280;0,60684143
779,04067041;0,60479671
779,27675592;0,60564543
779,51284933;0,60662513
779,74895064;0,60980277
779,98505984;0,61705279
780,22117692;0,61819186
780,45730188;0,61571450
780,69343472;0,61347055
780,92957544;0,60988852
781,16572403;0,60103818
781,40188048;0,59155024
781,63804479;0,58343486
781,87421697;0,57906078
782,11039699;0,58212485
782,34658487;0,58131046
782,58278059;0,58165239
782,81898416;0,58521160
783,05519556;0,58407825
783,29141479;0,58716531
783,52764186;0,58233011
783,76387675;0,58053614
784,00011946;0,57811542
784,23636999;0,57463577
784,47262833;0,57648690
784,70889448;0,57586577
784,94516844;0,57984710
785,18145020;0,58331512
785,41773975;0,58309298
785,65403710;0,58528552
785,89034224;0,58230164
786,12665516;0,58108257
786,36297586;0,57951639
786,59930434;0,57728971
786,83564059;0,58018872
787,07198461;0,57878179
787,30833640;0,57326353
787,54469594;0,57141803
787,78106325;0,57047859
788,01743830;0,56617878
788,25382110;0,56732908
788,49021165;0,56765953
788,72660994;0,57048411
788,96301596;0,56875315
789,19942972;0,57209591
789,43585120;0,56821755
789,67228041;0,56630995
789,90871734;0,56621293
790,14516198;0,56373013
790,38161434;0,56457252
790,61807440;0,56075691
790,85454217;0,55629771
791,09101764;0,55554623
791,32750080;0,55181013
791,56399165;0,54906479
791,80049019;0,54587041
792,03699642;0,55087620
792,27351032;0,55059150
792,51003190;0,54670745
792,74656115;0,54946366
792,98309807;0,54862109
793,21964265;0,54411624
793,45619489;0,54310812
793,69275479;0,54028901
793,92932234;0,53688882
794,16589753;0,53944608
794,40248036;0,54219679
794,63907084;0,54742502
794,87566895;0,54262967
795,11227469;0,53881951
795,34888806;0,53505515
795,58550905;0,53463950
795,82213765;0,53714533
796,05877388;0,53190001
796,29541771;0,53296491
796,53206915;0,53216798
796,76872819;0,53328420
797,00539483;0,53558482
797,24206906;0,53441743
797,47875088;0,53119397
797,71544029;0,53093206
797,95213729;0,53021426
798,18884186;0,53050517
798,42555400;0,53175215
798,66227371;0,53230997
798,89900099;0,53088083
799,13573583;0,52850573
799,37247823;0,52114206
799,60922818;0,52025936
799,84598568;0,51861903
800,08275073;0,52240644
800,31952332;0,52161471
800,55630344;0,52479267
800,79309110;0,52084049
801,02988629;0,52086886
801,26668900;0,51848257
801,50349923;0,51641540
801,74031698;0,51860234
801,97714225;0,51920590
802,21397502;0,51721269
802,45081530;0,51389241
802,68766308;0,51634130
802,92451835;0,51695632
803,16138112;0,51843709
803,39825138;0,52188255
803,63512912;0,51845979
803,87201434;0,51821474
804,10890704;0,52084010
804,34580721;0,51546996
804,58271485;0,51643800
804,81962995;0,51613047
805,05655251;0,51539595
805,29348253;0,51220679
805,53042000;0,51405188
805,76736492;0,51384126
806,00431728;0,51118113
806,24127709;0,50777043
806,47824433;0,50684751
806,71521900;0,50724044
806,95220109;0,51005374
807,18919062;0,51266804
807,42618756;0,51914883
807,66319192;0,51743481
807,90020368;0,51776527
808,13722286;0,52027082
808,37424944;0,52283913
808,61128342;0,51941103
808,84832479;0,51560641
809,08537356;0,51385832
809,32242971;0,51508277
809,55949325;0,51381866
809,79656416;0,51495158
810,03364245;0,51713875
810,27072811;0,51711013
810,50782114;0,52133571
810,74492153;0,52052162
810,98202928;0,52067520
811,21914438;0,50980333
811,45626683;0,51447332
811,69339663;0,51340835
811,93053378;0,51570341
812,16767826;0,51315208
812,40483008;0,51231489
812,64198922;0,51705872
812,87915569;0,51712724
813,11632949;0,51447307
813,35351060;0,51530482
813,59069903;0,51288405
813,82789477;0,51160290
814,06509781;0,51443906
814,30230815;0,51824342
814,53952580;0,51995209
814,77675073;0,52336900
815,01398296;0,52191107
815,25122247;0,51754280
815,48846926;0,51864189
815,72572333;0,52219015
815,96298468;0,52617091
816,20025329;0,52827216
816,43752917;0,52738405
816,67481231;0,52957657
816,91210271;0,52552729
817,14940036;0,52439992
817,38670526;0,52897268
817,62401741;0,52727026
817,86133679;0,52800467
818,09866342;0,52540214
818,33599727;0,52712771
818,57333836;0,52537935
818,81068667;0,52226986
819,04804220;0,52123930
819,28540495;0,51823199
819,52277491;0,52025927
819,76015207;0,52125618
819,99753645;0,52445677
820,23492802;0,52228691
820,47232679;0,52443411
820,70973275;0,52760618
820,94714590;0,53613171
821,18456624;0,53343215
821,42199375;0,53354037
821,65942844;0,53154110
821,89687031;0,53582429
822,13431934;0,53876268
822,37177553;0,54136530
822,60923889;0,53839263
822,84670940;0,54031209
823,08418706;0,54015241
823,32167187;0,54495909
823,55916382;0,54326768
823,79666291;0,54433230
824,03416914;0,53907604
824,27168250;0,54150216
824,50920299;0,54043140
824,74673060;0,53989590
824,98426533;0,54031192
825,22180717;0,54588712
825,45935613;0,54701497
825,69691219;0,54434950
825,93447536;0,54662781
826,17204563;0,54721996
826,40962299;0,55051157
826,64720744;0,55493655
826,88479897;0,55498808
827,12239759;0,55745993
827,36000329;0,55551758
827,59761607;0,55345595
827,83523591;0,54854675
828,07286282;0,55083062
828,31049680;0,54945808
828,54813783;0,54860953
828,78578591;0,54587597
829,02344105;0,54369434
829,26110323;0,54343274
829,49877246;0,54006689
829,73644872;0,54130250
829,97413202;0,54006123
830,21182234;0,54408773
830,44951970;0,54385969
830,68722407;0,54795467
830,92493546;0,54510700
831,16265387;0,54416743
831,40037928;0,54803428
831,63811171;0,54383139
831,87585113;0,54549442
832,11359755;0,54415013
832,35135096;0,54114323
832,58911137;0,54459458
832,82687875;0,54124577
833,06465312;0,53697464
833,30243447;0,53729369
833,54022279;0,53592103
833,77801808;0,53680942
834,01582034;0,53689482
834,25362955;0,53716228
834,49144572;0,53910449
834,72926885;0,54404769
834,96709892;0,54442948
835,20493594;0,54493612
835,44277990;0,53824993
835,68063080;0,53339229
835,91848862;0,53421811
836,15635338;0,53517483
836,39422506;0,52852873
836,63210366;0,52803312
836,86998918;0,52950200
837,10788161;0,52983279
837,34578095;0,52583495
837,58368719;0,52454187
837,82160034;0,51924567
838,05952038;0,52154680
838,29744731;0,52064098
838,53538112;0,52519152
838,77332183;0,52688869
839,01126941;0,53172367
839,24922387;0,53096626
839,48718520;0,53239000
839,72515340;0,52421170
839,96312846;0,52432592
840,20111038;0,52360281
840,43909915;0,52431439
840,67709478;0,52203046
840,91509725;0,51999198
841,15310657;0,51066336
841,39112273;0,51233205
841,62914572;0,51127846
841,86717555;0,51005959
842,10521220;0,50864712
842,34325567;0,50939328
842,58130596;0,50439875
842,81936307;0,50839615
843,05742699;0,50774757
843,29549771;0,50486559
843,53357524;0,49753619
843,77165957;0,49446077
844,00975069;0,49140831
844,24784860;0,49042295
844,48595329;0,48623729
844,72406477;0,48858351
844,96218303;0,48610616
845,20030807;0,48275754
845,43843987;0,48250112
845,67657844;0,48682380
845,91472377;0,48232463
846,15287586;0,47535984
846,39103470;0,47014311
846,62920029;0,47402118
846,86737263;0,46862834
847,10555171;0,46964752
847,34373753;0,47053590
847,58193008;0,46850834
847,82012936;0,46433390
848,05833537;0,46462468
848,29654810;0,46256272
848,53476755;0,46173728
848,77299371;0,46092815
849,01122658;0,46369588
849,24946615;0,46120723
849,48771242;0,45978924
849,72596540;0,45338810
849,96422506;0,45189590
850,20249142;0,44463474
850,44076446;0,44576817
850,67904418;0,44458320
850,91733058;0,44260720
851,15562365;0,43456036
851,39392338;0,43721970
851,63222979;0,43231605
851,87054285;0,43515814
852,10886257;0,43108605
852,34718895;0,43381954
852,58552197;0,42989032
852,82386164;0,43126266
853,06220794;0,42658138
853,30056088;0,42811350
853,53892046;0,42373947
853,77728666;0,42545362
854,01565949;0,42801098
854,25403894;0,42304455
854,49242500;0,41881883
854,73081768;0,41801592
854,96921696;0,41124457
855,20762285;0,40803835
855,44603533;0,41318106
855,68445442;0,40766785
855,92288009;0,40636970
856,16131235;0,40533891
856,39975120;0,40320320
856,63819662;0,40433678
856,87664862;0,40123833
857,11510719;0,40042395
857,35357233;0,40148305
857,59204403;0,39978607
857,83052229;0,39662573
858,06900711;0,39377199
858,30749848;0,39246807
858,54599639;0,39685311
858,78450085;0,39452950
859,02301184;0,39060011
859,26152937;0,38912501
859,50005344;0,38749029
859,73858402;0,38569666
859,97712113;0,38645981
860,21566476;0,38357242
860,45421491;0,38374892
860,69277156;0,37945484
860,93133472;0,38086714
861,16990439;0,37940350
861,40848055;0,37972833
861,64706320;0,37535437
861,88565235;0,37406724
862,12424798;0,37016627
862,36285009;0,36438000
862,60145869;0,36394157
862,84007375;0,36264297
863,07869529;0,35998925
863,31732329;0,36026263
863,55595775;0,35440236
863,79459867;0,35490901
864,03324605;0,35742062
864,27189987;0,35534780
864,51056014;0,35373031
864,74922685;0,35310374
864,98790000;0,35137810
865,22657958;0,35548426
865,46526559;0,35553550
865,70395803;0,35250567
865,94265689;0,34829156
866,18136216;0,34342768
866,42007385;0,33980565
866,65879195;0,34173664
866,89751645;0,33424731
867,13624735;0,33341561
867,37498465;0,32879714
867,61372834;0,33149654
867,85247842;0,32881446
868,09123489;0,32478206
868,32999773;0,32305657
868,56876696;0,32011241
868,80754255;0,31533431
869,04632451;0,31553335
869,28511284;0,31442856
869,52390753;0,31585797
869,76270857;0,31464498
870,00151597;0,31510058
870,24032971;0,31425188
870,47914980;0,31361433
870,71797623;0,31069256
870,95680899;0,31519746
871,19564809;0,31668389
871,43449352;0,31125641
871,67334526;0,31188860
871,91220333;0,30336328
872,15106771;0,30431982
872,38993841;0,30273657
872,62881541;0,30053830
872,86769872;0,29696184
873,10658832;0,29418248
873,34548422;0,29120996
873,58438641;0,28967198
873,82329489;0,29015056
874,06220965;0,28892040
874,30113070;0,28616966
874,54005801;0,28561151
874,77899160;0,28128897
875,01793145;0,27864089
875,25687757;0,27338438
875,49582995;0,27071913
875,73478858;0,27382859
875,97375346;0,27198899
876,21272459;0,27053124
876,45170196;0,26650464
876,69068557;0,26721647
876,92967541;0,26669818
877,16867148;0,26501249
877,40767378;0,26810482
877,64668231;0,26821314
877,88569705;0,26764940
878,12471800;0,26363982
878,36374517;0,26209671
878,60277854;0,25932882
878,84181811;0,25780834
879,08086388;0,25857113
879,31991585;0,25594582
879,55897400;0,25689695
879,79803834;0,25410671
880,03710886;0,25436299
880,27618556;0,25381017
880,51526844;0,25266550
880,75435748;0,25170880
880,99345269;0,25084325
881,23255406;0,25086585
881,47166159;0,24613922
881,71077527;0,24464692
881,94989510;0,24476093
882,18902107;0,24510268
882,42815319;0,24464136
882,66729144;0,24130962
882,90643583;0,23765339
883,14558634;0,23909999
883,38474298;0,23784707
883,62390574;0,23991443
883,86307462;0,23853036
884,10224961;0,23675343
884,34143071;0,23383781
884,58061791;0,23296652
884,81981121;0,23072254
885,05901061;0,23211221
885,29821611;0,23157087
885,53742769;0,23366705
885,77664535;0,23352458
886,01586910;0,23208930
886,25509892;0,23167931
886,49433482;0,22946975
886,73357678;0,22966335
886,97282480;0,22827945
887,21207889;0,22722597
887,45133903;0,22465175
887,69060522;0,22583639
887,92987747;0,22652529
888,16915575;0,22580781
888,40844008;0,22305678
888,64773044;0,22341002
888,88702683;0,22320512
889,12632925;0,21971987
889,36563769;0,22219693
889,60495215;0,21809670
889,84427263;0,22059107
890,08359912;0,22022089
890,32293161;0,21717964
890,56227011;0,21765252
890,80161461;0,21496435
891,04096510;0,21244691
891,28032159;0,21121130
891,51968406;0,21235049
891,75905251;0,21427530
891,99842694;0,21110876
892,23780735;0,20974203
892,47719373;0,20732150
892,71658607;0,20765760
892,95598438;0,20525417
893,19538864;0,20609146
893,43479886;0,20317000
893,67421503;0,20362547
893,91363715;0,20459930
894,15306521;0,20230982
894,39249920;0,20055000
894,63193914;0,20148978
894,87138500;0,20026536
895,11083678;0,19622183
895,35029449;0,19794192
895,58975812;0,19720138
895,82922766;0,19890434
896,06870311;0,19827789
896,30818447;0,19696794
896,54767172;0,19716732
896,78716488;0,19234927
897,02666393;0,18857898
897,26616886;0,18790158
897,50567969;0,18921695
897,74519639;0,19091960
897,98471898;0,18982065
898,22424743;0,19122723
898,46378176;0,19025924
898,70332195;0,18840260
898,94286800;0,18537285
899,18241990;0,18326564
899,42197767;0,18335651
899,66154128;0,18487150
899,90111073;0,18087345
900,14068602;0,18025851
900,38026716;0,18200712
900,61985412;0,17876662
900,85944691;0,17763905
901,09904553;0,17815720
901,33864997;0,18031552
901,57826023;0,17929624
901,81787629;0,17881776
902,05749817;0,17644880
902,29712585;0,17683587
902,53675933;0,17631192
902,77639860;0,17122048
903,01604367;0,17103270
903,25569453;0,17026949
903,49535117;0,17262147
903,73501359;0,17137991
903,97468178;0,17274123
904,21435575;0,17032644
904,45403548;0,16999614
904,69372098;0,17008168
904,93341224;0,16831016
905,17310926;0,17069668
905,41281202;0,16923299
905,65252053;0,16622597
905,89223479;0,16706332
906,13195478;0,16649371
906,37168052;0,16480790
906,61141198;0,16538867
906,85114917;0,16570223
907,09089208;0,16219396
907,33064071;0,16256414
907,57039505;0,15992149
907,81015511;0,15916413
908,04992088;0,15790554
908,28969234;0,15730196
908,52946951;0,15845232
908,76925237;0,15922103
909,00904092;0,15995013
909,24883515;0,16292279
909,48863507;0,16311085
909,72844067;0,15980204
909,96825194;0,15881668
910,20806889;0,15805337
910,44789149;0,15526871
910,68771977;0,15490419
910,92755369;0,15576412
911,16739328;0,15379944
911,40723851;0,15030831
911,64708939;0,15082668
911,88694591;0,15098038
912,12680807;0,15360011
912,36667586;0,15312740
912,60654928;0,15371966
912,84642833;0,15418098
913,08631300;0,15737589
913,32620329;0,15170363
913,56609919;0,15429481
913,80600070;0,15365683
914,04590781;0,15277994
914,28582053;0,15464239
914,52573884;0,15363422
914,76566275;0,15102588
915,00559225;0,14837769
915,24552733;0,14590038
915,48546799;0,14997794
915,72541423;0,14855976
915,96536604;0,14849725
916,20532342;0,14901551
916,44528637;0,14512570
916,68525488;0,14496060
916,92522894;0,14362244
917,16520855;0,14239796
917,40519372;0,14190224
917,64518443;0,14127608
917,88518068;0,14072913
918,12518246;0,14128173
918,36518978;0,14264287
918,60520263;0,14106526
918,84522100;0,14159491
919,08524489;0,13998905
919,32527429;0,13772797
919,56530921;0,13674821
919,80534964;0,13674846
920,04539557;0,13450438
920,28544700;0,13530754
920,52550392;0,13154305
920,76556634;0,13143495
921,00563425;0,13325731
921,24570764;0,13466961
921,48578650;0,13587145
921,72587085;0,13456147
921,96596066;0,13516522
922,20605595;0,13415707
922,44615669;0,13270498
922,68626290;0,13487474
922,92637456;0,13263668
923,16649167;0,13168554
923,40661423;0,12841642
923,64674223;0,12779008
923,88687567;0,12546083
924,12701454;0,12308012
924,36715885;0,12627527
924,60730858;0,12220330
924,84746374;0,12295501
925,08762431;0,12248806
925,32779030;0,12047179
925,56796170;0,11907657
925,80813851;0,11799441
926,04832072;0,11655363
926,28850832;0,11697513
926,52870133;0,11587589
926,76889972;0,11697508
927,00910349;0,11826785
927,24931265;0,11932143
927,48952719;0,12066560
927,72974710;0,11986259
927,96997239;0,12103002
928,21020303;0,11837050
928,45043904;0,11801153
928,69068041;0,11377448
928,93092713;0,11510143
929,17117920;0,11360363
929,41143662;0,11161609
929,65169938;0,11233367
929,89196747;0,11113771
930,13224090;0,10949193
930,37251966;0,10810234
930,61280374;0,10458261
930,85309315;0,10580702
931,09338787;0,10385936
931,33368790;0,10432060
931,57399325;0,10338101
931,81430390;0,10388784
932,05461985;0,10343235
932,29494109;0,10202560
932,53526763;0,09944579
932,77559946;0,10195166
933,01593657;0,09865970
933,25627897;0,09784540
933,49662664;0,09803327
933,73697958;0,09581219
933,97733779;0,09643870
934,21770127;0,09524282
934,45807001;0,09396706
934,69844400;0,09272551
934,93882324;0,09285081
935,17920774;0,08929149
935,41959747;0,08806696
935,65999245;0,08660332
935,90039266;0,08572635
936,14079811;0,08175687
936,38120878;0,08294147
936,62162468;0,07963271
936,86204580;0,07933070
937,10247213;0,07582255
937,34290367;0,07445003
937,58334043;0,07077682
937,82378238;0,07209804
938,06422954;0,06352693
938,30468189;0,06389716
938,54513943;0,05841853
938,78560216;0,05963143
939,02607007;0,05493889
939,26654316;0,05420412
939,50702143;0,05199442
939,74750486;0,04948854
939,98799347;0,04527425
940,22848724;0,04469908
940,46898616;0,03994949
940,70949024;0,03825232
940,94999948;0,03416319
941,19051386;0,03430553
941,43103338;0,02949896
941,67155804;0,03198214
941,91208783;0,02608183
942,15262276;0,02691912
942,39316281;0,02468660
942,63370798;0,02589971
942,87425828;0,02204994
943,11481368;0,02435066
943,35537420;0,02037549
943,59593982;0,02188460
943,83651055;0,01956673
944,07708637;0,02109875
944,31766729;0,01927633
944,55825329;0,02077990
944,79884439;0,01706098
945,03944056;0,01782424
945,28004181;0,01706656
945,52064814;0,01786398
945,76125953;0,01581369
946,00187600;0,01786963
946,24249752;0,01395713
946,48312410;0,01643460
946,72375573;0,01341609
946,96439241;0,01506778
947,20503414;0,01448118
947,44568091;0,01703253
947,68633272;0,01533532
947,92698956;0,01621802
948,16765142;0,01718621
948,40831832;0,01751091
948,64899023;0,01707809
948,88966716;0,01802916
949,13034911;0,01621238
949,37103606;0,01730012
949,61172802;0,01518159
949,85242498;0,01862134
950,09312693;0,01626938
950,33383388;0,01833663
950,57454581;0,01636614
950,81526273;0,01749379
951,05598463;0,01672494
951,29671151;0,02052354
951,53744336;0,01891761
951,77818017;0,02043246
952,01892195;0,02093369
952,25966870;0,02158286
952,50042039;0,02154864
952,74117704;0,02250549
952,98193864;0,02167404
953,22270518;0,02433917
953,46347666;0,02228330
953,70425307;0,02576312
953,94503442;0,02411716
954,18582070;0,02604780
954,42661189;0,02457286
954,66740801;0,02713554
954,90820904;0,02486896
955,14901499;0,02655465
955,38982584;0,02639518
955,63064160;0,02864468
955,87146225;0,02712410
956,11228780;0,02961860
956,35311824;0,02806383
956,59395357;0,03087146
956,83479378;0,02978370
957,07563887;0,03300718
957,31648883;0,03247177
957,55734366;0,03448214
957,79820336;0,03304129
958,03906793;0,03594581
958,27993735;0,03396389
958,52081163;0,03610532
958,76169076;0,03481812
959,00257473;0,03799022
959,24346354;0,03540477
959,48435720;0,03773409
959,72525569;0,03579202
959,96615901;0,03888441
960,20706715;0,03506307
960,44798012;0,04002921
960,68889790;0,03777387
960,92982050;0,04032536
961,17074791;0,03835477
961,41168012;0,04080946
961,65261714;0,03849709
961,89355895;0,03871354
962,13450556;0,03758017
962,37545696;0,03937425
962,61641314;0,03933434
962,85737410;0,04098024
963,09833984;0,03907805
963,33931036;0,04177750
963,58028564;0,04142434
963,82126569;0,04141301
964,06225050;0,03849143
964,30324007;0,03978424
964,54423439;0,03804729
964,78523346;0,03808150
965,02623727;0,03661786
965,26724583;0,03955068
965,50825912;0,03783666
965,74927714;0,03999491
965,99029990;0,04018872
966,23132737;0,04074106
966,47235957;0,03863954
966,71339649;0,04026830
966,95443811;0,03779098
967,19548445;0,03883885
967,43653549;0,03777385
967,67759123;0,03903819
967,91865167;0,03699936
968,15971679;0,03856550
968,40078661;0,03689119
968,64186111;0,03957351
968,88294029;0,03651531
969,12402415;0,03748910
969,36511268;0,03736968
969,60620587;0,03681143
969,84730373;0,03465881
970,08840625;0,03864517
970,32951343;0,03496044
970,57062526;0,03656658
970,81174173;0,03603110
971,05286285;0,03785373
971,29398861;0,03715881
971,53511900;0,03982420
971,77625402;0,03705064
972,01739367;0,04064422
972,25853795;0,03783091
972,49968684;0,03963048
972,74084035;0,03881613
972,98199847;0,03973302
973,22316119;0,03799031
973,46432852;0,04086063
973,70550045;0,03720435
973,94667697;0,03946534
974,18785809;0,03809279
974,42904379;0,03950526
974,67023407;0,03652107
974,91142893;0,03844587
975,15262837;0,03636725
975,39383237;0,03778525
975,63504094;0,03619651
975,87625408;0,03618508
976,11747177;0,03287613
976,35869402;0,03474982
976,59992081;0,03037042
976,84115216;0,03132150
977,08238804;0,02964137
977,32362846;0,03017671
977,56487342;0,02810934
977,80612291;0,02974396
978,04737692;0,02835429
978,28863545;0,02930531
978,52989850;0,02810937
978,77116607;0,02829168
979,01243814;0,02769377
979,25371472;0,03008564
979,49499581;0,02863900
979,73628138;0,02977242
979,97757146;0,02737471
980,21886602;0,02929967
980,46016506;0,02727784
980,70146859;0,02827459
980,94277660;0,02713566
981,18408907;0,02690207
981,42540602;0,02615599
981,66672743;0,02740887
981,90805330;0,02574022
982,14938363;0,02539290
982,39071841;0,02393489
982,63205764;0,02474929
982,87340132;0,02228897
983,11474943;0,02266492
983,35610198;0,02130379
983,59745897;0,02240849
983,83882038;0,02004516
984,08018622;0,02077982
984,32155647;0,01952696
984,56293115;0,01913393
984,80431023;0,01924796
985,04569372;0,01932774
985,28708162;0,01774436
985,52847392;0,01838223
985,76987061;0,01851895
986,01127170;0,01937311
986,25267717;0,01775576
986,49408703;0,01770450
986,73550126;0,01695849
986,97691987;0,01792096
987,21834285;0,01628643
987,45977021;0,01836515
987,70120192;0,01550621
987,94263799;0,01763619
988,18407842;0,01634910
988,42552320;0,01766465
988,66697233;0,01553469
988,90842580;0,01675917
989,14988360;0,01491391
989,39134575;0,01579670
989,63281222;0,01397418
989,87428302;0,01521582
990,11575815;0,01410518
990,35723759;0,01518728
990,59872135;0,01486828
990,84020942;0,01596182
991,08170179;0,01390593
991,32319847;0,01464635
991,56469945;0,01453235
991,80620472;0,01478868
992,04771428;0,01482286
992,28922813;0,01364387
992,53074625;0,01322822
992,77226866;0,01433302
993,01379534;0,01263588
993,25532629;0,01429314
993,49686151;0,01293198
993,73840099;0,01276683
993,97994473;0,01285237
994,22149272;0,01309720
994,46304496;0,01146839
994,70460145;0,01153108
994,94616218;0,01115517
995,18772714;0,01122358
995,42929634;0,01202090
995,67086977;0,01092174
995,91244742;0,01124635
996,15402930;0,00964028
996,39561539;0,01094441
996,63720570;0,00917897
996,87880021;0,00962321
997,12039893;0,00852978
997,36200185;0,00908220
997,60360897;0,00814819
997,84522028;0,01027815
998,08683578;0,00739645
998,32845547;0,00872913
998,57007933;0,00807989
998,81170738;0,00778947
999,05333959;0,00714586
999,29497597;0,00844435
999,53661652;0,00621187
999,77826123;0,00893971
1000,01991010;0,00663337
1000,26156311;0,00778937
1000,50322028;0,00715726
1000,74488159;0,00716869
1000,98654704;0,00705481
1001,22821662;0,00690667
1001,46989034;0,00573919
1001,71156819;0,00708892
1001,95325016;0,00564805
1002,19493625;0,00590997
1002,43662645;0,00564807
1002,67832077;0,00612652
1002,92001919;0,00501020
1003,16172172;0,00576769
1003,40342835;0,00462865
1003,64513908;0,00487351
1003,88685389;0,00474828
1004,12857279;0,00559674
1004,37029578;0,00481090
1004,61202284;0,00538038
1004,85375399;0,00440644
1005,09548920;0,00596694
1005,33722848;0,00344408
1005,57897182;0,00487357
1005,82071922;0,00477673
1006,06247067;0,00450333
1006,30422618;0,00343269
1006,54598573;0,00380286
1006,78774933;0,00303969
1007,02951696;0,00414458
1007,27128863;0,00297141
1007,51306433;0,00352381
1007,75484406;0,00362057
1007,99662781;0,00374020
1008,23841558;0,00262973
1008,48020736;0,00343266
1008,72200315;0,00266954
1008,96380295;0,00327320
1009,20560675;0,00193487
1009,44741455;0,00291445
1009,68922634;0,00202603
1009,93104212;0,00302836
1010,17286189;0,00145654
1010,41468564;0,00301124
1010,65651337;0,00184944
1010,89834507;0,00277203
1011,14018074;0,00240186
1011,38202038;0,00321062
1011,62386398;0,00178675
1011,86571154;0,00323339
1012,10756305;0,00158748
1012,34941851;0,00299425
1012,59127791;0,00184944
1012,83314126;0,00284603
1013,07500854;0,00258413
1013,31687976;0,00288027
1013,55875490;0,00280052
1013,80063397;0,00303406
1014,04251696;0,00138817
1014,28440387;0,00255562
1014,52629469;0,00165574
1014,76818942;0,00223665
1015,01008806;0,00158178
1015,25199059;0,00292588
1015,49389703;0,00174696
1015,73580735;0,00243032
1015,97772156;0,00101803
1016,21963966;0,00277209
1016,46156164;0,00102370
1016,70348749;0,00118311
1016,94541722;-0,00067915
1017,18735082;-0,00045143
1017,42928828;-0,00035455
1017,67122959;0,00014101
1017,91317477;-0,00029192
1018,15512380;0,00017517
