194,16287968;0,00659922
194,36381481;-0,00239367
194,56476860;0,00011526
194,76574102;0,00322691
194,96673208;0,00240408
195,16774177;0,00300690
195,36877010;0,00459441
195,56981705;0,00708019
195,77088262;0,00338347
195,97196681;0,00237495
196,17306961;0,00436243
196,37419103;0,00224780
196,57533104;0,00451338
196,77648966;0,00513923
196,97766688;0,00820451
197,17886269;0,00153481
197,38007709;0,00032965
197,58131007;0,00162766
197,78256164;0,00346440
197,98383178;0,00320382
198,18512050;0,00546950
198,38642778;0,00377193
198,58775363;0,00728285
198,78909804;-0,00045825
198,99046101;0,00515063
199,19184253;0,01057429
199,39324259;0,00880686
199,59466121;0,00130881
199,79609836;0,00313419
199,99755405;-0,00489670
200,19902827;0,00243893
200,40052102;0,00703377
200,60203230;-0,00372644
200,80356209;0,01109589
201,00511040;0,00349340
201,20667723;-0,00066688
201,40826256;0,00061951
201,60986639;0,00006319
201,81148873;0,00866213
202,01312956;0,00050361
202,21478888;0,01109599
202,41646669;0,00399767
202,61816298;-0,00373200
202,81987776;0,00426416
203,02161101;0,00238103
203,22336273;-0,00013366
203,42513291;-0,00294419
203,62692157;0,00396850
203,82872868;0,00462914
204,03055424;-0,00099148
204,23239826;0,00681949
204,43426072;0,00537657
204,63614163;0,00325604
204,83804098;0,00075262
205,03995876;0,00764224
205,24189497;0,00491895
205,44384961;0,00466371
205,64582267;0,00690064
205,84781415;0,00861010
206,04982405;-0,00484458
206,25185236;0,00213192
206,45389907;0,01020333
206,65596418;0,01119430
206,85804770;0,00027193
207,06014960;-0,00059158
207,26226990;0,00342964
207,46440859;-0,00330916
207,66656565;0,00031828
207,86874110;0,00705700
208,07093492;0,00165076
208,27314711;0,00427007
208,47537766;0,00176102
208,67762658;0,00553319
208,87989385;0,00588077
209,08217948;0,00236928
209,28448346;0,00749739
209,48680579;0,00455393
209,68914645;0,00147130
209,89150545;0,00677886
210,09388279;0,00038185
210,29627846;0,00158141
210,49869245;0,00882426
210,70112476;-0,00028415
210,90357539;-0,00266017
211,10604434;0,00688881
211,30853159;-0,00239943
211,51103715;0,00381797
211,71356100;0,00388733
211,91610316;0,00104819
212,11866361;0,00510447
212,32124235;0,00833760
212,52383937;-0,00137960
212,72645467;0,00088603
212,92908825;0,01066694
213,13174010;-0,00204004
213,33441022;0,00028909
213,53709861;0,00139582
213,73980525;0,00117008
213,94253016;0,00185345
214,14527331;-0,00040034
214,34803471;0,00049221
214,55081436;-0,00221401
214,75361225;0,00206820
214,95642837;0,00053834
215,15926273;0,00042814
215,36211531;0,00207367
215,56498612;0,00328482
215,76787514;-0,00137978
215,97078239;-0,00208065
216,17370784;0,00898677
216,37665150;0,01231841
216,57961337;0,00481448
216,78259344;0,00218976
216,98559170;0,00420607
217,18860815;-0,00267740
217,39164279;-0,00011058
217,59469561;0,00932849
217,79776661;-0,00339595
218,00085579;0,00279807
218,20396314;0,00676154
218,40708866;0,00205654
218,61023234;0,00899827
218,81339417;-0,00488528
219,01657417;-0,00095084
219,21977231;-0,00300211
219,42298860;0,00626912
219,62622303;0,01159412
219,82947561;-0,00152443
220,03274631;0,00513919
220,23603515;-0,00370883
220,43934211;-0,00307142
220,64266720;0,00159869
220,84601040;0,00389905
221,04937172;-0,00330324
221,25275115;0,00374837
221,45614869;0,00119879
221,65956432;0,00194653
221,86299806;-0,00056267
222,06644989;-0,00168092
222,26991981;0,00116993
222,47340781;0,00179572
222,67691390;-0,00212135
222,88043807;0,00708608
223,08398031;-0,00436942
223,28754061;0,00039352
223,49111899;0,00262425
223,69471542;0,00652395
223,89832992;-0,00598623
224,10196246;0,00483192
224,30561306;0,00106569
224,50928170;0,00457692
224,71296838;0,00181325
224,91667310;0,00005181
225,12039586;0,00406711
225,32413664;-0,00527370
225,52789545;0,00123934
225,73167228;0,00031252
225,93546712;0,00695850
226,13927998;0,00076424
226,34311085;0,00617048
226,54695972;0,00055547
226,75082659;0,00559679
226,95471146;-0,00240524
227,15861432;0,00015580
227,36253517;0,00362674
227,56647401;0,00216084
227,77043082;0,00391648
227,97440561;-0,00458393
228,17839838;0,00101933
228,38240911;-0,00019168
228,58643780;0,00306483
228,79048446;0,00183624
228,99454907;-0,00069026
229,19863163;0,00255460
229,40273215;-0,00045822
229,60685060;-0,00188970
229,81098700;-0,00025549
230,01514133;-0,00142603
230,21931359;0,00003417
230,42350378;0,00654147
230,62771190;0,00019655
230,83193793;0,00659944
231,03618188;0,00403231
231,24044374;-0,00122316
231,44472351;0,00152347
231,64902118;0,00127996
231,85333675;-0,00095650
232,05767022;0,00577657
232,26202157;0,00056161
232,46639082;0,00890542
232,67077794;0,00512734
232,87518295;-0,00165765
233,07960583;-0,00012819
233,28404658;0,00140169
233,48850520;0,00924719
233,69298168;-0,00399272
233,89747602;0,00235774
234,10198822;0,00290249
234,30651826;0,00167400
234,51106615;0,00484366
234,71563188;0,00352818
234,92021546;-0,00292677
235,12481686;-0,00233594
235,32943610;0,00112348
235,53407316;0,00338918
235,73872805;0,00110634
235,94340075;0,00553295
236,14809126;0,00403234
236,35279959;0,00945594
236,55752572;-0,00094498
236,76226966;0,00346431
236,96703139;0,00049758
237,17181092;0,00561427
237,37660823;-0,00066113
237,58142333;0,00037032
237,78625621;0,00469253
237,99110687;0,00422331
238,19597531;-0,00035396
238,40086151;0,00331966
238,60576548;0,00970518
238,81068721;0,00575919
239,01562669;0,00500580
239,22058393;0,00490733
239,42555892;0,00085711
239,63055166;-0,00219073
239,83556213;0,00613005
240,04059034;0,00047444
240,24563628;0,00244462
240,45069996;0,00352245
240,65578136;0,00292569
240,86088047;0,00612407
241,06599731;-0,00297308
241,27113186;0,00028356
241,47628411;0,00518546
241,68145407;0,00503507
241,88664173;0,00469297
242,09184709;0,00336016
242,29707014;0,00593295
242,50231087;0,00433373
242,70756930;0,00363841
242,91284540;0,00187690
243,11813917;-0,00008192
243,32345062;0,00218414
243,52877974;0,00407864
243,73412652;0,00548669
243,93949096;0,00332554
244,14487306;0,00276348
244,35027281;-0,00079429
244,55569020;-0,00037144
244,76112524;0,00110068
244,96657792;0,00170307
245,17204823;0,00033569
245,37753618;0,00182469
245,58304175;-0,00238210
245,78856495;0,00260695
245,99410576;-0,00261976
246,19966419;0,00169732
246,40524024;-0,00284540
246,61083388;0,01052199
246,81644513;0,00146542
247,02207398;0,00449598
247,22772043;0,00121636
247,43338447;0,00093234
247,63906609;0,00359200
247,84476529;0,00136702
248,05048208;0,00383542
248,25621643;0,00150598
248,46196836;0,00523182
248,66773786;-0,00173298
248,87352491;0,00005179
249,07932953;0,00184774
249,28515170;0,00283304
249,49099142;0,00137284
249,69684869;0,00526092
249,90272349;0,01622375
250,10861584;0,00165079
250,31452572;0,00155826
250,52045313;0,00050945
250,72639807;0,00650661
250,93236052;0,00301260
251,13834050;0,00084559
251,34433799;0,00889387
251,55035299;0,00603731
251,75638549;0,00276924
251,96243550;0,00523741
252,16850300;-0,00106641
252,37458800;-0,00365682
252,58069048;-0,00531967
252,78681045;0,00351668
252,99294790;0,00287930
253,19910283;0,00409625
253,40527523;-0,00672787
253,61146511;0,00330812
253,81767244;0,00263605
254,02389724;-0,00042951
254,23013949;0,00456554
254,43639920;0,00710357
254,64267635;0,00366743
254,84897095;-0,00081764
255,05528299;-0,00111896
255,26161247;0,00787389
255,46795938;0,00034130
255,67432372;0,00739880
255,88070548;0,00287339
256,08710466;0,00123388
256,29352126;0,00527260
256,49995527;0,00677319
256,70640669;-0,00082323
256,91287552;0,00141324
257,11936174;0,00719579
257,32586536;0,00289088
257,53238637;0,00824503
257,73892477;0,00474515
257,94548055;0,00833174
258,15205371;0,00138422
258,35864425;0,00334852
258,56525216;-0,00012809
258,77187744;0,00079922
258,97852008;0,00194073
259,18518008;0,00819860
259,39185743;-0,00275288
259,59855214;0,00385848
259,80526419;0,00495367
260,01199359;-0,00490840
260,21874032;0,00063093
260,42550440;0,00483196
260,63228580;-0,00107254
260,83908453;0,00396872
261,04590058;0,00527807
261,25273395;0,00082215
261,45958464;0,00313405
261,66645263;-0,00380155
261,87333793;0,00047471
262,08024054;0,00309945
262,28716044;0,00296041
262,49409764;-0,00247471
262,70105213;0,00325023
262,90802391;-0,00029009
263,11501296;0,00352239
263,32201930;0,00125094
263,52904291;0,00270538
263,73608379;0,00256081
263,94314194;0,00213183
264,15021734;-0,00049300
264,35731001;0,00060810
264,56441993;0,00603742
264,77154710;-0,00023827
264,97869152;0,00299510
265,18585317;0,00883561
265,39303207;-0,00142596
265,60022820;0,00666287
265,80744155;-0,00108994
266,01467214;0,00840703
266,22191994;0,00485528
266,42918497;-0,00135640
266,63646720;0,00129755
266,84376665;0,00727713
267,05108330;0,00086861
267,25841715;0,00365571
267,46576819;-0,00142592
267,67313644;0,00126277
267,88052187;-0,00103199
268,08792448;0,00537671
268,29534428;0,00010943
268,50278125;0,00359175
268,71023540;-0,00258473
268,91770671;-0,00039452
269,12519519;0,00835479
269,33270083;0,00354005
269,54022362;0,00425255
269,74776357;0,00495380
269,95532067;0,00024875
270,16289491;-0,00160571
270,37048629;-0,00120577
270,57809481;0,00159266
270,78572046;0,00719589
270,99336323;0,00012713
271,20102313;0,00509264
271,40870016;0,00820442
271,61639429;0,00639646
271,82410554;-0,00168673
272,03183390;0,00337175
272,23957936;0,00927067
272,44734192;0,00315168
272,65512157;0,00395141
272,86291832;-0,00359288
273,07073216;0,00187091
273,27856307;0,00859238
273,48641107;0,00301246
273,69427615;0,00574177
273,90215829;0,00056715
274,11005750;0,00127435
274,31797377;0,00351651
274,52590711;0,00404381
274,73385750;0,00382369
274,94182494;0,00239251
275,14980942;0,00317472
275,35781095;0,00043989
275,56582952;0,00488401
275,77386512;0,00021984
275,98191776;0,00041649
276,18998742;-0,00214451
276,39807410;0,00483781
276,60617780;-0,00052214
276,81429851;0,00218400
277,02243624;0,00601395
277,23059097;0,00087442
277,43876271;0,00330234
277,64695144;0,00124526
277,85515716;-0,00106683
278,06337988;0,00746255
278,27161958;0,00308188
278,47987627;0,00424111
278,68814993;-0,00242840
278,89644057;0,00181313
279,10474817;0,00210869
279,31307275;0,00039342
279,52141428;0,00327916
279,72977277;-0,00033657
279,93814821;0,00037058
280,14654061;-0,00067283
280,35494995;0,00508119
280,56337623;-0,00136204
280,77181945;-0,00353524
280,98027960;0,00140162
281,18875668;0,00165083
281,39725068;0,00433353
281,60576161;0,00059043
281,81428946;0,00598513
282,02283421;0,00000527
282,23139588;0,00315166
282,43997445;0,00592135
282,64856992;-0,00117688
282,85718229;0,01261382
283,06581155;0,00380640
283,27445770;-0,00090451
283,48312073;-0,00067265
283,69180065;0,00679048
283,90049744;0,00263595
284,10921110;0,00342383
284,31794163;0,00239257
284,52668903;0,00382372
284,73545328;0,00735271
284,94423439;0,00373113
285,15303236;-0,00176221
285,36184717;0,00412506
285,57067883;0,00238674
285,77952732;-0,00175040
285,98839265;0,00091491
286,19727482;0,00119893
286,40617381;0,00708000
286,61508962;0,01445638
286,82402226;0,00218967
287,03297171;0,01019754
287,24193797;0,00005735
287,45092104;-0,00143188
287,65992091;-0,00245176
287,86893758;0,00122215
288,07797105;0,00674995
288,28702131;0,00344167
288,49608835;0,00078758
288,70517218;0,00312280
288,91427279;0,00407283
289,12339017;0,00066583
289,33252432;0,00559672
289,54167524;-0,00304263
289,75084293;-0,00517486
289,96002737;-0,00361624
290,16922856;0,00233467
290,37844651;0,00292573
290,58768120;0,00019654
290,79693264;0,00104805
291,00620081;0,00119877
291,21548572;0,00494785
291,42478736;0,00111764
291,63410573;0,00415418
291,84344081;0,00204507
292,05279262;0,00413678
292,26216114;-0,00176795
292,47154637;0,00184777
292,68094831;0,00070072
292,89036694;0,00199869
293,09980228;0,00314596
293,30925431;0,00446114
293,51872303;0,00367330
293,72820843;0,00647161
293,93771052;0,00325598
294,14722928;0,00801902
294,35676472;0,00333698
294,56631682;0,00047473
294,77588560;-0,00399297
294,98547103;-0,00112468
295,19507312;0,00520864
295,40469186;-0,00358141
295,61432726;0,00613569
295,82397929;0,00328493
296,03364797;0,00470436
296,24333329;0,00180140
296,45303524;0,00843035
296,66275381;0,00465230
296,87248902;0,00021950
297,08224084;0,00669781
297,29200928;-0,00031359
297,50179433;0,00607776
297,71159599;0,00467573
297,92141426;-0,00598022
298,13124912;0,00137250
298,34110059;0,00180742
298,55096864;0,00099605
298,76085328;0,00584008
298,97075451;0,00529535
299,18067232;0,00368473
299,39060670;0,00186527
299,60055766;0,00014990
299,81052518;0,00937475
300,02050927;-0,00058588
300,23050991;0,00505223
300,44052712;0,00127446
300,65056087;0,00723674
300,86061117;0,00143643
301,07067802;0,00046308
301,28076140;-0,00622388
301,49086133;0,00789140
301,70097778;0,00341244
301,91111076;-0,00658314
302,12126026;0,00274009
302,33142628;0,00006888
302,54160882;-0,00099153
302,75180787;-0,00264281
302,96202342;0,00087418
303,17225548;-0,00111305
303,38250404;-0,00255582
303,59276909;-0,00186647
303,80305064;0,00145381
304,01334867;0,00557370
304,22366318;-0,00160582
304,43399417;0,00951395
304,64434164;0,00103076
304,85470557;0,00424101
305,06508598;0,00312266
305,27548284;0,00155816
305,48589617;0,00735844
305,69632594;0,00008642
305,90677217;0,00621675
306,11723485;0,00376012
306,32771396;-0,00006407
306,53820952;0,00363831
306,74872151;-0,00384227
306,95924993;0,00158688
307,16979477;0,00224780
307,38035604;0,00566629
307,59093372;0,00042834
307,80152782;0,00778132
308,01213833;-0,00029039
308,22276524;-0,00508799
308,43340856;0,00046879
308,64406827;0,00465828
308,85474438;-0,00004671
309,06543687;0,00279816
309,27614575;0,00083961
309,48687102;0,00600242
309,69761266;0,00210299
309,90837067;0,00121050
310,11914505;0,00297778
310,32993580;0,00393954
310,54074290;-0,00138533
310,75156637;0,00303582
310,96240618;0,00051524
311,17326235;0,00522586
311,38413486;-0,00496639
311,59502371;0,00247363
311,80592890;0,00108881
312,01685042;0,00439707
312,22778827;0,00070636
312,43874244;-0,00300210
312,64971294;0,00293712
312,86069975;-0,00563264
313,07170287;0,00714958
313,28272230;0,00406692
313,49375804;0,00088021
313,70481007;0,00227100
313,91587840;0,00114083
314,12696302;0,00703988
314,33806394;0,00577654
314,54918113;0,00161611
314,76031460;0,00525484
314,97146435;0,00906213
315,18263038;-0,00420152
315,39381267;0,00037012
315,60501122;0,00318052
315,81622603;0,00348200
316,02745710;-0,00085225
316,23870442;0,00398028
316,44996799;0,00899814
316,66124780;-0,00056269
316,87254384;-0,00034238
317,08385613;0,00219566
317,29518464;-0,00153602
317,50652939;0,00074113
317,71789035;0,00583438
317,92926754;-0,00050456
318,14066094;0,00784504
318,35207055;0,00345870
318,56349636;0,00093239
318,77493838;0,00380052
318,98639660;-0,00164055
319,19787101;0,00411939
319,40936162;0,00615304
319,62086841;0,00078750
319,83239138;0,00189992
320,04393053;0,00105411
320,25548585;0,00529534
320,46705735;-0,00234145
320,67864501;0,00063675
320,89024883;0,00276912
321,10186881;0,00091489
321,31350495;0,00459444
321,52515723;-0,00037712
321,73682566;0,00342963
321,94851023;0,00205659
322,16021094;0,00949664
322,37192779;-0,00548787
322,58366076;-0,00503016
322,79540986;-0,00263696
323,00717508;0,00949085
323,21895642;0,00520288
323,43075387;-0,00308900
323,64256743;0,00055551
323,85439710;0,00781047
324,06624286;0,00002848
324,27810473;0,00203346
324,48998269;0,00413668
324,70187673;0,00466377
324,91378686;0,00602570
325,12571308;-0,00198221
325,33765537;-0,00307166
325,54961373;-0,00541833
325,76158816;0,00674995
325,97357865;0,00200420
326,18558521;-0,00135062
326,39760782;-0,00143206
326,60964649;-0,00122894
326,82170120;0,00022542
327,03377196;0,00833189
327,24585876;0,00650081
327,45796159;-0,00205182
327,67008046;0,00205666
327,88221536;-0,00367422
328,09436627;0,00557979
328,30653321;0,00458294
328,51871617;0,00482618
328,73091514;-0,00351184
328,94313011;0,00197514
329,15536109;0,00757883
329,36760807;0,00216642
329,57987104;0,00435103
329,79215001;-0,00224873
330,00444496;0,00296032
330,21675590;0,00133804
330,42908281;0,00420635
330,64142570;0,00352837
330,85378457;0,00090922
331,06615940;0,00279233
331,27855019;-0,00307168
331,49095694;0,00243875
331,70337965;0,00316900
331,91581831;0,00473932
332,12827292;0,00637327
332,34074346;0,00100180
332,55322995;0,00080468
332,76573237;0,00217231
332,97825073;-0,00287477
333,19078501;0,00378900
333,40333521;0,00487257
333,61590133;0,00001093
333,82848337;0,00247346
334,04108131;0,00278657
334,25369516;0,00114659
334,46632492;0,01147257
334,67897057;0,00001080
334,89163212;0,00515078
335,10430956;0,00435121
335,31700288;0,00252586
335,52971208;0,00466387
335,74243717;0,00364988
335,95517813;0,00477972
336,16793495;-0,00012800
336,38070765;-0,00137964
336,59349620;0,00337763
336,80630061;0,00218984
337,01912088;-0,00082897
337,23195699;-0,00429982
337,44480895;0,00024865
337,65767676;0,00844789
337,87056040;-0,00142605
338,08345987;-0,00125222
338,29637517;0,00009793
338,50930630;-0,00005262
338,72225325;0,00381785
338,93521602;0,00152344
339,14819459;0,00549837
339,36118898;-0,00537787
339,57419918;0,00013861
339,78722517;0,00037608
340,00026696;-0,00086991
340,21332454;-0,00253275
340,42639792;0,00494196
340,63948707;-0,00206331
340,85259201;0,00696998
341,06571272;0,00301244
341,27884921;0,01005845
341,49200146;0,00215518
341,70516948;-0,00085808
341,91835326;0,00045731
342,13155280;-0,00227218
342,34476809;-0,00241692
342,55799912;0,00050370
342,77124590;0,00902141
342,98450842;0,00927054
343,19778668;0,00476806
343,41108066;-0,00156503
343,62439038;0,00083380
343,83771582;-0,00562691
344,05105698;0,00031813
344,26441385;-0,00259657
344,47778644;-0,00096838
344,69117473;-0,00314095
344,90457873;0,00324432
345,11799842;-0,00072488
345,33143382;-0,00201699
345,54488490;0,00423502
345,75835167;-0,00242274
345,97183412;0,00514474
346,18533225;0,00269980
346,39884606;0,00477393
346,61237554;0,00004569
346,82592069;-0,00053933
347,03948149;0,00248525
347,25305796;0,00453073
347,46665008;0,00246193
347,68025786;-0,00197649
347,89388127;0,00256634
348,10752034;0,00272885
348,32117504;-0,00243990
348,53484537;0,01076539
348,74853134;0,00155240
348,96223293;0,00413069
349,17595014;0,00260125
349,38968297;-0,00055690
349,60343142;0,00228248
349,81719548;0,00282710
350,03097514;0,00319228
350,24477040;0,00260133
350,45858126;0,00573029
350,67240772;0,00098446
350,88624977;0,00275765
351,10010740;0,00587506
351,31398061;0,00019069
351,52786940;0,00239838
351,74177377;0,00026007
351,95569370;0,00103678
352,16962920;-0,00201694
352,38358026;0,00787393
352,59754688;-0,00391182
352,81152905;0,00495366
353,02552677;-0,00150139
353,23954004;0,00962973
353,45356884;0,00108885
353,66761319;0,00084558
353,88167307;0,01070181
354,09574847;0,00237523
354,30983940;0,00137870
354,52394585;0,00473909
354,73806782;0,00553330
354,95220530;0,00278665
355,16635829;0,00566623
355,38052679;-0,00024946
355,59471078;-0,00110742
355,80891027;0,00557384
356,02312526;0,00546322
356,23735573;-0,00038298
356,45160169;0,00384129
356,66586312;0,00590389
356,88014004;0,02123015
357,09443242;0,00325016
357,30874027;-0,00064937
357,52306359;0,00599077
357,73740237;0,00566077
357,95175660;-0,00013969
358,16612628;0,00417709
358,38051142;0,00013867
358,59491199;-0,00237053
358,80932801;0,00325004
359,02375946;0,00112361
359,23820634;0,00512752
359,45266865;0,00413670
359,66714638;0,00227656
359,88163954;0,00500598
360,09614811;0,00367896
360,31067209;0,01149548
360,52521147;0,00542305
360,73976626;0,00493627
360,95433645;0,00617042
361,16892203;0,00396861
361,38352301;-0,00146066
361,59813937;0,00323286
361,81277111;0,00458294
362,02741824;-0,00045827
362,24208074;-0,00234157
362,45675860;0,01044694
362,67145184;0,00279829
362,88616044;0,00207372
363,10088439;0,00070044
363,31562370;0,00358619
363,53037836;0,00172040
363,74514837;0,00183642
363,95993372;0,00367315
364,17473441;-0,00237042
364,38955043;0,00340644
364,60438178;0,00768290
364,81922846;0,00516831
365,03409046;0,01042937
365,24896778;0,00278082
365,46386041;0,00224758
365,67876835;0,00336015
365,89369159;0,00076426
366,10863014;0,00372531
366,32358399;0,00504053
366,53855313;0,00411337
366,75353756;0,00090330
366,96853727;0,00220716
367,18355227;0,00176669
367,39858254;-0,00369137
367,61362809;0,00246219
367,82868890;0,00420604
368,04376498;0,00061943
368,25885632;0,00093816
368,47396292;0,00032386
368,68908477;0,00147729
368,90422187;0,00104245
369,11937422;0,00666311
369,33454180;0,00405567
369,54972463;0,00616474
369,76492268;0,00872603
369,98013597;-0,00007602
370,19536448;0,00039934
370,41060820;0,00442636
370,62586715;0,00892853
370,84114131;-0,00131603
371,05643067;-0,00042933
371,27173524;0,00756110
371,48705501;0,00203355
371,70238998;0,00234042
371,91774014;0,00497114
372,13310548;0,00535347
372,34848602;0,00358626
372,56388173;0,00369611
372,77929261;0,00181302
372,99471867;0,00083943
373,21015989;0,00446690
373,42561628;0,00366147
373,64108783;0,00915469
373,85657454;-0,00172733
374,07207639;0,00138420
374,28759340;0,00120476
374,50312554;0,00844759
374,71867283;0,00347046
374,93423525;0,00614146
375,14981280;0,00404979
375,36540548;0,00199296
375,58101328;-0,00012790
375,79663621;0,00377736
376,01227424;0,00396857
376,22792739;0,00971674
376,44359564;0,01239372
376,65927900;0,00139027
376,87497746;0,00083952
377,09069101;0,00314572
377,30641965;0,00023705
377,52216337;0,00280417
377,73792218;-0,00121744
377,95369607;0,00421773
378,16948503;0,00817538
378,38528907;0,00378906
378,60110817;0,00859838
378,81694233;0,00030660
379,03279155;0,00644291
379,24865582;0,00543458
379,46453514;0,00520858
379,68042951;-0,00156493
379,89633893;0,00172618
380,11226337;0,00214928
380,32820286;0,00561421
380,54415737;0,00479706
380,76012691;0,00180743
380,97611147;0,00156407
381,19211105;0,00363248
381,40812564;0,00682513
381,62415524;0,00272285
381,84019984;0,00752660
382,05625945;0,00437999
382,27233405;0,00039934
382,48842365;0,00630957
382,70452824;0,00371932
382,92064781;0,00703958
383,13678236;0,00315192
383,35293189;0,00389916
383,56909639;0,00108304
383,78527586;0,00167988
384,00147030;0,00479733
384,21767970;0,00575919
384,43390405;0,00087436
384,65014336;0,01233576
384,86639761;0,00433932
385,08266681;0,00652383
385,29895095;0,00516232
385,51525002;0,00494205
385,73156403;0,00541162
385,94789297;0,00069481
386,16423683;0,00625165
386,38059561;0,00765379
386,59696931;0,00560258
386,81335791;0,00541149
387,02976143;0,00814643
387,24617985;0,00972830
387,46261317;0,00453075
387,67906139;0,01271804
387,89552449;0,00088036
388,11200249;0,00479706
388,32849537;0,00067730
388,54500313;0,00334885
388,76152576;0,00545200
388,97806327;0,00093847
389,19461564;0,00505197
389,41118288;0,00960670
389,62776497;0,00388159
389,84436192;0,00469315
390,06097372;0,00650640
390,27760037;0,00146554
390,49424186;0,00028914
390,71089819;0,00439734
390,92756936;0,00476810
391,14425536;0,00776395
391,36095618;0,00436846
391,57767182;0,00575346
391,79440229;0,01345999
392,01114757;-0,00046984
392,22790766;-0,00081745
392,44468255;0,00924744
392,66147225;0,00377172
392,87827675;0,00316312
393,09509604;0,00793771
393,31193012;0,00556184
393,52877899;0,00540554
393,74564264;0,00515650
393,96252107;-0,00067278
394,17941427;0,00668045
394,39632224;0,00002248
394,61324498;0,00845922
394,83018248;0,00398591
395,04713474;0,00708045
395,26410175;0,00499419
395,48108351;0,00335431
395,69808001;0,00352265
395,91509126;0,00749744
396,13211725;0,00757864
396,34915796;0,00803652
396,56621341;0,00539433
396,78328359;0,01278767
397,00036848;0,00498273
397,21746809;0,00302435
397,43458242;0,00424089
397,65171145;0,00711527
397,86885519;0,00323273
398,08601363;0,01213294
398,30318677;0,00629789
398,52037460;0,00929383
398,73757711;0,00598513
398,95479432;0,00717870
399,17202620;0,00469300
399,38927276;0,00979776
399,60653400;0,00799572
399,82380990;0,00912003
400,04110046;0,00359186
400,25840569;0,00734096
400,47572557;0,00298947
400,69306011;0,00754376
400,91040929;0,00815798
401,12777312;0,01172735
401,34515158;0,00640254
401,56254469;0,01018032
401,77995242;0,00454215
401,99737478;0,01940504
402,21481177;0,00616471
402,43226338;0,00369051
402,64972960;0,00787988
402,86721043;0,00898058
403,08470588;0,00815234
403,30221592;0,00796096
403,51974057;0,00810586
403,73727981;0,00536492
403,95483364;0,00432775
404,17240206;0,00409018
404,38998506;0,00658169
404,60758264;0,00805365
404,82519479;0,00847089
405,04282152;0,00603138
405,26046282;0,01011070
405,47811867;0,00763073
405,69578909;0,01057428
405,91347406;0,00907338
406,13117358;0,00733533
406,34888765;0,00674411
406,56661626;0,00428728
406,78435941;0,00789727
407,00211710;0,01032527
407,21988931;0,00800734
407,43767605;0,01307153
407,65547732;0,00850564
407,87329310;0,00794952
408,09112340;0,01507642
408,30896820;0,00684846
408,52682751;0,01341924
408,74470133;0,00754948
408,96258964;0,01064381
409,18049245;0,01428263
409,39840974;0,01218525
409,61634153;0,01409129
409,83428779;0,01272972
410,05224853;0,01226626
410,27022375;0,00690627
410,48821343;0,01895887
410,70621758;0,00769422
410,92423620;0,00685415
411,14226927;0,01425952
411,36031679;0,01401039
411,57837876;0,01399307
411,79645518;0,01054536
412,01454604;0,00778706
412,23265133;0,01520425
412,45077106;0,01489704
412,66890522;0,01344819
412,88705380;0,01488533
413,10521681;0,01502406
413,32339423;0,01352336
413,54158606;0,01000639
413,75979230;0,01644425
413,97801295;0,01358706
414,19624800;0,01103779
414,41449744;0,01108973
414,63276128;0,01182024
414,85103950;0,01367408
415,06933211;0,01478098
415,28763910;0,01630502
415,50596047;0,01442175
415,72429620;0,01573140
415,94264631;0,01082929
416,16101078;0,02056391
416,37938961;0,01181417
416,59778280;0,01099133
416,81619033;0,01541836
417,03461222;0,01662931
417,25304845;0,01281686
417,47149902;0,01370900
417,68996392;0,01246877
417,90844316;0,01458404
418,12693673;0,01025548
418,34544461;0,01851287
418,56396682;0,01191869
418,78250334;0,01538391
419,00105418;0,01226626
419,21961932;0,02200659
419,43819876;0,01428265
419,65679251;0,01539502
419,87540054;0,01561542
420,09402287;0,02523978
420,31265949;0,01204595
420,53131039;0,01885458
420,74997557;0,01412049
420,96865502;0,01756826
421,18734874;0,01394664
421,40605674;0,01317595
421,62477899;0,02154332
421,84351550;0,01736535
422,06226627;0,01113608
422,28103128;0,00904441
422,49981055;0,01565030
422,71860405;0,01238800
422,93741179;0,01221392
423,15623377;0,02079559
423,37506998;0,01557481
423,59392041;0,01104354
423,81278507;0,01768400
424,03166394;0,01882552
424,25055703;0,01575441
424,46946433;0,01395828
424,68838583;0,01533148
424,90732154;0,01575432
425,12627144;0,02186802
425,34523554;0,01410302
425,56421382;0,01655991
425,78320629;0,01589361
426,00221295;0,01641503
426,22123378;0,01237061
426,44026878;0,01971794
426,65931795;0,02081295
426,87838129;0,01390616
427,09745879;0,02741267
427,31655045;0,01293266
427,53565626;0,01751605
427,75477621;0,01439266
427,97391032;0,01257888
428,19305856;0,01563848
428,41222094;0,01156508
428,63139746;0,01234148
428,85058810;0,01376692
429,06979287;0,00794375
429,28901175;0,01614263
429,50824476;0,02546004
429,72749187;0,01510551
429,94675310;0,01337305
430,16602843;0,01646131
430,38531786;0,01997872
430,60462138;0,01168102
430,82393900;0,02041345
431,04327071;0,01777656
431,26261649;0,02041904
431,48197636;0,01308905
431,70135031;0,01749275
431,92073833;0,01967149
432,14014041;0,01815334
432,35955656;0,01678005
432,57898677;0,01468249
432,79843103;0,01581254
433,01788935;0,02190228
433,23736171;0,01996111
433,45684812;0,01705827
433,67634857;0,01890074
433,89586305;0,01867474
434,11539156;0,02320043
434,33493410;0,02150821
434,55449066;0,02231964
434,77406125;0,01994379
434,99364584;0,01864625
435,21324445;0,01457232
435,43285707;0,01474612
435,65248368;0,02008869
435,87212430;0,02725628
436,09177891;0,02721565
436,31144752;0,02832829
436,53113010;0,03233824
436,75082668;0,03064059
436,97053723;0,01963093
437,19026175;0,02058110
437,41000024;0,01843719
437,62975270;0,02120121
437,84951913;0,02079586
438,06929951;0,01821719
438,28909385;0,01948034
438,50890213;0,01576594
438,72872436;0,02836899
438,94856054;0,02701301
439,16841065;0,02321790
439,38827469;0,02790545
439,60815267;0,02216329
439,82804457;0,02410988
440,04795039;0,02306108
440,26787013;0,02620193
440,48780379;0,02503714
440,70775135;0,03095350
440,92771282;0,02758672
441,14768819;0,02767947
441,36767746;0,03043174
441,58768062;0,02481112
441,80769767;0,02721036
442,02772860;0,02905849
442,24777342;0,02979411
442,46783211;0,02583683
442,68790468;0,02385497
442,90799111;0,02818323
443,12809141;0,02868761
443,34820557;0,03522388
443,56833359;0,02727371
443,78847546;0,03001437
444,00863118;0,03120261
444,22880074;0,03069828
444,44898415;0,03429064
444,66918139;0,02938295
444,88939246;0,03153275
445,10961736;0,03126623
445,32985609;0,03072141
445,55010863;0,02832842
445,77037499;0,03689254
445,99065517;0,03197900
446,21094915;0,03733862
446,43125693;0,03947680
446,65157852;0,03190356
446,87191390;0,03580877
447,09226307;0,03446475
447,31262604;0,03220491
447,53300278;0,03146916
447,75339331;0,02689740
447,97379760;0,03203088
448,19421568;0,03718236
448,41464752;0,03037976
448,63509312;0,03058813
448,85555248;0,03298717
449,07602560;0,03340426
449,29651246;0,03168925
449,51701308;0,03867140
449,73752744;0,02856011
449,95805553;0,03666661
450,17859737;0,03134720
450,39915293;0,03823103
450,61972222;0,02985243
450,84030523;0,03627233
451,06090197;0,03128363
451,28151241;0,03411094
451,50213657;0,03387356
451,72277443;0,03177052
451,94342600;0,03334631
452,16409126;0,02659578
452,38477022;0,03564087
452,60546287;0,02569187
452,82616921;0,03603511
453,04688922;0,03443593
453,26762292;0,03456891
453,48837029;0,02554118
453,70913133;0,02178057
453,92990604;0,03493994
454,15069440;0,03207138
454,37149643;0,03551912
454,59231211;0,02851382
454,81314144;0,03106345
455,03398441;0,02831716
455,25484103;0,02635215
455,47571128;0,03299272
455,69659517;0,02931922
455,91749269;0,02645081
456,13840383;0,03317263
456,35932859;0,03273198
456,58026698;0,02971918
456,80121897;0,02865295
457,02218457;0,03414622
457,24316378;0,02702461
457,46415659;0,03242509
457,68516300;0,03026355
457,90618300;0,02978896
458,12721659;0,03670124
458,34826376;0,02836333
458,56932451;0,03329431
458,79039884;0,02936551
459,01148675;0,03183994
459,23258822;0,03210636
459,45370325;0,03208898
459,67483185;0,03454009
459,89597400;0,03510769
460,11712971;0,03437792
460,33829896;0,03115035
460,55948176;0,02817761
460,78067810;0,03099395
461,00188797;0,03593655
461,22311138;0,03344472
461,44434831;0,03065762
461,66559877;0,03825429
461,88686275;0,03193206
462,10814024;0,03221035
462,32943125;0,03880459
462,55073576;0,03855544
462,77205378;0,03433731
462,99338530;0,03904226
463,21473031;0,03106897
463,43608881;0,03381543
463,65746080;0,03642912
463,87884628;0,03480064
464,10024523;0,03360716
464,32165766;0,04693438
464,54308356;0,03711832
464,76452293;0,03851486
464,98597576;0,04069342
465,20744205;0,04013740
465,42892179;0,03420950
465,65041498;0,03624351
465,87192163;0,03990568
466,09344171;0,03979564
466,31497523;0,04357332
466,53652219;0,04330091
466,75808258;0,04363701
466,97965639;0,04245514
467,20124363;0,04174806
467,42284429;0,04943739
467,64445836;0,04068808
467,86608584;0,04042146
468,08772672;0,04338236
468,30938101;0,04784390
468,53104870;0,05216636
468,75272978;0,05270566
468,97442425;0,04641276
469,19613211;0,04252482
469,41785334;0,05168554
469,63958796;0,04510316
469,86133595;0,05385829
470,08309731;0,05256631
470,30487204;0,04739785
470,52666012;0,04943733
470,74846157;0,05360366
470,97027636;0,05465833
471,19210451;0,05143629
471,41394600;0,05517972
471,63580084;0,05252585
471,85766901;0,04972147
472,07955051;0,05714387
472,30144535;0,05451898
472,52335351;0,05419456
472,74527499;0,05605443
472,96720978;0,05324427
473,18915789;0,05385288
473,41111931;0,05735877
473,63309403;0,05972240
473,85508206;0,05760738
474,07708338;0,06150147
474,29909799;0,06262568
474,52112589;0,05925876
474,74316707;0,06404520
474,96522154;0,06256779
475,18728928;0,05931116
475,40937030;0,06262583
475,63146458;0,05963558
475,85357213;0,05840142
476,07569294;0,06320468
476,29782700;0,05640235
476,51997431;0,05939794
476,74213488;0,06233029
476,96430868;0,06648463
477,18649573;0,06281646
477,40869601;0,06042924
477,63090953;0,05888817
477,85313627;0,06119983
478,07537624;0,06182602
478,29762942;0,05887642
478,51989582;0,07145605
478,74217543;0,05931097
478,96446825;0,06591691
479,18677427;0,06409705
479,40909350;0,07276000
479,63142591;0,06257930
479,85377152;0,07037251
480,07613032;0,06429992
480,29850229;0,06351797
480,52088745;0,06234719
480,74328578;0,06963084
480,96569729;0,06449722
481,18812196;0,06316457
481,41055979;0,06377854
481,63301078;0,06358159
481,85547492;0,06018030
482,07795222;0,06164623
482,30044266;0,06499546
482,52294625;0,07053483
482,74546297;0,06056855
482,96799283;0,06264273
483,19053581;0,06274715
483,41309193;0,06486761
483,63566116;0,06239965
483,85824352;0,06859386
484,08083899;0,06680890
484,30344756;0,06344229
484,52606925;0,06106095
484,74870403;0,07398240
484,97135192;0,06527367
485,19401289;0,06200549
485,41668696;0,06575452
485,63937411;0,06085800
485,86207435;0,06312384
486,08478766;0,06458962
486,30751404;0,06067842
486,53025350;0,06194194
486,75300601;0,06051036
486,97577160;0,06308901
487,19855023;0,05898650
487,42134192;0,06564436
487,64414666;0,06323946
487,86696445;0,07099886
488,08979527;0,06831574
488,31263914;0,06722053
488,53549603;0,06207504
488,75836596;0,06246929
488,98124891;0,06096273
489,20414487;0,06234185
489,42705386;0,06486207
489,64997586;0,06797373
489,87291087;0,06854157
490,09585888;0,06292111
490,31881989;0,07054642
490,54179390;0,07635246
490,76478090;0,06565595
490,98778089;0,06379559
491,21079386;0,06614292
491,43381981;0,07169368
491,65685874;0,06868068
491,87991064;0,06641518
492,10297551;0,06830399
492,32605334;0,06984558
492,54914413;0,06965402
492,77224788;0,06541837
492,99536458;0,06126944
493,21849423;0,07389024
493,44163682;0,07364661
493,66479235;0,06753900
493,88796081;0,07294540
494,11114221;0,07534981
494,33433654;0,06785207
494,55754378;0,07876877
494,78076395;0,07462598
495,00399703;0,07128230
495,22724302;0,07620773
495,45050192;0,07145040
495,67377373;0,07105650
495,89705843;0,07913395
496,12035602;0,07587743
496,34366651;0,07103928
496,56698988;0,07654932
496,79032614;0,07272515
497,01367528;0,06967747
497,23703729;0,07748214
497,46041217;0,07897724
497,68379991;0,08115002
497,90720052;0,08011299
498,13061399;0,08682839
498,35404031;0,08052482
498,57747948;0,08265713
498,80093150;0,08044354
499,02439636;0,08445314
499,24787406;0,08175860
499,47136459;0,08480086
499,69486795;0,08159026
499,91838414;0,08350867
500,14191314;0,08293505
500,36545497;0,08706071
500,58900961;0,07929002
500,81257706;0,08885682
501,03615732;0,09458206
501,25975037;0,09050234
501,48335623;0,09257131
501,70697488;0,09140637
501,93060631;0,08742592
502,15425054;0,09528859
502,37790754;0,09310428
502,60157732;0,09398461
502,82525987;0,09377609
503,04895520;0,09488886
503,27266328;0,09630854
503,49638413;0,09879447
503,72011774;0,09692288
503,94386410;0,09899697
504,16762320;0,09547982
504,39139505;0,10063138
504,61517965;0,09836547
504,83897697;0,10780483
505,06278703;0,09864392
505,28660982;0,10504072
505,51044534;0,10952564
505,73429357;0,10433379
505,95815452;0,10455975
506,18202818;0,11086396
506,40591456;0,11278222
506,62981363;0,11142051
506,85372540;0,10982123
507,07764988;0,11018624
507,30158704;0,10985599
507,52553689;0,10848256
507,74949942;0,11175083
507,97347464;0,11572598
508,19746253;0,11478685
508,42146309;0,11753919
508,64547632;0,10965890
508,86950221;0,11744082
509,09354076;0,11149562
509,31759197;0,12030899
509,54165582;0,11995547
509,76573233;0,11724372
509,98982148;0,12307867
510,21392326;0,11986857
510,43803769;0,11443372
510,66216474;0,12162462
510,88630442;0,12321203
511,11045673;0,12778955
511,33462165;0,11471127
511,55879919;0,12102154
511,78298933;0,12160665
512,00719209;0,12927858
512,23140744;0,12213979
512,45563540;0,12730863
512,67987595;0,12339137
512,90412909;0,12457356
513,12839482;0,12592932
513,35267313;0,13450490
513,57696401;0,12458500
513,80126748;0,12871097
514,02558351;0,12824144
514,24991211;0,13262217
514,47425327;0,13350845
514,69860698;0,12770831
514,92297325;0,13303942
515,14735208;0,13210062
515,37174344;0,13798767
515,59614735;0,13251794
515,82056380;0,12927886
516,04499278;0,12934240
516,26943429;0,13241870
516,49388832;0,13356672
516,71835488;0,13441272
516,94283395;0,13666094
517,16732554;0,13302154
517,39182964;0,12675830
517,61634624;0,13269752
517,84087534;0,14129632
518,06541694;0,13458614
518,28997104;0,13138209
518,51453762;0,14069952
518,73911668;0,13542642
518,96370823;0,14406026
519,18831226;0,13239635
519,41292875;0,13773261
519,63755772;0,13205953
519,86219915;0,13784853
520,08685304;0,13312085
520,31151939;0,13602324
520,53619819;0,13215273
520,76088944;0,12704802
520,98559313;0,13478912
521,21030926;0,13057095
521,43503783;0,14264045
521,65977883;0,13818432
521,88453226;0,12763884
522,10929811;0,13107521
522,33407639;0,13465016
522,55886708;0,13146331
522,78367018;0,13320723
523,00848568;0,13400698
523,23331360;0,12958552
523,45815391;0,13594831
523,68300662;0,13407679
523,90787172;0,13824256
524,13274920;0,12947564
524,35763907;0,13802257
524,58254132;0,13346212
524,80745595;0,13094782
525,03238294;0,13567605
525,25732230;0,13661435
525,48227403;0,13423338
525,70723812;0,13403614
525,93221456;0,13537400
526,15720335;0,13734477
526,38220449;0,13283648
526,60721797;0,13576278
526,83224379;0,14285504
527,05728194;0,13496335
527,28233243;0,12911011
527,50739524;0,12948712
527,73247037;0,13456296
527,95755782;0,12869940
528,18265759;0,12975401
528,40776967;0,14058389
528,63289405;0,13221632
528,85803074;0,13403642
529,08317972;0,13505005
529,30834100;0,13927438
529,53351457;0,12856574
529,75870043;0,14097761
529,98389856;0,13583798
530,20910898;0,13252358
530,43433166;0,13301006
530,65956662;0,13644049
530,88481385;0,13456910
531,11007333;0,13792982
531,33534507;0,13606417
531,56062907;0,13913495
531,78592532;0,13961034
532,01123381;0,14519605
532,23655454;0,13695086
532,46188751;0,13657955
532,68723271;0,13755910
532,91259015;0,13889708
533,13795980;0,13979555
533,36334168;0,14680679
533,58873578;0,14189284
533,81414209;0,13576841
534,03956060;0,14236267
534,26499133;0,14463977
534,49043425;0,13794114
534,71588937;0,14935628
534,94135668;0,14621600
535,16683618;0,15460593
535,39232787;0,15290807
535,61783174;0,14705624
535,84334778;0,14210170
536,06887599;0,14396748
536,29441638;0,14531184
536,51996892;0,14641278
536,74553363;0,15060785
536,97111050;0,14246684
537,19669951;0,15528968
537,42230068;0,14853345
537,64791398;0,14964013
537,87353943;0,14666762
538,09917702;0,15297212
538,32482673;0,14939122
538,55048857;0,15665129
538,77616254;0,15448990
539,00184863;0,15552189
539,22754683;0,15439185
539,45325714;0,15376592
539,67897956;0,16351227
539,90471409;0,15847654
540,13046071;0,15736450
540,35621943;0,16473452
540,58199024;0,16217342
540,80777314;0,16525604
541,03356812;0,16680310
541,25937518;0,16613679
541,48519431;0,17087054
541,71102552;0,17236025
541,93686879;0,16870357
542,16272412;0,17408094
542,38859152;0,17325255
542,61447097;0,17255745
542,84036246;0,17599890
543,06626601;0,17500181
543,29218160;0,17930190
543,51810922;0,17665359
543,74404888;0,17779508
543,97000058;0,18520621
544,19596429;0,18342719
544,42194003;0,18236110
544,64792779;0,18736841
544,87392756;0,18642891
545,09993934;0,19422258
545,32596313;0,19430396
545,55199892;0,19170200
545,77804671;0,19227542
546,00410649;0,20026560
546,23017826;0,20041671
546,45626202;0,19877702
546,68235775;0,19808098
546,90846547;0,19771101
547,13458516;0,19622188
547,36071682;0,20376613
547,58686044;0,19884620
547,81301603;0,21162277
548,03918357;0,20912537
548,26536307;0,21023896
548,49155451;0,21033138
548,71775790;0,21902837
548,94397323;0,21322806
549,17020050;0,21489099
549,39643970;0,21307177
549,62269083;0,21424206
549,84895388;0,21306034
550,07522886;0,22089933
550,30151575;0,21676305
550,52781456;0,22087054
550,75412527;0,23011946
550,98044789;0,22699582
551,20678240;0,22322374
551,43312882;0,24029364
551,65948713;0,22936566
551,88585732;0,23234379
552,11223940;0,23239058
552,33863336;0,23895530
552,56503919;0,23736206
552,79145690;0,23761132
553,01788648;0,23912973
553,24432792;0,24546867
553,47078122;0,24506837
553,69724637;0,24470907
553,92372338;0,24829608
554,15021223;0,24462782
554,37671293;0,24548579
554,60322547;0,24899711
554,82974984;0,25248511
555,05628604;0,25333720
555,28283408;0,25154671
555,50939393;0,25266440
555,73596561;0,25724302
555,96254909;0,25584031
556,18914440;0,25935164
556,41575150;0,26271829
556,64237041;0,25722508
556,86900112;0,26416085
557,09564363;0,26204052
557,32229792;0,26265446
557,54896401;0,26407416
557,77564187;0,26482726
558,00233152;0,25652389
558,22903293;0,26188955
558,45574612;0,27007158
558,68247108;0,26915034
558,90920780;0,26265433
559,13595627;0,27660176
559,36271650;0,26667069
559,58948848;0,27757523
559,81627221;0,26673364
560,04306768;0,27344931
560,26987489;0,26831568
560,49669383;0,27205280
560,72352450;0,28190353
560,95036690;0,27516482
561,17722102;0,27351943
561,40408685;0,27682217
561,63096440;0,27170493
561,85785366;0,28103405
562,08475463;0,27016453
562,31166730;0,27625990
562,53859166;0,27433073
562,76552772;0,26975270
562,99247547;0,27388378
563,21943490;0,28238423
563,44640601;0,28219365
563,67338881;0,27222079
563,90038327;0,27304939
564,12738940;0,26586446
564,35440720;0,26889492
564,58143666;0,27430695
564,80847778;0,27764479
565,03553055;0,27640434
565,26259497;0,27505432
565,48967103;0,27197824
565,71675873;0,27186186
565,94385807;0,27273192
566,17096905;0,26967731
566,39809165;0,27276560
566,62522587;0,26930660
566,85237172;0,26753998
567,07952918;0,27427286
567,30669826;0,26812966
567,53387894;0,27162406
567,76107123;0,26720882
567,98827512;0,26923696
568,21549060;0,27375576
568,44271767;0,27018137
568,66995634;0,26664692
568,89720658;0,26632293
569,12446841;0,26385994
569,35174181;0,26381928
569,57902679;0,26829247
569,80632333;0,26863473
570,03363143;0,26350070
570,26095110;0,26930099
570,48828232;0,26570219
570,71562509;0,26869229
570,94297941;0,27014046
571,17034527;0,27720481
571,39772267;0,26693718
571,62511161;0,26721503
571,85251208;0,25787432
572,07992407;0,27094040
572,30734759;0,26956787
572,53478263;0,26380148
572,76222918;0,26745293
572,98968724;0,26049920
573,21715681;0,27106847
573,44463788;0,26489646
573,67213045;0,26698839
573,89963452;0,25942739
574,12715007;0,26880819
574,35467712;0,26880262
574,58221564;0,26711630
574,80976564;0,26289830
575,03732712;0,25991393
575,26490007;0,26915651
575,49248448;0,25747472
575,72008036;0,26523294
575,94768769;0,26472338
576,17530648;0,26556935
576,40293671;0,26337338
576,63057840;0,26083504
576,85823152;0,26270095
577,08589608;0,26421925
577,31357208;0,26734248
577,54125951;0,26643286
577,76895836;0,26444477
577,99666863;0,26348897
578,22439032;0,26716235
578,45212343;0,27081367
578,67986794;0,27596415
578,90762386;0,26566203
579,13539118;0,26785203
579,36316989;0,26549405
579,59096000;0,26570830
579,81876150;0,27495032
580,04657439;0,27481081
580,27439865;0,27033822
580,50223429;0,26990887
580,73008131;0,27154321
580,95793969;0,27276631
581,18580944;0,27065016
581,41369055;0,27420889
581,64158301;0,27351303
581,86948683;0,27378022
582,09740200;0,28037969
582,32532851;0,27434806
582,55326636;0,27831729
582,78121555;0,27331098
583,00917606;0,28467934
583,23714791;0,28399524
583,46513108;0,28787806
583,69312558;0,28180576
583,92113138;0,29142422
584,14914850;0,28471998
584,37717693;0,28407647
584,60521666;0,28726324
584,83326769;0,28779097
585,06133002;0,29006246
585,28940364;0,29124960
585,51748854;0,29394410
585,74558473;0,28841145
585,97369220;0,28786629
586,20181094;0,29414104
586,42994096;0,29136595
586,65808224;0,29513783
586,88623479;0,29479025
587,11439859;0,29784370
587,34257365;0,29373037
587,57075997;0,29830185
587,79895752;0,30385890
588,02716633;0,30539988
588,25538637;0,31062074
588,48361764;0,31479287
588,71186015;0,31158878
588,94011388;0,31202260
589,16837883;0,31447347
589,39665501;0,31133929
589,62494239;0,31840249
589,85324099;0,32016446
590,08155080;0,32225028
590,30987180;0,33325421
590,53820401;0,33057102
590,76654741;0,32875159
590,99490200;0,33042623
591,22326778;0,33514837
591,45164473;0,32777243
591,68003287;0,32756334
591,90843218;0,33285962
592,13684266;0,34034037
592,36526431;0,34185854
592,59369711;0,34139473
592,82214108;0,34735163
593,05059620;0,34032894
593,27906246;0,34586834
593,50753988;0,34843503
593,73602843;0,34816326
593,96452813;0,34953030
594,19303895;0,35528391
594,42156091;0,35570768
594,65009399;0,35643103
594,87863819;0,36005834
595,10719351;0,36039488
595,33575994;0,36052241
595,56433748;0,36233610
595,79292613;0,36447937
596,02152587;0,36146681
596,25013672;0,36416154
596,47875865;0,36766087
596,70739168;0,37498562
596,93603579;0,37190268
597,16469098;0,37449887
597,39335724;0,38212340
597,62203458;0,38091890
597,85072299;0,37896623
598,07942246;0,38361876
598,30813299;0,38609322
598,53685458;0,38186861
598,76558722;0,38688658
598,99433091;0,39382331
599,22308564;0,39007381
599,45185141;0,39114575
599,68062822;0,39826670
599,90941606;0,39463438
600,13821493;0,39410652
600,36702482;0,39755439
600,59584573;0,40194050
600,82467766;0,40606072
601,05352060;0,39998278
601,28237455;0,40501819
601,51123949;0,40376024
601,74011544;0,41233030
601,96900239;0,40950861
602,19790032;0,41515168
602,42680925;0,41180857
602,65572915;0,41654945
602,88466004;0,41754568
603,11360190;0,41410925
603,34255473;0,41351277
603,57151853;0,42766203
603,80049329;0,42099303
604,02947901;0,42669509
604,25847568;0,42841014
604,48748331;0,42444042
604,71650188;0,43252394
604,94553140;0,42832818
605,17457185;0,43984194
605,40362324;0,43174158
605,63268555;0,43257570
605,86175880;0,43786633
606,09084296;0,44008016
606,31993805;0,43841085
606,54904405;0,43354349
606,77816096;0,44071149
607,00728877;0,44302298
607,23642749;0,44020175
607,46557710;0,44328353
607,69473761;0,45406155
607,92390901;0,44388640
608,15309130;0,44531813
608,38228446;0,44794868
608,61148851;0,44430981
608,84070342;0,44681801
609,06992921;0,45057287
609,29916586;0,45253700
609,52841338;0,44764723
609,75767175;0,44872548
609,98694097;0,45491951
610,21622105;0,45808335
610,44551196;0,45530743
610,67481372;0,45321526
610,90412632;0,45684910
611,13344975;0,45715615
611,36278401;0,46085257
611,59212909;0,45753257
611,82148500;0,46662954
612,05085172;0,45687157
612,28022925;0,45876050
612,50961760;0,46761455
612,73901674;0,46206928
612,96842669;0,46918504
613,19784743;0,45673774
613,42727897;0,45856928
613,65672130;0,46964262
613,88617441;0,46627645
614,11563829;0,46262557
614,34511296;0,46319927
614,57459840;0,46311869
614,80409460;0,46153161
615,03360157;0,46264892
615,26311930;0,46171637
615,49264779;0,45986238
615,72218703;0,46508257
615,95173701;0,46957976
616,18129774;0,46267799
616,41086921;0,46441050
616,64045141;0,46057404
616,87004435;0,45908534
617,09964801;0,46039494
617,32926240;0,46133325
617,55888750;0,46596911
617,78852332;0,46990895
618,01816986;0,46920203
618,24782710;0,46268812
618,47749504;0,45739896
618,70717368;0,46291527
618,93686302;0,45960148
619,16656305;0,45763697
619,39627376;0,46858312
619,62599516;0,46891290
619,85572723;0,46220855
620,08546998;0,45859833
620,31522341;0,45376023
620,54498749;0,46140305
620,77476224;0,45964752
621,00454765;0,45944439
621,23434372;0,45670379
621,46415043;0,45894607
621,69396779;0,45297160
621,92379579;0,45537187
622,15363443;0,45171509
622,38348371;0,45441488
622,61334361;0,44588051
622,84321414;0,44820317
623,07309530;0,44287835
623,30298707;0,44673717
623,53288945;0,43799938
623,76280244;0,44576405
623,99272604;0,44218338
624,22266024;0,44732824
624,45260504;0,44100024
624,68256044;0,44841159
624,91252642;0,44355567
625,14250299;0,43991768
625,37249013;0,44647677
625,60248786;0,44658111
625,83249616;0,43809777
626,06251503;0,44377634
626,29254446;0,44740343
626,52258446;0,44475521
626,75263501;0,44079797
626,98269611;0,44107600
627,21276777;0,43775044
627,44284996;0,42761009
627,67294270;0,43519545
627,90304598;0,43659127
628,13315979;0,43352019
628,36328412;0,43684057
628,59341899;0,43969150
628,82356437;0,43936748
629,05372027;0,43517744
629,28388668;0,43558826
629,51406360;0,44110568
629,74425102;0,43559076
629,97444894;0,43944213
630,20465736;0,43554917
630,43487627;0,43759834
630,66510567;0,43228029
630,89534556;0,44188749
631,12559592;0,42705040
631,35585676;0,43671314
631,58612807;0,43024122
631,81640985;0,42765731
632,04670209;0,42532002
632,27700479;0,41972199
632,50731795;0,41821537
632,73764156;0,42644691
632,96797562;0,41800994
633,19832012;0,41389146
633,42867505;0,42074873
633,65904043;0,41514820
633,88941623;0,41992397
634,11980247;0,41453600
634,35019912;0,41004881
634,58060620;0,41175455
634,81102369;0,41235338
635,04145159;0,41528687
635,27188989;0,40670534
635,50233860;0,41125490
635,73279771;0,40970600
635,96326722;0,40562269
636,19374711;0,40867317
636,42423739;0,40647042
636,65473805;0,40620085
636,88524909;0,40919996
637,11577051;0,39978445
637,34630230;0,40059649
637,57684445;0,40872354
637,80739696;0,40447507
638,03795984;0,40871692
638,26853306;0,39637797
638,49911664;0,39332131
638,72971056;0,38657043
638,96031483;0,38586283
639,19092943;0,38574947
639,42155436;0,39932115
639,65218963;0,38882590
639,88283522;0,39633915
640,11349113;0,39679859
640,34415737;0,39236822
640,57483391;0,40310107
640,80552076;0,39226208
641,03621792;0,39356862
641,26692538;0,39252054
641,49764314;0,39784550
641,72837119;0,38829698
641,95910953;0,39311168
642,18985815;0,39952973
642,42061706;0,39645385
642,65138624;0,39425109
642,88216570;0,39708036
643,11295542;0,39735888
643,34375541;0,40588911
643,57456566;0,39488669
643,80538617;0,40112828
644,03621693;0,39866281
644,26705794;0,39976324
644,49790919;0,40795465
644,72877068;0,39985127
644,95964241;0,40050126
645,19052437;0,40430158
645,42141656;0,41467621
645,65231897;0,40994854
645,88323161;0,41280251
646,11415446;0,41187118
646,34508752;0,41328451
646,57603079;0,40945235
646,80698426;0,41697567
647,03794794;0,41104864
647,26892181;0,41670512
647,49990587;0,41818252
647,73090011;0,42110881
647,96190455;0,42586598
648,19291916;0,42459764
648,42394395;0,42854922
648,65497890;0,42764484
648,88602403;0,42529276
649,11707932;0,42613843
649,34814477;0,43449967
649,57922037;0,42795792
649,81030613;0,43839316
650,04140203;0,44306948
650,27250807;0,43987108
650,50362426;0,43919286
650,73475058;0,44114662
650,96588703;0,43882285
651,19703360;0,44548045
651,42819030;0,44611748
651,65935712;0,45503443
651,89053405;0,45168562
652,12172110;0,45360454
652,35291825;0,46148500
652,58412550;0,46000654
652,81534285;0,45964735
653,04657029;0,46173944
653,27780783;0,46676880
653,50905545;0,46424907
653,74031315;0,47008940
653,97158093;0,47080239
654,20285879;0,47579006
654,43414671;0,47550088
654,66544470;0,47389616
654,89675276;0,47533300
655,12807087;0,47342139
655,35939903;0,48069229
655,59073725;0,48100548
655,82208551;0,48810949
656,05344381;0,49173059
656,28481214;0,49156392
656,51619052;0,49083817
656,74757892;0,49965201
656,97897735;0,50484393
657,21038579;0,50810011
657,44180426;0,50289681
657,67323274;0,50100212
657,90467122;0,50303031
658,13611972;0,50783389
658,36757821;0,51645620
658,59904670;0,50479158
658,83052518;0,51036556
659,06201365;0,52103917
659,29351211;0,50961264
659,52502055;0,51618396
659,75653896;0,51886597
659,98806735;0,52245302
660,21960570;0,51785292
660,45115402;0,52724530
660,68271230;0,52625405
660,91428054;0,53397823
661,14585873;0,53175277
661,37744686;0,53976105
661,60904494;0,53918742
661,84065296;0,54247838
662,07227092;0,53964552
662,30389881;0,55469907
662,53553663;0,54308707
662,76718437;0,54830187
662,99884203;0,54975011
663,23050960;0,55103730
663,46218709;0,55976913
663,69387449;0,55650083
663,92557178;0,56188443
664,15727898;0,55978104
664,38899608;0,55832040
664,62072306;0,56067937
664,85245993;0,55455999
665,08420669;0,56620723
665,31596332;0,56785814
665,54772983;0,56731317
665,77950621;0,56746407
666,01129246;0,57503171
666,24308857;0,56997848
666,47489454;0,57241244
666,70671037;0,57175149
666,93853604;0,57744206
667,17037156;0,57683349
667,40221693;0,58167810
667,63407213;0,57809702
667,86593717;0,58693431
668,09781204;0,58141711
668,32969673;0,58737962
668,56159125;0,58383938
668,79349559;0,58444800
669,02540974;0,58511409
669,25733370;0,59075804
669,48926746;0,58357265
669,72121103;0,59011427
669,95316440;0,59470932
670,18512756;0,58800434
670,41710051;0,59042668
670,64908324;0,58905344
670,88107576;0,59827937
671,11307806;0,58614539
671,34509012;0,59408399
671,57711196;0,59333621
671,80914357;0,59229365
672,04118493;0,58963323
672,27323606;0,59038152
672,50529693;0,59019048
672,73736756;0,58440658
672,96944793;0,58803462
673,20153804;0,59002292
673,43363789;0,59211940
673,66574747;0,58776229
673,89786679;0,58717074
674,12999582;0,58660804
674,36213458;0,58110990
674,59428305;0,58681798
674,82644124;0,59089099
675,05860914;0,58404854
675,29078674;0,58920538
675,52297404;0,58673608
675,75517104;0,59027665
675,98737773;0,59670836
676,21959410;0,60241003
676,45182017;0,58247100
676,68405591;0,59099617
676,91630133;0,58554779
677,14855642;0,58064609
677,38082118;0,58460457
677,61309560;0,58385029
677,84537969;0,57644588
678,07767343;0,57746617
678,30997682;0,57853756
678,54228986;0,57405847
678,77461254;0,57227410
679,00694487;0,57871191
679,23928682;0,56999583
679,47163842;0,56767312
679,70399963;0,56613153
679,93637047;0,56536603
680,16875094;0,56024452
680,40114101;0,56782989
680,63354070;0,56060306
680,86594999;0,56240002
681,09836889;0,56631688
681,33079739;0,56012789
681,56323548;0,56782942
681,79568316;0,55956006
682,02814043;0,55234057
682,26060729;0,55452020
682,49308372;0,55290233
682,72556973;0,54704469
682,95806530;0,55030099
683,19057045;0,55241016
683,42308516;0,55170326
683,65560942;0,55481438
683,88814324;0,55983262
684,12068661;0,55118168
684,35323953;0,55360377
684,58580199;0,55199884
684,81837398;0,55105417
685,05095551;0,54363607
685,28354658;0,54252518
685,51614716;0,55588723
685,74875727;0,53697931
685,98137690;0,54411830
686,21400604;0,54465716
686,44664469;0,53977918
686,67929285;0,54054917
686,91195051;0,54027599
687,14461767;0,54324466
687,37729432;0,54082736
687,60998046;0,53161317
687,84267608;0,53579255
688,07538119;0,53527595
688,30809577;0,53430794
688,54081983;0,52982954
688,77355336;0,52750556
689,00629635;0,52843916
689,23904880;0,52594141
689,47181071;0,52578536
689,70458208;0,52908198
689,93736289;0,53710700
690,17015314;0,52281279
690,40295284;0,52724457
690,63576198;0,52069149
690,86858054;0,52367615
691,10140854;0,51804941
691,33424596;0,51928340
691,56709280;0,52829376
691,79994906;0,52994013
692,03281473;0,51843208
692,26568981;0,51937081
692,49857429;0,51631733
692,73146817;0,51846704
692,96437145;0,52333936
693,19728413;0,51462569
693,43020619;0,52087048
693,66313763;0,51316419
693,89607845;0,52228503
694,12902865;0,51252105
694,36198822;0,50256101
694,59495716;0,51822873
694,82793547;0,51653673
695,06092313;0,51143813
695,29392015;0,50741106
695,52692652;0,51361654
695,75994223;0,50470448
695,99296729;0,50524981
696,22600169;0,51140248
696,45904543;0,50433381
696,69209850;0,50655306
696,92516089;0,50427626
697,15823261;0,50409070
697,39131364;0,50024903
697,62440399;0,50391607
697,85750366;0,49649983
698,09061262;0,50281522
698,32373090;0,50168588
698,55685847;0,50746892
698,78999533;0,49827839
699,02314149;0,50187788
699,25629693;0,50198143
699,48946166;0,50293111
699,72263566;0,49480181
699,95581894;0,50198094
700,18901149;0,50402048
700,42221330;0,49305226
700,65542438;0,49751964
700,88864471;0,50373713
701,12187430;0,49501694
701,35511314;0,49086799
701,58836123;0,49503354
701,82161856;0,49032969
702,05488512;0,49946054
702,28816092;0,48305686
702,52144595;0,49599624
702,75474021;0,49155146
702,98804368;0,49544524
703,22135638;0,48975550
703,45467828;0,49334058
703,68800940;0,49001549
703,92134972;0,49053167
704,15469925;0,48317212
704,38805797;0,49456470
704,62142589;0,49200409
704,85480299;0,50072978
705,08818928;0,49773369
705,32158475;0,48828913
705,55498940;0,49624443
705,78840322;0,49475591
706,02182620;0,49447167
706,25525836;0,49287271
706,48869967;0,49083871
706,72215015;0,49913071
706,95560977;0,49882889
707,18907854;0,49290194
707,42255646;0,49002739
707,65604352;0,49247845
707,88953971;0,49659837
708,12304504;0,49973893
708,35655949;0,49224645
708,59008307;0,49914761
708,82361577;0,49140104
709,05715759;0,49882941
709,29070852;0,49620494
709,52426855;0,49743325
709,75783769;0,49618710
709,99141593;0,49946058
710,22500327;0,50154089
710,45859969;0,50660548
710,69220521;0,50275137
710,92581981;0,49785607
711,15944349;0,49806465
711,39307624;0,50546961
711,62671807;0,50080598
711,86036896;0,50456575
712,09402892;0,50958987
712,32769793;0,50484912
712,56137600;0,50023691
712,79506312;0,50561483
713,02875929;0,51028995
713,26246451;0,50877289
713,49617876;0,51036050
713,72990204;0,52145682
713,96363436;0,51388309
714,19737571;0,51737183
714,43112607;0,51266008
714,66488546;0,51290941
714,89865386;0,51811923
715,13243127;0,52053484
715,36621769;0,52341473
715,60001311;0,52243581
715,83381753;0,52221580
716,06763094;0,52492187
716,30145334;0,52390782
716,53528473;0,52699638
716,76912510;0,52890229
717,00297445;0,52558129
717,23683278;0,53018222
717,47070007;0,53202591
717,70457633;0,53024688
717,93846155;0,52251066
718,17235573;0,52978360
718,40625887;0,53376353
718,64017095;0,53333501
718,87409198;0,53327218
719,10802195;0,53753055
719,34196086;0,54222937
719,57590870;0,53598357
719,80986547;0,53917015
720,04383117;0,54233407
720,27780579;0,54419988
720,51178932;0,53995844
720,74578177;0,54014858
720,97978313;0,54301666
721,21379339;0,54177792
721,44781255;0,54579215
721,68184062;0,54298217
721,91587757;0,54903758
722,14992341;0,54768869
722,38397814;0,55289120
722,61804175;0,55549277
722,85211423;0,54753161
723,08619559;0,55541736
723,32028582;0,56026729
723,55438491;0,55997775
723,78849286;0,55989065
724,02260966;0,56427768
724,25673532;0,55761933
724,49086983;0,55692403
724,72501318;0,56121798
724,95916538;0,55563163
725,19332640;0,56602115
725,42749627;0,56836172
725,66167495;0,57072735
725,89586247;0,57010656
726,13005880;0,56968849
726,36426395;0,57480597
726,59847791;0,57156006
726,83270067;0,57176950
727,06693225;0,57514191
727,30117262;0,57539691
727,53542178;0,57964360
727,76967974;0,57990453
728,00394648;0,58436027
728,23822201;0,58624404
728,47250632;0,58563591
728,70679940;0,58904247
728,94110126;0,58567012
729,17541188;0,58620901
729,40973126;0,59076387
729,64405941;0,59087358
729,87839630;0,59750231
730,11274195;0,59982570
730,34709635;0,59873110
730,58145949;0,59783290
730,81583137;0,60856963
731,05021198;0,60151757
731,28460132;0,59875949
731,51899939;0,60702260
731,75340618;0,60898627
731,98782169;0,60500637
732,22224591;0,60055108
732,45667885;0,60869134
732,69112049;0,61116562
732,92557083;0,61043579
733,16002987;0,61405689
733,39449761;0,61297348
733,62897403;0,61164028
733,86345914;0,62447579
734,09795294;0,61637494
734,33245541;0,61948703
734,56696655;0,62052324
734,80148637;0,63208377
735,03601485;0,61964810
735,27055199;0,62182219
735,50509779;0,62400605
735,73965224;0,62358855
735,97421534;0,62192602
736,20878709;0,63297514
736,44336748;0,62744206
736,67795650;0,61951555
736,91255416;0,62234310
737,14716045;0,63051327
737,38177536;0,62654379
737,61639889;0,62614389
737,85103105;0,63244791
738,08567181;0,63462699
738,32032118;0,63231493
738,55497916;0,64043359
738,78964574;0,62970198
739,02432091;0,63221725
739,25900468;0,63536330
739,49369703;0,63524114
739,72839797;0,63107528
739,96310749;0,63915216
740,19782559;0,63160190
740,43255226;0,63679953
740,66728750;0,63499897
740,90203130;0,63564118
741,13678366;0,63969110
741,37154458;0,63346904
741,60631405;0,63610430
741,84109207;0,63361358
742,07587863;0,63510786
742,31067373;0,64091391
742,54547737;0,63880463
742,78028953;0,63615086
743,01511023;0,64006204
743,24993945;0,63577419
743,48477719;0,64354456
743,71962345;0,63665502
743,95447821;0,64036923
744,18934149;0,63302145
744,42421326;0,63992360
744,65909354;0,63724597
744,89398231;0,64201552
745,12887957;0,63133082
745,36378532;0,63949486
745,59869955;0,64195127
745,83362227;0,62867656
746,06855345;0,64165611
746,30349311;0,63309223
746,53844123;0,63347897
746,77339782;0,63549634
747,00836287;0,63633045
747,24333636;0,63430841
747,47831832;0,63366540
747,71330871;0,63259917
747,94830755;0,63227462
748,18331483;0,63977193
748,41833054;0,63915889
748,65335468;0,63271568
748,88838725;0,62717583
749,12342824;0,62648067
749,35847765;0,63558308
749,59353547;0,61956751
749,82860170;0,62872350
750,06367634;0,62842153
750,29875938;0,61962553
750,53385082;0,62291062
750,76895065;0,62022783
751,00405887;0,62901234
751,23917548;0,62622622
751,47430047;0,62542024
751,70943383;0,62214627
751,94457557;0,61808950
752,17972568;0,62134654
752,41488416;0,61706503
752,65005099;0,61793314
752,88522618;0,61994945
753,12040973;0,61450894
753,35560162;0,62059335
753,59080186;0,61166343
753,82601044;0,61399360
754,06122736;0,60762513
754,29645261;0,60750907
754,53168619;0,60342999
754,76692809;0,60865123
755,00217832;0,60236917
755,23743686;0,59756619
755,47270371;0,59697517
755,70797887;0,60055681
755,94326234;0,59649371
756,17855410;0,60025988
756,41385417;0,59815124
756,64916252;0,59306991
756,88447917;0,58368828
757,11980409;0,58631325
757,35513730;0,58951750
757,59047878;0,58699109
757,82582854;0,58131306
758,06118656;0,58215308
758,29655285;0,57657892
758,53192740;0,57496747
758,76731020;0,57738436
759,00270125;0,58460329
759,23810055;0,57341494
759,47350810;0,57254593
759,70892388;0,57214028
759,94434790;0,56828721
760,17978015;0,57345569
760,41522063;0,56850761
760,65066934;0,56913404
760,88612626;0,56737146
761,12159139;0,56367986
761,35706474;0,56482182
761,59254629;0,56289219
761,82803605;0,55993741
762,06353401;0,55360365
762,29904016;0,55801281
762,53455450;0,54472027
762,77007703;0,54803498
763,00560774;0,54846398
763,24114663;0,54180633
763,47669369;0,54769421
763,71224893;0,54130258
763,94781233;0,53914111
764,18338389;0,54013159
764,41896362;0,54038143
764,65455149;0,53531711
764,89014752;0,53153822
765,12575169;0,52684571
765,36136400;0,53166626
765,59698446;0,52801006
765,83261304;0,53546226
766,06824976;0,53174754
766,30389460;0,53299360
766,53954756;0,53095339
766,77520865;0,52205901
767,01087784;0,51777633
767,24655515;0,51588739
767,48224056;0,51656585
767,71793407;0,51453805
767,95363568;0,50931079
768,18934538;0,51483444
768,42506317;0,51319379
768,66078905;0,51162308
768,89652301;0,50957761
769,13226504;0,50942144
769,36801515;0,51517581
769,60377333;0,50592138
769,83953957;0,50348756
770,07531387;0,50287923
770,31109623;0,49712555
770,54688665;0,49937945
770,78268511;0,49911380
771,01849161;0,49428096
771,25430616;0,49669680
771,49012874;0,49793704
771,72595936;0,48914122
771,96179800;0,49501025
772,19764467;0,49261717
772,43349936;0,49226446
772,66936207;0,48509048
772,90523278;0,48685231
773,14111151;0,48218135
773,37699824;0,48529366
773,61289297;0,48324873
773,84879569;0,48422177
774,08470641;0,48535151
774,32062512;0,47881514
774,55655180;0,47821261
774,79248647;0,48461544
775,02842912;0,47768030
775,26437973;0,48174711
775,50033832;0,47766818
775,73630486;0,47985863
775,97227937;0,47298062
776,20826183;0,47326518
776,44425224;0,47552349
776,68025060;0,47570957
776,91625691;0,48159686
777,15227115;0,47564609
777,38829333;0,47165365
777,62432344;0,47014110
777,86036147;0,46895927
778,09640743;0,47053571
778,33246131;0,46890702
778,56852310;0,46643292
778,80459280;0,46872738
779,04067041;0,47795748
779,27675592;0,46560973
779,51284933;0,46654318
779,74895064;0,46341988
779,98505984;0,47335037
780,22117692;0,45786834
780,45730188;0,46518753
780,69343472;0,46576022
780,92957544;0,45981533
781,16572403;0,46186717
781,40188048;0,46002362
781,63804479;0,46455488
781,87421697;0,46115387
782,11039699;0,45689520
782,34658487;0,46356495
782,58278059;0,46138637
782,81898416;0,45522660
783,05519556;0,45659954
783,29141479;0,46160580
783,52764186;0,45642646
783,76387675;0,45721988
784,00011946;0,44869569
784,23636999;0,45561470
784,47262833;0,45857001
784,70889448;0,45410772
784,94516844;0,45148858
785,18145020;0,45862784
785,41773975;0,44975101
785,65403710;0,44754859
785,89034224;0,45100185
786,12665516;0,45015600
786,36297586;0,45810023
786,59930434;0,44894453
786,83564059;0,44900331
787,07198461;0,45087995
787,30833640;0,44387512
787,54469594;0,44895049
787,78106325;0,45267629
788,01743830;0,44536418
788,25382110;0,44250136
788,49021165;0,44170160
788,72660994;0,43642905
788,96301596;0,45385316
789,19942972;0,43607584
789,43585120;0,44658106
789,67228041;0,43996341
789,90871734;0,44001004
790,14516198;0,43930386
790,38161434;0,43762239
790,61807440;0,44330103
790,85454217;0,43486475
791,09101764;0,44108149
791,32750080;0,44246127
791,56399165;0,44042179
791,80049019;0,43862544
792,03699642;0,43823726
792,27351032;0,43591346
792,51003190;0,43488279
792,74656115;0,43870652
792,98309807;0,42953993
793,21964265;0,43455137
793,45619489;0,43388531
793,69275479;0,43281334
793,92932234;0,43033363
794,16589753;0,42566364
794,40248036;0,42810840
794,63907084;0,43109851
794,87566895;0,42789368
795,11227469;0,43540920
795,34888806;0,42585449
795,58550905;0,42871088
795,82213765;0,42860698
796,05877388;0,42284099
796,29541771;0,42715295
796,53206915;0,43097621
796,76872819;0,42445777
797,00539483;0,41662417
797,24206906;0,42393681
797,47875088;0,42933717
797,71544029;0,43066366
797,95213729;0,43292341
798,18884186;0,42879202
798,42555400;0,42520570
798,66227371;0,42679291
798,89900099;0,42059220
799,13573583;0,42296918
799,37247823;0,42456238
799,60922818;0,42375684
799,84598568;0,42243576
800,08275073;0,43345614
800,31952332;0,42701348
800,55630344;0,43534537
800,79309110;0,41976448
801,02988629;0,42556967
801,26668900;0,42775471
801,50349923;0,42616153
801,74031698;0,42506047
801,97714225;0,42572736
802,21397502;0,42294535
802,45081530;0,42132308
802,68766308;0,42023940
802,92451835;0,42134630
803,16138112;0,42223914
803,39825138;0,42639883
803,63512912;0,42626052
803,87201434;0,41487428
804,10890704;0,42446324
804,34580721;0,42326396
804,58271485;0,42764534
804,81962995;0,42310231
805,05655251;0,42321202
805,29348253;0,42113135
805,53042000;0,42391339
805,76736492;0,42554706
806,00431728;0,42156668
806,24127709;0,42459144
806,47824433;0,43152166
806,71521900;0,42809696
806,95220109;0,42125347
807,18919062;0,42874583
807,42618756;0,42721592
807,66319192;0,42206447
807,90020368;0,43531064
808,13722286;0,41906326
808,37424944;0,42714597
808,61128342;0,42462048
808,84832479;0,42985233
809,08537356;0,43562985
809,32242971;0,43038532
809,55949325;0,42671767
809,79656416;0,42636409
810,03364245;0,42835694
810,27072811;0,42911128
810,50782114;0,42631253
810,74492153;0,42887314
810,98202928;0,43486464
811,21914438;0,42909346
811,45626683;0,43189833
811,69339663;0,42854891
811,93053378;0,42817256
812,16767826;0,43215282
812,40483008;0,43225737
812,64198922;0,43131312
812,87915569;0,43161458
813,11632949;0,43349159
813,35351060;0,43146903
813,59069903;0,42679277
813,82789477;0,42911025
814,06509781;0,43472014
814,30230815;0,43037968
814,53952580;0,43205407
814,77675073;0,44027642
815,01398296;0,43711868
815,25122247;0,43190902
815,48846926;0,43760497
815,72572333;0,44206104
815,96298468;0,43361241
816,20025329;0,43744299
816,43752917;0,43505049
816,67481231;0,43939067
816,91210271;0,43530525
817,14940036;0,44224673
817,38670526;0,44005640
817,62401741;0,44152208
817,86133679;0,43323623
818,09866342;0,44310457
818,33599727;0,44056047
818,57333836;0,44786150
818,81068667;0,43930909
819,04804220;0,44512040
819,28540495;0,43656298
819,52277491;0,44178904
819,76015207;0,44562496
819,99753645;0,43616198
820,23492802;0,44846977
820,47232679;0,43693355
820,70973275;0,44240863
820,94714590;0,45321537
821,18456624;0,43824820
821,42199375;0,45192242
821,65942844;0,44838333
821,89687031;0,45176078
822,13431934;0,44676073
822,37177553;0,45038230
822,60923889;0,45013899
822,84670940;0,45402673
823,08418706;0,45598515
823,32167187;0,45598522
823,55916382;0,45409668
823,79666291;0,45004665
824,03416914;0,45512779
824,27168250;0,46164556
824,50920299;0,45653592
824,74673060;0,46351788
824,98426533;0,45668622
825,22180717;0,46249823
825,45935613;0,46257891
825,69691219;0,46432365
825,93447536;0,45757333
826,17204563;0,46013957
826,40962299;0,45630385
826,64720744;0,46778261
826,88479897;0,46205767
827,12239759;0,46756365
827,36000329;0,46807848
827,59761607;0,46915596
827,83523591;0,45802489
828,07286282;0,46693036
828,31049680;0,45584022
828,54813783;0,46109073
828,78578591;0,46551116
829,02344105;0,46565632
829,26110323;0,45756156
829,49877246;0,47359431
829,73644872;0,46805035
829,97413202;0,46937679
830,21182234;0,47041353
830,44951970;0,46284049
830,68722407;0,47032638
830,92493546;0,46180264
831,16265387;0,46803797
831,40037928;0,46243487
831,63811171;0,46750497
831,87585113;0,46062647
832,11359755;0,46190170
832,35135096;0,46334987
832,58911137;0,45748008
832,82687875;0,46289826
833,06465312;0,46143748
833,30243447;0,47230847
833,54022279;0,45674418
833,77801808;0,46029630
834,01582034;0,46158847
834,25362955;0,46033194
834,49144572;0,46612020
834,72926885;0,46350633
834,96709892;0,46114848
835,20493594;0,46301400
835,44277990;0,45669754
835,68063080;0,46688445
835,91848862;0,45414240
836,15635338;0,45913243
836,39422506;0,44929962
836,63210366;0,45401525
836,86998918;0,45372537
837,10788161;0,45366190
837,34578095;0,45450210
837,58368719;0,45790319
837,82160034;0,45274598
838,05952038;0,44974416
838,29744731;0,45237020
838,53538112;0,45531868
838,77332183;0,45161638
839,01126941;0,45618821
839,24922387;0,44530617
839,48718520;0,45143033
839,72515340;0,45104792
839,96312846;0,44371873
840,20111038;0,44447253
840,43909915;0,45166319
840,67709478;0,45012148
840,91509725;0,44692868
841,15310657;0,44643646
841,39112273;0,44324369
841,62914572;0,43912313
841,86717555;0,43539278
842,10521220;0,44477323
842,34325567;0,43645288
842,58130596;0,43025842
842,81936307;0,42867693
843,05742699;0,43021784
843,29549771;0,43321355
843,53357524;0,43765756
843,77165957;0,43141777
844,00975069;0,42840386
844,24784860;0,43092502
844,48595329;0,42379756
844,72406477;0,42977111
844,96218303;0,43396671
845,20030807;0,42631793
845,43843987;0,42784178
845,67657844;0,42737800
845,91472377;0,42200070
846,15287586;0,41768446
846,39103470;0,42504341
846,62920029;0,42575582
846,86737263;0,41296778
847,10555171;0,41533770
847,34373753;0,41355281
847,58193008;0,41991500
847,82012936;0,40955437
848,05833537;0,41547065
848,29654810;0,41778909
848,53476755;0,41013374
848,77299371;0,41251556
849,01122658;0,40545759
849,24946615;0,40547522
849,48771242;0,41107328
849,72596540;0,40019082
849,96422506;0,39886413
850,20249142;0,40321574
850,44076446;0,40517402
850,67904418;0,39745019
850,91733058;0,39987791
851,15562365;0,40113539
851,39392338;0,39254727
851,63222979;0,39907273
851,87054285;0,39445479
852,10886257;0,38714221
852,34718895;0,38764061
852,58552197;0,38396106
852,82386164;0,38751266
853,06220794;0,38714141
853,30056088;0,38650983
853,53892046;0,39036948
853,77728666;0,38345648
854,01565949;0,38426147
854,25403894;0,38481779
854,49242500;0,38195002
854,73081768;0,38423817
854,96921696;0,37963832
855,20762285;0,37661922
855,44603533;0,36979367
855,68445442;0,37528048
855,92288009;0,37584280
856,16131235;0,37262646
856,39975120;0,37206477
856,63819662;0,36923151
856,87664862;0,37004843
857,11510719;0,36574322
857,35357233;0,37486896
857,59204403;0,36401645
857,83052229;0,36340777
858,06900711;0,36031914
858,30749848;0,35733559
858,54599639;0,36253871
858,78450085;0,35633282
859,02301184;0,36254479
859,26152937;0,35905632
859,50005344;0,35810015
859,73858402;0,35464048
859,97712113;0,34990116
860,21566476;0,36366278
860,45421491;0,35316367
860,69277156;0,34991255
860,93133472;0,34995369
861,16990439;0,34524203
861,40848055;0,34671425
861,64706320;0,34689375
861,88565235;0,34219492
862,12424798;0,34540503
862,36285009;0,34373073
862,60145869;0,34357373
862,84007375;0,34176569
863,07869529;0,33950611
863,31732329;0,34187003
863,55595775;0,34248997
863,79459867;0,33665474
864,03324605;0,33575665
864,27189987;0,33571614
864,51056014;0,33850359
864,74922685;0,33884551
864,98790000;0,33130108
865,22657958;0,33818560
865,46526559;0,32957421
865,70395803;0,32545459
865,94265689;0,32948143
866,18136216;0,32830018
866,42007385;0,32836933
866,65879195;0,32668251
866,89751645;0,32529798
867,13624735;0,32424354
867,37498465;0,32403495
867,61372834;0,31827450
867,85247842;0,32460315
868,09123489;0,31543582
868,32999773;0,31420177
868,56876696;0,31440466
868,80754255;0,31461274
869,04632451;0,31523846
869,28511284;0,32091784
869,52390753;0,30844168
869,76270857;0,30338425
870,00151597;0,30842518
870,24032971;0,30913772
870,47914980;0,31319352
870,71797623;0,30343563
870,95680899;0,30717943
871,19564809;0,30669240
871,43449352;0,30206216
871,67334526;0,30087989
871,91220333;0,29513808
872,15106771;0,29226994
872,38993841;0,30106038
872,62881541;0,29793693
872,86769872;0,29339409
873,10658832;0,28704877
873,34548422;0,29407782
873,58438641;0,28304564
873,82329489;0,28585531
874,06220965;0,29009710
874,30113070;0,28857871
874,54005801;0,28390246
874,77899160;0,28565317
875,01793145;0,28018892
875,25687757;0,28449974
875,49582995;0,27449279
875,73478858;0,27823573
875,97375346;0,27136390
876,21272459;0,27167102
876,45170196;0,27953352
876,69068557;0,27296250
876,92967541;0,27142732
877,16867148;0,26716858
877,40767378;0,27226818
877,64668231;0,26754489
877,88569705;0,27191436
878,12471800;0,26407460
878,36374517;0,26441004
878,60277854;0,26721547
878,84181811;0,26933543
879,08086388;0,26031337
879,31991585;0,26156511
879,55897400;0,26178566
879,79803834;0,26090508
880,03710886;0,25739983
880,27618556;0,25358079
880,51526844;0,25616457
880,75435748;0,25438613
880,99345269;0,25814094
881,23255406;0,25223630
881,47166159;0,25292627
881,71077527;0,25497138
881,94989510;0,25620554
882,18902107;0,25081662
882,42815319;0,25681949
882,66729144;0,25006899
882,90643583;0,25243392
883,14558634;0,25613028
883,38474298;0,24751317
883,62390574;0,25298954
883,86307462;0,24871860
884,10224961;0,24803519
884,34143071;0,24706149
884,58061791;0,24951289
884,81981121;0,24680105
885,05901061;0,24946667
885,29821611;0,24462824
885,53742769;0,24775131
885,77664535;0,23786639
886,01586910;0,24628570
886,25509892;0,25113552
886,49433482;0,23922782
886,73357678;0,24669697
886,97282480;0,24658701
887,21207889;0,24333001
887,45133903;0,24592052
887,69060522;0,24476153
887,92987747;0,24055444
888,16915575;0,24466296
888,40844008;0,23494515
888,64773044;0,23335808
888,88702683;0,23762858
889,12632925;0,24116917
889,36563769;0,24001566
889,60495215;0,23751247
889,84427263;0,23833549
890,08359912;0,23754740
890,32293161;0,24179450
890,56227011;0,23159647
890,80161461;0,23388524
891,04096510;0,23007839
891,28032159;0,23199021
891,51968406;0,23562998
891,75905251;0,23955822
891,99842694;0,22929632
892,23780735;0,23094178
892,47719373;0,23341614
892,71658607;0,23383943
892,95598438;0,23755333
893,19538864;0,22868204
893,43479886;0,22789367
893,67421503;0,23046658
893,91363715;0,23396629
894,15306521;0,22687996
894,39249920;0,22213446
894,63193914;0,22630647
894,87138500;0,22197781
895,11083678;0,22568604
895,35029449;0,21977534
895,58975812;0,21899950
895,82922766;0,22090037
896,06870311;0,22186751
896,30818447;0,22030869
896,54767172;0,22021081
896,78716488;0,22384981
897,02666393;0,22044181
897,26616886;0,21956770
897,50567969;0,22145019
897,74519639;0,21943384
897,98471898;0,22236045
898,22424743;0,21432844
898,46378176;0,21829818
898,70332195;0,20998330
898,94286800;0,21271253
899,18241990;0,21081745
899,42197767;0,21741729
899,66154128;0,21558692
899,90111073;0,21009940
900,14068602;0,21510522
900,38026716;0,21140849
900,61985412;0,20995438
900,85944691;0,21115404
901,09904553;0,21040633
901,33864997;0,21854733
901,57826023;0,21054544
901,81787629;0,20858692
902,05749817;0,20596200
902,29712585;0,20720244
902,53675933;0,20652982
902,77639860;0,21091564
903,01604367;0,20596227
903,25569453;0,20918922
903,49535117;0,20269952
903,73501359;0,20777015
903,97468178;0,21102597
904,21435575;0,20598532
904,45403548;0,20566088
904,69372098;0,20595069
904,93341224;0,20743370
905,17310926;0,20565469
905,41281202;0,19871304
905,65252053;0,20300704
905,89223479;0,20658235
906,13195478;0,20414239
906,37168052;0,20177259
906,61141198;0,20428158
906,85114917;0,19530595
907,09089208;0,19841774
907,33064071;0,19841162
907,57039505;0,19992427
907,81015511;0,19815129
908,04992088;0,19578732
908,28969234;0,20256107
908,52946951;0,19749079
908,76925237;0,19804686
909,00904092;0,19743268
909,24883515;0,19838876
909,48863507;0,20282687
909,72844067;0,19676654
909,96825194;0,19665598
910,20806889;0,19672577
910,44789149;0,20507012
910,68771977;0,18914681
910,92755369;0,19556042
911,16739328;0,19120995
911,40723851;0,19269304
911,64708939;0,19295945
911,88694591;0,20102494
912,12680807;0,19309271
912,36667586;0,19603052
912,60654928;0,19339981
912,84642833;0,19512095
913,08631300;0,19339954
913,32620329;0,18955254
913,56609919;0,19531796
913,80600070;0,19294165
914,04590781;0,18649269
914,28582053;0,19018950
914,52573884;0,18532749
914,76566275;0,19197444
915,00559225;0,18910565
915,24552733;0,18651588
915,48546799;0,18559458
915,72541423;0,18933776
915,96536604;0,18767478
916,20532342;0,19571761
916,44528637;0,18678235
916,68525488;0,18023434
916,92522894;0,18879314
917,16520855;0,18535657
917,40519372;0,18014820
917,64518443;0,18248314
917,88518068;0,17968421
918,12518246;0,18850323
918,36518978;0,19057221
918,60520263;0,18631329
918,84522100;0,18473133
919,08524489;0,18354348
919,32527429;0,18706607
919,56530921;0,18644096
919,80534964;0,18174169
920,04539557;0,18530465
920,28544700;0,17946985
920,52550392;0,17971323
920,76556634;0,18411719
921,00563425;0,18075098
921,24570764;0,17784187
921,48578650;0,17857764
921,72587085;0,18057076
921,96596066;0,18256390
922,20605595;0,17920384
922,44615669;0,17583123
922,68626290;0,17714114
922,92637456;0,17566873
923,16649167;0,17865279
923,40661423;0,17897745
923,64674223;0,17425461
923,88687567;0,17554733
924,12701454;0,17536194
924,36715885;0,17774908
924,60730858;0,17608603
924,84746374;0,17503124
925,08762431;0,17710029
925,32779030;0,17262645
925,56796170;0,18104576
925,80813851;0,17440521
926,04832072;0,16919064
926,28850832;0,16838578
926,52870133;0,17063318
926,76889972;0,17069716
927,00910349;0,16663516
927,24931265;0,16554015
927,48952719;0,16454343
927,72974710;0,16454305
927,96997239;0,16808374
928,21020303;0,17006661
928,45043904;0,16953847
928,69068041;0,17088245
928,93092713;0,16114198
929,17117920;0,17296296
929,41143662;0,16908637
929,65169938;0,16714514
929,89196747;0,15931125
930,13224090;0,16485611
930,37251966;0,16173257
930,61280374;0,16205788
930,85309315;0,16164655
931,09338787;0,15780462
931,33368790;0,15404407
931,57399325;0,15639069
931,81430390;0,15883586
932,05461985;0,15433373
932,29494109;0,16242854
932,53526763;0,15345876
932,77559946;0,15568979
933,01593657;0,15752629
933,25627897;0,15281540
933,49662664;0,15257220
933,73697958;0,15392202
933,97733779;0,15172036
934,21770127;0,14918806
934,45807001;0,14856814
934,69844400;0,14918829
934,93882324;0,14282024
935,17920774;0,14096592
935,41959747;0,14152290
935,65999245;0,14521908
935,90039266;0,13700243
936,14079811;0,13655647
936,38120878;0,13428505
936,62162468;0,13357267
936,86204580;0,13141652
937,10247213;0,13108652
937,34290367;0,13901885
937,58334043;0,13063465
937,82378238;0,12247000
938,06422954;0,12084796
938,30468189;0,11425400
938,54513943;0,12227303
938,78560216;0,11241663
939,02607007;0,11372612
939,26654316;0,11250363
939,50702143;0,10886537
939,74750486;0,10403845
939,98799347;0,10653024
940,22848724;0,10457741
940,46898616;0,09625624
940,70949024;0,09966922
940,94999948;0,09447177
941,19051386;0,09079224
941,43103338;0,09328940
941,67155804;0,09084417
941,91208783;0,08710097
942,15262276;0,08416885
942,39316281;0,08784267
942,63370798;0,08533940
942,87425828;0,08006662
943,11481368;0,08458618
943,35537420;0,08166593
943,59593982;0,07446350
943,83651055;0,07840971
944,07708637;0,07326424
944,31766729;0,07738358
944,55825329;0,07270797
944,79884439;0,07040166
945,03944056;0,07340322
945,28004181;0,07038420
945,52064814;0,07288187
945,76125953;0,07771435
946,00187600;0,07528056
946,24249752;0,07473581
946,48312410;0,07548323
946,72375573;0,06832724
946,96439241;0,07401171
947,20503414;0,07420866
947,44568091;0,07088243
947,68633272;0,06768991
947,92698956;0,07143329
948,16765142;0,08144582
948,40831832;0,07158953
948,64899023;0,07937711
948,88966716;0,06705818
949,13034911;0,07168196
949,37103606;0,08151483
949,61172802;0,08105735
949,85242498;0,07218628
950,09312693;0,07620248
950,33383388;0,07528084
950,57454581;0,07632929
950,81526273;0,06916140
951,05598463;0,07991617
951,29671151;0,07478807
951,53744336;0,07627123
951,77818017;0,08146307
952,01892195;0,08426196
952,25966870;0,08031551
952,50042039;0,08219328
952,74117704;0,08561240
952,98193864;0,08350878
953,22270518;0,08128908
953,46347666;0,08204847
953,70425307;0,08281926
953,94503442;0,08444691
954,18582070;0,08770392
954,42661189;0,09071708
954,66740801;0,08798798
954,90820904;0,08824254
955,14901499;0,09345778
955,38982584;0,09246117
955,63064160;0,09190415
955,87146225;0,09330056
956,11228780;0,09159173
956,35311824;0,09406555
956,59395357;0,09305746
956,83479378;0,09732230
957,07563887;0,09376490
957,31648883;0,09342260
957,55734366;0,09426874
957,79820336;0,10340125
958,03906793;0,09530582
958,27993735;0,09607700
958,52081163;0,09503953
958,76169076;0,10077024
959,00257473;0,10477979
959,24346354;0,09869005
959,48435720;0,10515084
959,72525569;0,10137235
959,96615901;0,10015038
960,20706715;0,10250852
960,44798012;0,10162196
960,68889790;0,10667450
960,92982050;0,09820888
961,17074791;0,10333695
961,41168012;0,10734652
961,65261714;0,10080505
961,89355895;0,10227100
962,13450556;0,09859723
962,37545696;0,10473344
962,61641314;0,10551560
962,85737410;0,11043507
963,09833984;0,10137271
963,33931036;0,10311072
963,58028564;0,10323291
963,82126569;0,10018499
964,06225050;0,10034722
964,30324007;0,10956627
964,54423439;0,10467581
964,78523346;0,10740452
965,02623727;0,10733496
965,26724583;0,10603161
965,50825912;0,10542864
965,74927714;0,10592157
965,99029990;0,10876633
966,23132737;0,10435720
966,47235957;0,10644309
966,71339649;0,10670949
966,95443811;0,10657042
967,19548445;0,10802486
967,43653549;0,10659346
967,67759123;0,10564315
967,91865167;0,10454218
968,15971679;0,10221303
968,40078661;0,10863322
968,64186111;0,10345878
968,88294029;0,11482134
969,12402415;0,10640232
969,36511268;0,10926458
969,60620587;0,10794934
969,84730373;0,10848809
970,08840625;0,10953726
970,32951343;0,10950824
970,57062526;0,11174514
970,81174173;0,10746874
971,05286285;0,10659358
971,29398861;0,10379484
971,53511900;0,10911976
971,77625402;0,11237044
972,01739367;0,10212015
972,25853795;0,10933432
972,49968684;0,10889970
972,74084035;0,10899280
972,98199847;0,10523742
973,22316119;0,10517977
973,46432852;0,10770639
973,70550045;0,10227061
973,94667697;0,10108314
974,18785809;0,10431028
974,42904379;0,10221867
974,67023407;0,10346447
974,91142893;0,10572465
975,15262837;0,10469874
975,39383237;0,10407841
975,63504094;0,10200452
975,87625408;0,10103680
976,11747177;0,10604275
976,35869402;0,10539971
976,59992081;0,10164523
976,84115216;0,10215477
977,08238804;0,10564914
977,32362846;0,10792028
977,56487342;0,10271730
977,80612291;0,10401505
978,04737692;0,09961152
978,28863545;0,10968224
978,52989850;0,10056155
978,77116607;0,10216070
979,01243814;0,10331992
979,25371472;0,09463959
979,49499581;0,10145987
979,73628138;0,09867266
979,97757146;0,09705027
980,21886602;0,09404890
980,46016506;0,09865502
980,70146859;0,09826147
980,94277660;0,09769914
981,18408907;0,09617526
981,42540602;0,09595499
981,66672743;0,09307523
981,90805330;0,09690543
982,14938363;0,09332440
982,39071841;0,09265797
982,63205764;0,09214817
982,87340132;0,09808165
983,11474943;0,09640649
983,35610198;0,10310577
983,59745897;0,09277393
983,83882038;0,09559618
984,08018622;0,09326078
984,32155647;0,09142402
984,56293115;0,09115723
984,80431023;0,08767471
985,04569372;0,09016624
985,28708162;0,09028202
985,52847392;0,09600729
985,76987061;0,08822495
986,01127170;0,09024130
986,25267717;0,08720547
986,49408703;0,08489353
986,73550126;0,08895518
986,97691987;0,08670146
987,21834285;0,08183949
987,45977021;0,08397752
987,70120192;0,08266270
987,94263799;0,08447645
988,18407842;0,08213526
988,42552320;0,08715333
988,66697233;0,08234967
988,90842580;0,08309108
989,14988360;0,08259330
989,39134575;0,08518367
989,63281222;0,08525873
989,87428302;0,08255227
990,11575815;0,08508457
990,35723759;0,08586139
990,59872135;0,07962657
990,84020942;0,07992756
991,08170179;0,08425044
991,32319847;0,07898876
991,56469945;0,07886152
991,80620472;0,07875699
992,04771428;0,08462156
992,28922813;0,08075038
992,53074625;0,07846179
992,77226866;0,08318423
993,01379534;0,08269171
993,25532629;0,07869919
993,49686151;0,07752896
993,73840099;0,08101752
993,97994473;0,07957433
994,22149272;0,07997387
994,46304496;0,07682759
994,70460145;0,07736037
994,94616218;0,07976550
995,18772714;0,07822455
995,42929634;0,07607458
995,67086977;0,07563983
995,91244742;0,07729149
996,15402930;0,07579021
996,39561539;0,07399972
996,63720570;0,07138664
996,87880021;0,07777222
997,12039893;0,07521082
997,36200185;0,07415668
997,60360897;0,07720421
997,84522028;0,07109115
998,08683578;0,06722054
998,32845547;0,07487516
998,57007933;0,07741847
998,81170738;0,06941656
999,05333959;0,07189086
999,29497597;0,06697126
999,53661652;0,06964249
999,77826123;0,07257454
1000,01991010;0,06973516
1000,26156311;0,07269631
1000,50322028;0,07291044
1000,74488159;0,06792136
1000,98654704;0,06777671
1001,22821662;0,07127086
1001,46989034;0,06952106
1001,71156819;0,07101596
1001,95325016;0,06271264
1002,19493625;0,06711027
1002,43662645;0,06400471
1002,67832077;0,06553985
1002,92001919;0,06813595
1003,16172172;0,06325150
1003,40342835;0,06030218
1003,64513908;0,06299063
1003,88685389;0,05951948
1004,12857279;0,05677880
1004,37029578;0,06421917
1004,61202284;0,06114793
1004,85375399;0,05886510
1005,09548920;0,06683807
1005,33722848;0,05838416
1005,57897182;0,05482040
1005,82071922;0,05926473
1006,06247067;0,05980382
1006,30422618;0,05407887
1006,54598573;0,05311714
1006,78774933;0,05152372
1007,02951696;0,05840112
1007,27128863;0,05469890
1007,51306433;0,05134389
1007,75484406;0,05575905
1007,99662781;0,05826807
1008,23841558;0,05782773
1008,48020736;0,05020230
1008,72200315;0,05448433
1008,96380295;0,05055583
1009,20560675;0,05167427
1009,44741455;0,04570018
1009,68922634;0,05235783
1009,93104212;0,05050339
1010,17286189;0,04935603
1010,41468564;0,04509166
1010,65651337;0,04974456
1010,89834507;0,05231732
1011,14018074;0,05171465
1011,38202038;0,05608360
1011,62386398;0,04427460
1011,86571154;0,04570014
1012,10756305;0,04890428
1012,34941851;0,05086852
1012,59127791;0,04884665
1012,83314126;0,04555524
1013,07500854;0,05251430
1013,31687976;0,04905488
1013,55875490;0,05072368
1013,80063397;0,04362557
1014,04251696;0,04625624
1014,28440387;0,05363840
1014,52629469;0,04842349
1014,76818942;0,04647650
1015,01008806;0,05195772
1015,25199059;0,04929241
1015,49389703;0,05192901
1015,73580735;0,04613461
1015,97772156;0,04129058
1016,21963966;0,04233311
1016,46156164;0,05096730
1016,70348749;0,02944675
1016,94541722;-0,01765048
1017,18735082;-0,01692595
1017,42928828;-0,01788220
1017,67122959;-0,01666529
1017,91317477;-0,01831084
1018,15512380;-0,01641607
