194,16287968;-0,00112571
194,36381481;0,00061686
194,56476860;-0,00078969
194,76574102;0,00139135
194,96673208;-0,00138185
195,16774177;0,00036073
195,36877010;-0,00005511
195,56981705;0,00042893
195,77088262;-0,00022025
195,97196681;0,00148793
196,17306961;-0,00033994
196,37419103;0,00136842
196,57533104;-0,00051068
196,77648966;0,00078198
196,97766688;-0,00064149
197,17886269;0,00108376
197,38007709;-0,00138764
197,58131007;0,00085593
197,78256164;-0,00146732
197,98383178;0,00033204
198,18512050;-0,00150138
198,38642778;0,00042332
198,58775363;-0,00123966
198,78909804;0,00081043
198,99046101;-0,00105726
199,19184253;0,00127152
199,39324259;-0,00058457
199,59466121;0,00081619
199,79609836;-0,00116540
199,99755405;0,00074773
200,19902827;-0,00082383
200,40052102;0,00030352
200,60203230;-0,00080669
200,80356209;0,00054846
201,00511040;-0,00084089
201,20667723;-0,00000951
201,40826256;-0,00051066
201,60986639;0,00058837
201,81148873;-0,00028274
202,01312956;0,00053732
202,21478888;-0,00082946
202,41646669;0,00099844
202,61816298;-0,00037958
202,81987776;0,00149371
203,02161101;-0,00059034
203,22336273;0,00090152
203,42513291;-0,00121676
203,62692157;0,00124319
203,82872868;-0,00100606
204,03055424;0,00104396
204,23239826;-0,00081249
204,43426072;0,00092420
204,63614163;-0,00115972
204,83804098;0,00072490
205,03995876;-0,00061872
205,24189497;0,00050303
205,44384961;-0,00112567
205,64582267;0,00109519
205,84781415;-0,00117109
206,04982405;0,00065664
206,25185236;-0,00112007
206,45389907;0,00135718
206,65596418;-0,00078387
206,85804770;0,00055984
207,06014960;-0,00032282
207,26226990;0,00024109
207,46440859;-0,00035678
207,66656565;0,00062237
207,86874110;-0,00113148
208,07093492;0,00108372
208,27314711;-0,00026572
208,47537766;0,00079914
208,67762658;-0,00110287
208,87989385;0,00087289
209,08217948;-0,00081802
209,28448346;0,00045748
209,48680579;-0,00037967
209,68914645;0,00149379
209,89150545;-0,00125081
210,09388279;0,00081036
210,29627846;-0,00036835
210,49869245;0,00102676
210,70112476;-0,00059615
210,90357539;0,00066241
211,10604434;-0,00118228
211,30853159;0,00040613
211,51103715;-0,00156971
211,71356100;0,00008729
211,91610316;-0,00035705
212,11866361;0,00035504
212,32124235;-0,00094347
212,52383937;0,00037758
212,72645467;-0,00032277
212,92908825;0,00107804
213,13174010;-0,00047072
213,33441022;0,00038898
213,53709861;-0,00147862
213,73980525;0,00063392
213,94253016;-0,00082394
214,14527331;0,00105520
214,34803471;-0,00052207
214,55081436;0,00046882
214,75361225;-0,00074418
214,95642837;0,00124334
215,15926273;-0,00110284
215,36211531;0,00111798
215,56498612;-0,00068138
215,76787514;0,00101544
215,97078239;-0,00040238
216,17370784;0,00063388
216,37665150;-0,00031126
216,57961337;0,00121477
216,78259344;-0,00070415
216,98559170;0,00081047
217,18860815;-0,00029984
217,39164279;0,00107235
217,59469561;-0,00154720
217,79776661;0,00093577
218,00085579;-0,00104028
218,20396314;0,00093582
218,40708866;-0,00083522
218,61023234;0,00075336
218,81339417;-0,00011771
219,01657417;0,00054287
219,21977231;-0,00125094
219,42298860;0,00125462
219,62622303;-0,00120529
219,82947561;0,00044611
220,03274631;-0,00045947
220,23603515;0,00065111
220,43934211;-0,00042520
220,64266720;0,00131728
220,84601040;-0,00038537
221,04937172;0,00140271
221,25275115;-0,00108014
221,45614869;0,00073646
221,65956432;-0,00085232
221,86299806;0,00055995
222,06644989;-0,00065297
222,26991981;0,00110652
222,47340781;-0,00018596
222,67691390;0,00048009
222,88043807;-0,00064736
223,08398031;0,00061104
223,28754061;-0,00125083
223,49111899;0,00068509
223,69471542;-0,00011204
223,89832992;0,00092998
224,10196246;-0,00058462
224,30561306;0,00139126
224,50928170;-0,00074411
224,71296838;0,00085589
224,91667310;-0,00102324
225,12039586;0,00032070
225,32413664;-0,00112564
225,52789545;0,00084458
225,73167228;-0,00092648
225,93546712;0,00102117
226,13927998;-0,00107443
226,34311085;0,00099845
226,54695972;-0,00063020
226,75082659;0,00037762
226,95471146;-0,00109716
227,15861432;0,00094718
227,36253517;-0,00064153
227,56647401;0,00071932
227,77043082;-0,00163799
227,97440561;0,00066805
228,17839838;-0,00155271
228,38240911;0,00039476
228,58643780;-0,00102878
228,79048446;0,00083317
228,99454907;-0,00121681
229,19863163;0,00136284
229,40273215;-0,00030566
229,60685060;0,00095278
229,81098700;-0,00139898
230,01514133;0,00079347
230,21931359;-0,00066437
230,42350378;0,00071357
230,62771190;-0,00060754
230,83193793;0,00119771
231,03618188;-0,00129644
231,24044374;0,00078767
231,44472351;-0,00023746
231,64902118;0,00052007
231,85333675;-0,00094912
232,05767022;0,00061104
232,26202157;-0,00127373
232,46639082;0,00127162
232,67077794;-0,00078388
232,87518295;0,00023533
233,07960583;-0,00108019
233,28404658;0,00047451
233,48850520;-0,00067569
233,69298168;0,00143114
233,89747602;-0,00011774
234,10198822;0,00039489
234,30651826;-0,00152981
234,51106615;0,00110648
234,71563188;-0,00127948
234,92021546;0,00115196
235,12481686;-0,00047663
235,32943610;0,00096415
235,53407316;0,00025234
235,73872805;0,00107802
235,94340075;-0,00064155
236,14809126;0,00108387
236,35279959;-0,00078960
236,55752572;0,00069643
236,76226966;-0,00082384
236,96703139;0,00099838
237,17181092;-0,00118238
237,37660823;0,00093012
237,58142333;-0,00101745
237,78625621;0,00114062
237,99110687;-0,00018621
238,19597531;0,00059404
238,40086151;-0,00049921
238,60576548;0,00063962
238,81068721;-0,00146737
239,01562669;0,00107228
239,22058393;-0,00120546
239,42555892;0,00115212
239,63055166;-0,00121674
239,83556213;0,00089591
240,04059034;-0,00117702
240,24563628;0,00091297
240,45069996;0,00036625
240,65578136;0,00086747
240,86088047;-0,00090930
241,06599731;0,00028087
241,27113186;-0,00114269
241,47628411;0,00116908
241,68145407;-0,00055048
241,88664173;0,00092992
242,09184709;-0,00126801
242,29707014;0,00080473
242,50231087;-0,00041962
242,70756930;0,00104957
242,91284540;-0,00106868
243,11813917;0,00099259
243,32345062;-0,00043077
243,52877974;0,00091275
243,73412652;-0,00092625
243,93949096;0,00083895
244,14487306;-0,00118821
244,35027281;0,00079915
244,55569020;-0,00110846
244,76112524;0,00123179
244,96657792;-0,00135911
245,17204823;0,00116918
245,37753618;-0,00051648
245,58304175;0,00099837
245,78856495;-0,00041385
245,99410576;0,00094715
246,19966419;-0,00058479
246,40524024;0,00119195
246,61083388;-0,00055052
246,81644513;0,00094709
247,02207398;-0,00118819
247,22772043;0,00148813
247,43338447;-0,00108022
247,63906609;0,00100409
247,84476529;-0,00064170
248,05048208;0,00123756
248,25621643;-0,00071553
248,46196836;0,00077063
248,66773786;-0,00121108
248,87352491;0,00032081
249,07932953;-0,00093213
249,28515170;0,00077060
249,49099142;-0,00156423
249,69684869;0,00063388
249,90272349;-0,00067013
250,10861584;0,00047433
250,31452572;-0,00102318
250,52045313;0,00133997
250,72639807;-0,00082403
250,93236052;0,00000748
251,13834050;-0,00062453
251,34433799;0,00041738
251,55035299;-0,00075549
251,75638549;0,00122050
251,96243550;-0,00120534
252,16850300;0,00111777
252,37458800;-0,00117695
252,58069048;0,00107814
252,78681045;-0,00141027
252,99294790;0,00102121
253,19910283;-0,00105156
253,40527523;0,00009858
253,61146511;-0,00039674
253,81767244;0,00050285
254,02389724;-0,00085795
254,23013949;0,00049721
254,43639920;-0,00083514
254,64267635;0,00062250
254,84897095;-0,00140467
255,05528299;0,00142553
255,26161247;-0,00116561
255,46795938;0,00064524
255,67432372;-0,00168364
255,88070548;0,00096414
256,08710466;-0,00047656
256,29352126;0,00090712
256,49995527;-0,00080672
256,70640669;0,00061697
256,91287552;-0,00100042
257,11936174;0,00107818
257,32586536;-0,00104588
257,53238637;0,00050305
257,73892477;-0,00018607
257,94548055;0,00109519
258,15205371;-0,00148435
258,35864425;0,00108384
258,56525216;-0,00052203
258,77187744;0,00072516
258,97852008;-0,00108003
259,18518008;0,00065098
259,39185743;-0,00099459
259,59855214;0,00053145
259,80526419;-0,00078965
260,01199359;0,00135141
260,21874032;-0,00079526
260,42550440;0,00061128
260,63228580;-0,00119391
260,83908453;0,00143121
261,04590058;-0,00104587
261,25273395;0,00041183
261,45958464;-0,00033421
261,66645263;0,00057700
261,87333793;-0,00073836
262,08024054;0,00073643
262,28716044;-0,00115997
262,49409764;0,00082184
262,70105213;-0,00101747
262,90802391;0,00074221
263,11501296;-0,00097749
263,32201930;0,00139686
263,52904291;-0,00085817
263,73608379;0,00019539
263,94314194;-0,00076697
264,15021734;0,00077622
264,35731001;-0,00014045
264,56441993;0,00032657
264,77154710;-0,00023735
264,97869152;0,00064530
265,18585317;-0,00073846
265,39303207;0,00067952
265,60022820;-0,00094925
265,80744155;0,00082741
266,01467214;-0,00043113
266,22191994;0,00086163
266,42918497;-0,00105171
266,63646720;0,00074220
266,84376665;-0,00110864
267,05108330;0,00117482
267,25841715;-0,00139899
267,46576819;0,00081611
267,67313644;-0,00076104
267,88052187;0,00131164
268,08792448;-0,00047636
268,29534428;0,00124318
268,50278125;-0,00080104
268,71023540;0,00035489
268,91770671;-0,00069844
269,12519519;0,00103243
269,33270083;-0,00065883
269,54022362;0,00093010
269,74776357;-0,00059047
269,95532067;0,00028103
270,16289491;-0,00047083
270,37048629;0,00066249
270,57809481;-0,00084094
270,78572046;0,00098122
270,99336323;-0,00114840
271,20102313;0,00103248
271,40870016;-0,00114835
271,61639429;0,00050283
271,82410554;-0,00116558
272,03183390;0,00041775
272,23957936;0,00026937
272,44734192;0,00152228
272,65512157;-0,00127945
272,86291832;0,00155064
273,07073216;-0,00002664
273,27856307;0,00074776
273,48641107;-0,00081807
273,69427615;0,00197775
273,90215829;-0,00071004
274,11005750;0,00106666
274,31797377;-0,00155266
274,52590711;0,00026948
274,73385750;-0,00102314
274,94182494;0,00135709
275,14980942;-0,00045367
275,35781095;0,00014982
275,56582952;-0,00061872
275,77386512;0,00083310
275,98191776;-0,00060740
276,18998742;0,00096992
276,39807410;-0,00122817
276,60617780;0,00037190
276,81429851;-0,00070988
277,02243624;0,00076486
277,23059097;-0,00098321
277,43876271;0,00022386
277,64695144;-0,00059612
277,85515716;0,00086175
278,06337988;-0,00110858
278,27161958;0,00086747
278,47987627;-0,00068700
278,68814993;0,00127736
278,89644057;-0,00068713
279,10474817;0,00066824
279,31307275;-0,00127371
279,52141428;0,00093569
279,72977277;-0,00095485
279,93814821;0,00114080
280,14654061;-0,00089214
280,35494995;0,00105528
280,56337623;-0,00115411
280,77181945;0,00082184
280,98027960;-0,00061308
281,18875668;0,00119759
281,39725068;-0,00038551
281,60576161;0,00143108
281,81428946;-0,00086943
282,02283421;0,00100400
282,23139588;-0,00086927
282,43997445;0,00095834
282,64856992;-0,00080676
282,85718229;0,00093013
283,06581155;-0,00104004
283,27445770;0,00103835
283,48312073;-0,00064163
283,69180065;0,00105532
283,90049744;-0,00019748
284,10921110;0,00072491
284,31794163;-0,00140469
284,52668903;0,00165316
284,73545328;-0,00113137
284,94423439;0,00104404
285,15303236;-0,00111998
285,36184717;0,00134002
285,57067883;-0,00100600
285,77952732;0,00058831
285,98839265;-0,00065882
286,19727482;0,00006441
286,40617381;-0,00160950
286,61508962;0,00129457
286,82402226;-0,00078963
287,03297171;0,00036634
287,24193797;-0,00139323
287,45092104;0,00093009
287,65992091;-0,00092631
287,86893758;0,00044036
288,07797105;-0,00044802
288,28702131;0,00079348
288,49608835;-0,00077264
288,70517218;0,00122034
288,91427279;-0,00019177
289,12339017;0,00009303
289,33252432;-0,00102903
289,54167524;0,00064549
289,75084293;-0,00088638
289,96002737;0,00063395
290,16922856;-0,00119411
290,37844651;0,00057124
290,58768120;-0,00069295
290,79693264;0,00069088
291,00620081;-0,00105726
291,21548572;0,00090729
291,42478736;0,00000760
291,63410573;0,00045744
291,84344081;-0,00088650
292,05279262;0,00127737
292,26216114;-0,00105726
292,47154637;0,00088444
292,68094831;-0,00082962
292,89036694;0,00126609
293,09980228;-0,00111993
293,30925431;0,00045181
293,51872303;-0,00105172
293,72820843;0,00096992
293,93771052;-0,00102318
294,14722928;0,00095279
294,35676472;-0,00105722
294,56631682;0,00085607
294,77588560;-0,00117684
294,98547103;0,00103256
295,19507312;-0,00100037
295,40469186;0,00018404
295,61432726;-0,00051647
295,82397929;0,00040608
296,03364797;-0,00067585
296,24333329;0,00068520
296,45303524;-0,00051061
296,66275381;0,00067389
296,87248902;-0,00067574
297,08224084;0,00075902
297,29200928;-0,00108008
297,50179433;0,00072501
297,71159599;-0,00129077
297,92141426;0,00131161
298,13124912;-0,00031694
298,34110059;0,00062269
298,55096864;-0,00070997
298,76085328;0,00077049
298,97075451;-0,00079534
299,18067232;0,00092997
299,39060670;-0,00071567
299,60055766;0,00080488
299,81052518;-0,00050497
300,02050927;0,00106672
300,23050991;-0,00078394
300,44052712;0,00065103
300,65056087;-0,00117104
300,86061117;0,00113503
301,07067802;-0,00088077
301,28076140;0,00081601
301,49086133;-0,00037399
301,70097778;0,00087868
301,91111076;-0,00160958
302,12126026;0,00044604
302,33142628;-0,00122241
302,54160882;0,00052581
302,75180787;-0,00023716
302,96202342;0,00107241
303,17225548;-0,00155833
303,38250404;0,00109519
303,59276909;-0,00028856
303,80305064;0,00075349
304,01334867;-0,00077810
304,22366318;0,00096983
304,43399417;-0,00142177
304,64434164;0,00038906
304,85470557;-0,00062439
305,06508598;0,00123753
305,27548284;-0,00118829
305,48589617;0,00085029
305,69632594;-0,00104025
305,90677217;0,00029800
306,11723485;-0,00047640
306,32771396;0,00087868
306,53820952;-0,00134191
306,74872151;0,00166463
306,95924993;-0,00156981
307,16979477;0,00107231
307,38035604;-0,00044224
307,59093372;0,00077640
307,80152782;-0,00106308
308,01213833;0,00041755
308,22276524;-0,00047645
308,43340856;0,00071364
308,64406827;-0,00090355
308,85474438;0,00040629
309,06543687;-0,00144452
309,27614575;0,00164738
309,48687102;-0,00090935
309,69761266;0,00087888
309,90837067;-0,00100611
310,11914505;0,00048016
310,32993580;-0,00047640
310,54074290;0,00091862
310,75156637;-0,00047649
310,96240618;0,00100972
311,17326235;-0,00082404
311,38413486;0,00049148
311,59502371;-0,00021443
311,80592890;0,00144814
312,01685042;-0,00057329
312,22778827;0,00120344
312,43874244;-0,00106293
312,64971294;0,00120906
312,86069975;-0,00065866
313,07170287;0,00080464
313,28272230;-0,00102310
313,49375804;0,00135126
313,70481007;-0,00135349
313,91587840;0,00074786
314,12696302;-0,00083521
314,33806394;0,00108948
314,54918113;-0,00056183
314,76031460;0,00125451
314,97146435;-0,00098905
315,18263038;0,00103248
315,39381267;-0,00094346
315,60501122;0,00195506
315,81622603;-0,00052763
316,02745710;-0,00009489
316,23870442;-0,00108590
316,44996799;0,00161904
316,66124780;-0,00105733
316,87254384;0,00075354
317,08385613;-0,00136487
317,29518464;0,00148255
317,50652939;-0,00135924
317,71789035;0,00110089
317,92926754;-0,00017463
318,14066094;0,00093582
318,35207055;-0,00074993
318,56349636;0,00124910
318,77493838;-0,00104027
318,98639660;-0,00022592
319,19787101;-0,00034550
319,40936162;0,00073640
319,62086841;-0,00053919
319,83239138;0,00113508
320,04393053;-0,00061881
320,25548585;0,00069090
320,46705735;-0,00200829
320,67864501;0,00029809
320,89024883;-0,00047658
321,10186881;0,00117485
321,31350495;-0,00086934
321,52515723;0,00102673
321,73682566;-0,00051062
321,94851023;0,00107811
322,16021094;-0,00124528
322,37192779;0,00054268
322,58366076;-0,00096642
322,79540986;0,00054869
323,00717508;-0,00108008
323,21895642;-0,00011772
323,43075387;-0,00064724
323,64256743;0,00048014
323,85439710;-0,00118829
324,06624286;0,00128879
324,27810473;-0,00125659
324,48998269;0,00134000
324,70187673;-0,00131347
324,91378686;0,00103821
325,12571308;-0,00074984
325,33765537;0,00085600
325,54961373;-0,00088095
325,76158816;0,00112361
325,97357865;-0,00085797
326,18558521;0,00095840
326,39760782;-0,00032277
326,60964649;0,00149941
326,82170120;-0,00106303
327,03377196;0,00049725
327,24585876;-0,00089225
327,45796159;0,00118061
327,67008046;-0,00020322
327,88221536;0,00052011
328,09436627;-0,00103443
328,30653321;0,00049156
328,51871617;-0,00092059
328,73091514;0,00033778
328,94313011;-0,00088073
329,15536109;0,00042333
329,36760807;-0,00092641
329,57987104;0,00116359
329,79215001;-0,00115411
330,00444496;0,00130582
330,21675590;-0,00064725
330,42908281;0,00026372
330,64142570;-0,00078401
330,85378457;0,00136844
331,06615940;-0,00128522
331,27855019;0,00114645
331,49095694;-0,00086943
331,70337965;0,00089025
331,91581831;-0,00051643
332,12827292;0,00016706
332,34074346;-0,00057890
332,55322995;0,00081604
332,76573237;-0,00134209
332,97825073;0,00090728
333,19078501;-0,00118262
333,40333521;0,00067936
333,61590133;-0,00093778
333,82848337;0,00096428
334,04108131;-0,00072703
334,25369516;0,00095856
334,46632492;-0,00078978
334,67897057;0,00218267
334,89163212;-0,00068151
335,10430956;0,00069095
335,31700288;-0,00021449
335,52971208;0,00070219
335,74243717;-0,00114267
335,95517813;0,00108383
336,16793495;-0,00143323
336,38070765;0,00054864
336,59349620;-0,00081249
336,80630061;0,00060546
337,01912088;-0,00139877
337,23195699;0,00071923
337,44480895;-0,00040230
337,65767676;0,00119196
337,87056040;-0,00012898
338,08345987;0,00045746
338,29637517;-0,00137614
338,50930630;0,00106661
338,72225325;-0,00072688
338,93521602;0,00175005
339,14819459;-0,00079524
339,36118898;0,00111231
339,57419918;-0,00150139
339,78722517;0,00059974
340,00026696;-0,00049934
340,21332454;0,00055416
340,42639792;-0,00132495
340,63948707;0,00119750
340,85259201;-0,00135349
341,06571272;0,00094710
341,27884921;-0,00111996
341,49200146;0,00060545
341,70516948;-0,00127372
341,91835326;0,00099272
342,13155280;-0,00089210
342,34476809;0,00149379
342,55799912;-0,00070419
342,77124590;0,00051438
342,98450842;-0,00086368
343,19778668;0,00128300
343,41108066;-0,00080674
343,62439038;0,00066233
343,83771582;-0,00090931
344,05105698;0,00130008
344,26441385;-0,00176910
344,47778644;0,00099275
344,69117473;-0,00110847
344,90457873;0,00135140
345,11799842;-0,00113706
345,33143382;0,00139139
345,54488490;-0,00022591
345,75835167;0,00070785
345,97183412;-0,00097189
346,18533225;0,00125462
346,39884606;-0,00037397
346,61237554;0,00037755
346,82592069;-0,00049928
347,03948149;0,00060535
347,25305796;-0,00044815
347,46665008;0,00065095
347,68025786;-0,00044806
347,89388127;0,00053146
348,10752034;-0,00049355
348,32117504;0,00101550
348,53484537;-0,00069863
348,74853134;0,00104386
348,96223293;-0,00020889
349,17595014;0,00088452
349,38968297;-0,00041940
349,60343142;0,00104955
349,81719548;-0,00150143
350,03097514;-0,00011777
350,24477040;-0,00024873
350,45858126;0,00106683
350,67240772;-0,00104023
350,88624977;0,00126604
351,10010740;-0,00108000
351,31398061;0,00124890
351,52786940;-0,00040812
351,74177377;0,00028077
351,95569370;-0,00069274
352,16962920;0,00071931
352,38358026;-0,00067005
352,59754688;0,00110087
352,81152905;-0,00117691
353,02552677;0,00090161
353,23954004;-0,00135353
353,45356884;0,00099265
353,66761319;-0,00091491
353,88167307;0,00073067
354,09574847;-0,00085218
354,30983940;0,00138558
354,52394585;-0,00055048
354,73806782;0,00101548
354,95220530;-0,00044814
355,16635829;0,00041170
355,38052679;-0,00067018
355,59471078;0,00004746
355,80891027;-0,00069845
356,02312526;0,00052568
356,23735573;-0,00097191
356,45160169;0,00130014
356,66586312;-0,00171202
356,88014004;0,00105535
357,09443242;-0,00014046
357,30874027;0,00086178
357,52306359;-0,00143311
357,73740237;0,00062804
357,95175660;-0,00074404
358,16612628;0,00090721
358,38051142;-0,00150152
358,59491199;0,00062819
358,80932801;-0,00089218
359,02375946;0,00119190
359,23820634;-0,00077261
359,45266865;0,00057131
359,66714638;-0,00085794
359,88163954;0,00048582
360,09614811;-0,00079530
360,31067209;0,00098709
360,52521147;-0,00055040
360,73976626;0,00130601
360,95433645;-0,00090923
361,16892203;0,00090722
361,38352301;-0,00110287
361,59813937;0,00111226
361,81277111;-0,00133059
362,02741824;0,00071919
362,24208074;-0,00137043
362,45675860;0,00073067
362,67145184;-0,00094344
362,88616044;0,00128867
363,10088439;-0,00012913
363,31562370;0,00099278
363,53037836;-0,00150713
363,74514837;0,00083306
363,95993372;-0,00085799
364,17473441;0,00040612
364,38955043;-0,00093211
364,60438178;0,00094133
364,81922846;-0,00097753
365,03409046;0,00037203
365,24896778;-0,00090926
365,46386041;0,00095843
365,67876835;-0,00070985
365,89369159;0,00093571
366,10863014;-0,00092069
366,32358399;0,00095855
366,53855313;-0,00082375
366,75353756;0,00103824
366,96853727;-0,00082383
367,18355227;0,00070223
367,39858254;-0,00056769
367,61362809;0,00102694
367,82868890;-0,00121101
368,04376498;0,00104375
368,25885632;-0,00098904
368,47396292;0,00169304
368,68908477;-0,00060751
368,90422187;0,00059987
369,11937422;-0,00110284
369,33454180;0,00104394
369,54972463;-0,00033409
369,76492268;-0,00018586
369,98013597;-0,00060738
370,19536448;0,00128291
370,41060820;-0,00093778
370,62586715;0,00098699
370,84114131;-0,00056205
371,05643067;0,00111805
371,27173524;-0,00169512
371,48705501;0,00086749
371,70238998;-0,00075548
371,91774014;0,00029228
372,13310548;0,00068502
372,34848602;0,00145963
372,56388173;-0,00063015
372,77929261;0,00105523
372,99471867;-0,00092630
373,21015989;0,00087293
373,42561628;-0,00133070
373,64108783;0,00053710
373,85657454;-0,00026002
374,07207639;0,00044609
374,28759340;-0,00064711
374,50312554;0,00073078
374,71867283;-0,00072137
374,93423525;0,00073063
375,14981280;-0,00127956
375,36540548;0,00146542
375,58101328;-0,00072700
375,79663621;0,00124330
376,01227424;-0,00065293
376,22792739;0,00073634
376,44359564;-0,00090920
376,65927900;0,00112949
376,87497746;-0,00088639
377,09069101;0,00136279
377,30641965;-0,00052778
377,52216337;0,00075358
377,73792218;-0,00114833
377,95369607;0,00039510
378,16948503;-0,00125653
378,38528907;0,00098126
378,60110817;-0,00106300
378,81694233;0,00143681
379,03279155;-0,00023144
379,24865582;0,00098689
379,46453514;-0,00039096
379,68042951;0,00127743
379,89633893;-0,00020891
380,11226337;0,00049137
380,32820286;-0,00096063
380,54415737;0,00105526
380,76012691;-0,00075552
380,97611147;0,00065111
381,19211105;-0,00065292
381,40812564;0,00077042
381,62415524;-0,00082948
381,84019984;0,00131160
382,05625945;-0,00082960
382,27233405;0,00094712
382,48842365;-0,00082393
382,70452824;0,00085595
382,92064781;-0,00071561
383,13678236;0,00117491
383,35293189;-0,00081264
383,56909639;0,00094146
383,78527586;-0,00010633
384,00147030;0,00127738
384,21767970;-0,00125652
384,43390405;0,00107805
384,65014336;-0,00177478
384,86639761;0,00104410
385,08266681;-0,00047649
385,29895095;0,00030909
385,51525002;-0,00101167
385,73156403;0,00110664
385,94789297;-0,00044214
386,16423683;0,00085034
386,38059561;-0,00057908
386,59696931;0,00118621
386,81335791;-0,00048809
387,02976143;0,00078769
387,24617985;-0,00087497
387,46261317;0,00091876
387,67906139;-0,00121665
387,89552449;0,00108376
388,11200249;-0,00059600
388,32849537;0,00082759
388,54500313;-0,00056191
388,76152576;0,00155641
388,97806327;0,00021826
389,19461564;0,00075327
389,41118288;-0,00041943
389,62776497;0,00105528
389,84436192;-0,00032275
390,06097372;0,00140838
390,27760037;-0,00122806
390,49424186;0,00055410
390,71089819;-0,00092075
390,92756936;0,00131167
391,14425536;-0,00068720
391,36095618;0,00049154
391,57767182;-0,00035688
391,79440229;0,00055986
392,01114757;-0,00073272
392,22790766;0,00079919
392,44468255;-0,00064153
392,66147225;0,00137993
392,87827675;-0,00092631
393,09509604;0,00106105
393,31193012;-0,00043668
393,52877899;0,00160769
393,74564264;-0,00036828
393,96252107;0,00135157
394,17941427;-0,00106291
394,39632224;0,00125448
394,61324498;-0,00079534
394,83018248;0,00081606
395,04713474;-0,00058464
395,26410175;0,00140848
395,48108351;-0,00036267
395,69808001;0,00115200
395,91509126;-0,00073287
396,13211725;0,00068529
396,34915796;-0,00054479
396,56621341;0,00120901
396,78328359;-0,00114276
397,00036848;0,00086181
397,21746809;-0,00003227
397,43458242;0,00122043
397,65171145;-0,00019730
397,86885519;0,00094710
398,08601363;-0,00085234
398,30318677;0,00078764
398,52037460;-0,00043085
398,73757711;0,00053139
398,95479432;-0,00037968
399,17202620;0,00073083
399,38927276;-0,00037391
399,60653400;0,00138561
399,82380990;-0,00125090
400,04110046;0,00090156
400,25840569;-0,00092063
400,47572557;0,00085596
400,69306011;-0,00052773
400,91040929;0,00171013
401,12777312;-0,00082945
401,34515158;0,00075909
401,56254469;-0,00044797
401,77995242;0,00011569
401,99737478;0,00132859
402,21481177;-0,00097182
402,43226338;0,00123178
402,64972960;-0,00086376
402,86721043;0,00081036
403,08470588;-0,00096069
403,30221592;0,00053148
403,51974057;-0,00057908
403,73727981;0,00078196
403,95483364;-0,00054471
404,17240206;0,00067942
404,38998506;-0,00125656
404,60758264;0,00048586
404,82519479;-0,00068149
405,04282152;0,00087304
405,26046282;-0,00011772
405,47811867;0,00072504
405,69578909;-0,00039107
405,91347406;0,00105535
406,13117358;-0,00045949
406,34888765;0,00100418
406,56661626;-0,00011776
406,78435941;0,00168151
407,00211710;-0,00072696
407,21988931;0,00165328
407,43767605;0,00010439
407,65547732;0,00173295
407,87329310;-0,00051076
408,09112340;0,00069664
408,30896820;-0,00011216
408,52682751;0,00097560
408,74470133;-0,00006650
408,96258964;0,00120902
409,18049245;-0,00041973
409,39840974;0,00170457
409,61634153;-0,00055612
409,83428779;0,00129443
410,05224853;-0,00092059
410,27022375;0,00106681
410,48821343;-0,00045359
410,70621758;0,00066242
410,92423620;-0,00052794
411,14226927;0,00082740
411,36031679;-0,00072712
411,57837876;0,00116923
411,79645518;-0,00033981
412,01454604;0,00085603
412,23265133;-0,00064159
412,45077106;0,00176125
412,66890522;-0,00066430
412,88705380;0,00129436
413,10521681;-0,00055625
413,32339423;0,00204030
413,54158606;-0,00019749
413,75979230;0,00116350
413,97801295;-0,00104035
414,19624800;0,00096444
414,41449744;-0,00035694
414,63276128;0,00116919
414,85103950;-0,00050491
415,06933211;0,00152222
415,28763910;-0,00027722
415,50596047;0,00108381
415,72429620;0,00000754
415,94264631;0,00199475
416,16101078;-0,00056186
416,37938961;0,00137430
416,59778280;-0,00015768
416,81619033;0,00122052
417,03461222;-0,00026026
417,25304845;0,00192661
417,47149902;-0,00059021
417,68996392;0,00223969
417,90844316;0,00025236
418,12693673;0,00113497
418,34544461;0,00012706
418,56396682;0,00151069
418,78250334;0,00018402
419,00105418;0,00119763
419,21961932;-0,00019757
419,43819876;0,00189251
419,65679251;-0,00083514
419,87540054;0,00180697
420,09402287;0,00026954
420,31265949;0,00168159
420,53131039;-0,00001528
420,74997557;0,00088457
420,96865502;-0,00085787
421,18734874;0,00197214
421,40605674;-0,00018038
421,62477899;0,00188093
421,84351550;0,00000745
422,06226627;0,00144811
422,28103128;-0,00022594
422,49981055;0,00122607
422,71860405;-0,00063595
422,93741179;0,00161920
423,15623377;0,00003022
423,37506998;0,00155058
423,59392041;-0,00020320
423,81278507;0,00144824
424,03166394;-0,00035116
424,25055703;0,00110099
424,46946433;-0,00094344
424,68838583;0,00188112
424,90732154;0,00034906
425,12627144;0,00245606
425,34523554;0,00003047
425,56421382;0,00172718
425,78320629;-0,00026018
426,00221295;0,00147101
426,22123378;-0,00026574
426,44026878;0,00182966
426,65931795;0,00058283
426,87838129;0,00099253
427,09745879;-0,00040240
427,31655045;0,00186388
427,53565626;-0,00040257
427,75477621;0,00224540
427,97391032;-0,00053906
428,19305856;0,00179560
428,41222094;-0,00045371
428,63139746;0,00124331
428,85058810;-0,00013481
429,06979287;0,00165327
429,28901175;-0,00048789
429,50824476;0,00135706
429,72749187;0,00036053
429,94675310;0,00139691
430,16602843;-0,00034553
430,38531786;0,00100408
430,60462138;-0,00023711
430,82393900;0,00193216
431,04327071;-0,00029423
431,26261649;0,00186957
431,48197636;-0,00056757
431,70135031;0,00199484
431,92073833;0,00046307
432,14014041;0,00103254
432,35955656;0,00022391
432,57898677;0,00203465
432,79843103;0,00005308
433,01788935;0,00143110
433,23736171;-0,00004375
433,45684812;0,00195507
433,67634857;-0,00015182
433,89586305;0,00090162
434,11539156;-0,00014633
434,33493410;0,00206878
434,55449066;-0,00035119
434,77406125;0,00189822
434,99364584;0,00067951
435,21324445;0,00176695
435,43285707;-0,00111417
435,65248368;0,00229674
435,87212430;-0,00044222
436,09177891;0,00194924
436,31144752;0,00010995
436,53113010;0,00136288
436,75082668;0,00001332
436,97053723;0,00114089
437,19026175;0,00041176
437,41000024;0,00231954
437,62975270;0,00011000
437,84951913;0,00161905
438,06929951;0,00021258
438,28909385;0,00223977
438,50890213;0,00044030
438,72872436;0,00254156
438,94856054;0,00160185
439,16841065;0,00243319
439,38827469;0,00086740
439,60815267;0,00282616
439,82804457;0,00051442
440,04795039;0,00253020
440,26787013;0,00136854
440,48780379;0,00265541
440,70775135;0,00081058
440,92771282;0,00282621
441,14768819;0,00134569
441,36767746;0,00263820
441,58768062;0,00131727
441,80769767;0,00257569
442,02772860;0,00161347
442,24777342;0,00276928
442,46783211;0,00185810
442,68790468;0,00287169
442,90799111;0,00091860
443,12809141;0,00294012
443,34820557;0,00139708
443,56833359;0,00300850
443,78847546;0,00189820
444,00863118;0,00364058
444,22880074;0,00127743
444,44898415;0,00340154
444,66918139;0,00164181
444,88939246;0,00376557
445,10961736;0,00156198
445,32985609;0,00354947
445,55010863;0,00202346
445,77037499;0,00400481
445,99065517;0,00177853
446,21094915;0,00366903
446,43125693;0,00179565
446,65157852;0,00333294
446,87191390;0,00204042
447,09226307;0,00288303
447,31262604;0,00215424
447,53300278;0,00305975
447,75339331;0,00184685
447,97379760;0,00327610
448,19421568;0,00189802
448,41464752;0,00418143
448,63509312;0,00259293
448,85555248;0,00376599
449,07602560;0,00194933
449,29651246;0,00374869
449,51701308;0,00129437
449,73752744;0,00286609
449,95805553;0,00144809
450,17859737;0,00283763
450,39915293;0,00193231
450,61972222;0,00279209
450,84030523;0,00215421
451,06090197;0,00363489
451,28151241;0,00203465
451,50213657;0,00359487
451,72277443;0,00148244
451,94342600;0,00311666
452,16409126;0,00144816
452,38477022;0,00352099
452,60546287;0,00200058
452,82616921;0,00322481
453,04688922;0,00123761
453,26762292;0,00338993
453,48837029;0,00118066
453,70913133;0,00328188
453,92990604;0,00144253
454,15069440;0,00327049
454,37149643;0,00197771
454,59231211;0,00376001
454,81314144;0,00212597
455,03398441;0,00304830
455,25484103;0,00176140
455,47571128;0,00346407
455,69659517;0,00168748
455,91749269;0,00271229
456,13840383;0,00156775
456,35932859;0,00348105
456,58026698;0,00202907
456,80121897;0,00296852
457,02218457;0,00192077
457,24316378;0,00351529
457,46415659;0,00152801
457,68516300;0,00348679
457,90618300;0,00209163
458,12721659;0,00178996
458,34826376;0,00288870
458,56932451;0,00253582
458,79039884;0,00380578
459,01148675;0,00190362
459,23258822;0,00366902
459,45370325;0,00198342
459,67483185;0,00354929
459,89597400;0,00212594
460,11712971;0,00391975
460,33829896;0,00186383
460,55948176;0,00323055
460,78067810;0,00202897
461,00188797;0,00460863
461,22311138;0,00140857
461,44434831;0,00369750
461,66559877;0,00191513
461,88686275;0,00422144
462,10814024;0,00267822
462,32943125;0,00432956
462,55073576;0,00224542
462,77205378;0,00469414
462,99338530;0,00274651
463,21473031;0,00473390
463,43608881;0,00278078
463,65746080;0,00493902
463,87884628;0,00275775
464,10024523;0,00463679
464,32165766;0,00259861
464,54308356;0,00430685
464,76452293;0,00352649
464,98597576;0,00557661
465,20744205;0,00358376
465,42892179;0,00491608
465,65041498;0,00339585
465,87192163;0,00586124
466,09344171;0,00391973
466,31497523;0,00597529
466,53652219;0,00424987
466,75808258;0,00546828
466,97965639;0,00391970
467,20124363;0,00612322
467,42284429;0,00395353
467,64445836;0,00694319
467,86608584;0,00573606
468,08772672;0,00652175
468,30938101;0,00555394
468,53104870;0,00672115
468,75272978;0,00535459
468,97442425;0,00690359
469,19613211;0,00584411
469,41785334;0,00751838
469,63958796;0,00703442
469,86133595;0,00824738
470,08309731;0,00702887
470,30487204;0,00770619
470,52666012;0,00703453
470,74846157;0,00871425
470,97027636;0,00788282
471,19210451;0,00885096
471,41394600;0,00754683
471,63580084;0,00942596
471,85766901;0,00794558
472,07955051;0,00918691
472,30144535;0,00882238
472,52335351;0,00994417
472,74527499;0,00959688
472,96720978;0,01107170
473,18915789;0,01024050
473,41111931;0,01165823
473,63309403;0,00992725
473,85508206;0,01126540
474,07708338;0,00957394
474,29909799;0,01125950
474,52112589;0,01042843
474,74316707;0,01166941
474,96522154;0,01050200
475,18728928;0,01139041
475,40937030;0,00973926
475,63146458;0,01201713
475,85357213;0,01127104
476,07569294;0,01268322
476,29782700;0,01242686
476,51997431;0,01262062
476,74213488;0,01231871
476,96430868;0,01340060
477,18649573;0,01191432
477,40869601;0,01263767
477,63090953;0,01166385
477,85313627;0,01289957
478,07537624;0,01133374
478,29762942;0,01142479
478,51989582;0,01147601
478,74217543;0,01288252
478,96446825;0,01196586
479,18677427;0,01265461
479,40909350;0,01103743
479,63142591;0,01344049
479,85377152;0,01186884
480,07613032;0,01371981
480,29850229;0,01220502
480,52088745;0,01328118
480,74328578;0,01275154
480,96569729;0,01195436
481,18812196;0,01120827
481,41055979;0,01316150
481,63301078;0,01231290
481,85547492;0,01269474
482,07795222;0,01214224
482,30044266;0,01203386
482,52294625;0,01170932
482,74546297;0,01299635
482,96799283;0,01084396
483,19053581;0,01298484
483,41309193;0,01184036
483,63566116;0,01340073
483,85824352;0,01102068
484,08083899;0,01367962
484,30344756;0,01160114
484,52606925;0,01297351
484,74870403;0,01209670
484,97135192;0,01254062
485,19401289;0,01164697
485,41668696;0,01292225
485,63937411;0,01171502
485,86207435;0,01364552
486,08478766;0,01250657
486,30751404;0,01240426
486,53025350;0,01139061
486,75300601;0,01324121
486,97577160;0,01194297
487,19855023;0,01234727
487,42134192;0,01147030
487,64414666;0,01324124
487,86696445;0,01199980
488,08979527;0,01217086
488,31263914;0,01144181
488,53549603;0,01363426
488,75836596;0,01217070
488,98124891;0,01325254
489,20414487;0,01229593
489,42705386;0,01362286
489,64997586;0,01197686
489,87291087;0,01325827
490,09585888;0,01226750
490,31881989;0,01391323
490,54179390;0,01254091
490,76478090;0,01362841
490,98778089;0,01300777
491,21079386;0,01439714
491,43381981;0,01387348
491,65685874;0,01410677
491,87991064;0,01321272
492,10297551;0,01510906
492,32605334;0,01322978
492,54914413;0,01467062
492,77224788;0,01388485
492,99536458;0,01576384
493,21849423;0,01482435
493,44163682;0,01670904
493,66479235;0,01601435
493,88796081;0,01588337
494,11114221;0,01599163
494,33433654;0,01685732
494,55754378;0,01679447
494,78076395;0,01758597
495,00399703;0,01567859
495,22724302;0,01723307
495,45050192;0,01678307
495,67377373;0,01878179
495,89705843;0,01825213
496,12035602;0,01920886
496,34366651;0,01838328
496,56698988;0,01927715
496,79032614;0,01797326
497,01367528;0,01924893
497,23703729;0,01980670
497,46041217;0,02072355
497,68379991;0,01993198
497,90720052;0,02047881
498,13061399;0,02078609
498,35404031;0,02169153
498,57747948;0,02195929
498,80093150;0,02305271
499,02439636;0,02417446
499,24787406;0,02372447
499,47136459;0,02223807
499,69486795;0,02336032
499,91838414;0,02359355
500,14191314;0,02594544
500,36545497;0,02545556
500,58900961;0,02663427
500,81257706;0,02585431
501,03615732;0,02798944
501,25975037;0,02674843
501,48335623;0,02878103
501,70697488;0,02945330
501,93060631;0,02912877
502,15425054;0,02969228
502,37790754;0,02999956
502,60157732;0,03007966
502,82525987;0,03104752
503,04895520;0,03252796
503,27266328;0,03226605
503,49638413;0,03145727
503,72011774;0,03342216
503,94386410;0,03521589
504,16762320;0,03557458
504,39139505;0,03454383
504,61517965;0,03723176
504,83897697;0,03682735
505,06278703;0,03751066
505,28660982;0,03618370
505,51044534;0,03838757
505,73429357;0,03870071
505,95815452;0,04012417
506,18202818;0,03751607
506,40591456;0,04080188
506,62981363;0,04110936
506,85372540;0,04208850
507,07764988;0,04236774
507,30158704;0,04290907
507,52553689;0,04371175
507,74949942;0,04355793
507,97347464;0,04511830
508,19746253;0,04580176
508,42146309;0,04617184
508,64547632;0,04551684
508,86950221;0,04538024
509,09354076;0,04658731
509,31759197;0,04744717
509,54165582;0,04953136
509,76573233;0,04907588
509,98982148;0,05002103
510,21392326;0,04848385
510,43803769;0,05018066
510,66216474;0,05020322
510,88630442;0,05067599
511,11045673;0,04932626
511,33462165;0,05024870
511,55879919;0,05051097
511,78298933;0,05281719
512,00719209;0,05103480
512,23140744;0,05187193
512,45563540;0,05235587
512,67987595;0,05308474
512,90412909;0,05419499
513,12839482;0,05292527
513,35267313;0,05487830
513,57696401;0,05314147
513,80126748;0,05451985
514,02558351;0,05495266
514,24991211;0,05570373
514,47425327;0,05542527
514,69860698;0,05540779
514,92297325;0,05758906
515,14735208;0,05577825
515,37174344;0,05665466
515,59614735;0,05717350
515,82056380;0,05480431
516,04499278;0,05578931
516,26943429;0,05631297
516,49388832;0,05831224
516,71835488;0,05596608
516,94283395;0,05613113
517,16732554;0,05604562
517,39182964;0,05560701
517,61634624;0,05504926
517,84087534;0,05584084
518,06541694;0,05842598
518,28997104;0,05749799
518,51453762;0,05717330
518,73911668;0,05764056
518,96370823;0,05634713
519,18831226;0,05721307
519,41292875;0,05715055
519,63755772;0,05753776
519,86219915;0,05766290
520,08685304;0,05979846
520,31151939;0,05565831
520,53619819;0,05635913
520,76088944;0,05598321
520,98559313;0,05625090
521,21030926;0,05515766
521,43503783;0,05671789
521,65977883;0,05573259
521,88453226;0,05461061
522,10929811;0,05563004
522,33407639;0,05613113
522,55886708;0,05764019
522,78367018;0,05641579
523,00848568;0,05432603
523,23331360;0,05527151
523,45815391;0,05583524
523,68300662;0,05483272
523,90787172;0,05410419
524,13274920;0,05661500
524,35763907;0,05615388
524,58254132;0,05530004
524,80745595;0,05507191
525,03238294;0,05549918
525,25732230;0,05467370
525,48227403;0,05535098
525,70723812;0,05413824
525,93221456;0,05380772
526,15720335;0,05482711
526,38220449;0,05557274
526,60721797;0,05457669
526,83224379;0,05651848
527,05728194;0,05381943
527,28233243;0,05561311
527,50739524;0,05518014
527,73247037;0,05567560
527,95755782;0,05463353
528,18265759;0,05532241
528,40776967;0,05518037
528,63289405;0,05497529
528,85803074;0,05397855
529,08317972;0,05265755
529,30834100;0,05366536
529,53351457;0,05421807
529,75870043;0,05491822
529,98389856;0,05442837
530,20910898;0,05390449
530,43433166;0,05648996
530,65956662;0,05660946
530,88481385;0,05687687
531,11007333;0,05568124
531,33534507;0,05582386
531,56062907;0,05633637
531,78592532;0,05524282
532,01123381;0,05457094
532,23655454;0,05696272
532,46188751;0,05610830
532,68723271;0,05896116
532,91259015;0,05865410
533,13795980;0,05945665
533,36334168;0,06008868
533,58873578;0,05908090
533,81414209;0,05916623
534,03956060;0,05909222
534,26499133;0,06028797
534,49043425;0,06150663
534,71588937;0,06007180
534,94135668;0,06077786
535,16683618;0,06110232
535,39232787;0,06199675
535,61783174;0,06371043
535,84334778;0,06297545
536,06887599;0,06342585
536,29441638;0,06380703
536,51996892;0,06422863
536,74553363;0,06528780
536,97111050;0,06728629
537,19669951;0,06681947
537,42230068;0,06615889
537,64791398;0,06792413
537,87353943;0,06770795
538,09917702;0,06979775
538,32482673;0,07046981
538,55048857;0,07177340
538,77616254;0,07241148
539,00184863;0,07248521
539,22754683;0,07168237
539,45325714;0,07328231
539,67897956;0,07363024
539,90471409;0,07534943
540,13046071;0,07346471
540,35621943;0,07668238
540,58199024;0,07746790
540,80777314;0,07944404
541,03356812;0,07824792
541,25937518;0,08193216
541,48519431;0,08060535
541,71102552;0,08311703
541,93686879;0,08169321
542,16272412;0,08467701
542,38859152;0,08411886
542,61447097;0,08463134
542,84036246;0,08485311
543,06626601;0,08716524
543,29218160;0,08855511
543,51810922;0,08835547
543,74404888;0,09053586
543,97000058;0,09207427
544,19596429;0,09251260
544,42194003;0,09431197
544,64792779;0,09362280
544,87392756;0,09515478
545,09993934;0,09677723
545,32596313;0,09588330
545,55199892;0,09795604
545,77804671;0,09939678
546,00410649;0,09830391
546,23017826;0,10019425
546,45626202;0,10066671
546,68235775;0,10363308
546,90846547;0,10461316
547,13458516;0,10365101
547,36071682;0,10646317
547,58686044;0,10825168
547,81301603;0,10791594
548,03918357;0,10806961
548,26536307;0,11047243
548,49155451;0,11196422
548,71775790;0,11131523
548,94397323;0,11394603
549,17020050;0,11475466
549,39643970;0,11539794
549,62269083;0,11603032
549,84895388;0,11641720
550,07522886;0,11749946
550,30151575;0,11831341
550,52781456;0,12194091
550,75412527;0,11996499
550,98044789;0,12048898
551,20678240;0,12175305
551,43312882;0,12457722
551,65948713;0,12288059
551,88585732;0,12457760
552,11223940;0,12692900
552,33863336;0,12555133
552,56503919;0,12918928
552,79145690;0,13109780
553,01788648;0,13114322
553,24432792;0,12939447
553,47078122;0,13264085
553,69724637;0,13170672
553,92372338;0,13390454
554,15021223;0,13755467
554,37671293;0,13555060
554,60322547;0,13524867
554,82974984;0,13784536
555,05628604;0,13920033
555,28283408;0,13924624
555,50939393;0,14220726
555,73596561;0,14226414
555,96254909;0,14295348
556,18914440;0,14537320
556,41575150;0,14392693
556,64237041;0,14532757
556,86900112;0,14446208
557,09564363;0,14413193
557,32229792;0,14571459
557,54896401;0,14557821
557,77564187;0,14774176
558,00233152;0,14890937
558,22903293;0,14841386
558,45574612;0,14974104
558,68247108;0,14766227
558,90920780;0,14614147
559,13595627;0,14896110
559,36271650;0,14966132
559,58948848;0,14766812
559,81627221;0,14962677
560,04306768;0,15021883
560,26987489;0,15149456
560,49669383;0,15295789
560,72352450;0,15064026
560,95036690;0,15066851
561,17722102;0,15003089
561,40408685;0,15068024
561,63096440;0,15053798
561,85785366;0,14861331
562,08475463;0,15097075
562,31166730;0,15224625
562,53859166;0,14937648
562,76552772;0,15121551
562,99247547;0,15099338
563,21943490;0,14894937
563,44640601;0,15081705
563,67338881;0,14680826
563,90038327;0,14647224
564,12738940;0,14763957
564,35440720;0,14704192
564,58143666;0,14807789
564,80847778;0,14719506
565,03553055;0,14652326
565,26259497;0,14705898
565,48967103;0,14913144
565,71675873;0,14763979
565,94385807;0,14801555
566,17096905;0,14771952
566,39809165;0,14635254
566,62522587;0,14759378
566,85237172;0,14513978
567,07952918;0,14734933
567,30669826;0,14613058
567,53387894;0,14463852
567,76107123;0,14537869
567,98827512;0,14481534
568,21549060;0,14427405
568,44271767;0,14300984
568,66995634;0,14379606
568,89720658;0,14241767
569,12446841;0,14319219
569,35174181;0,14470109
569,57902679;0,14414875
569,80632333;0,14417723
570,03363143;0,14378986
570,26095110;0,14291332
570,48828232;0,13997518
570,71562509;0,14159773
570,94297941;0,14348805
571,17034527;0,14179152
571,39772267;0,14261155
571,62511161;0,14043643
571,85251208;0,14040774
572,07992407;0,14057265
572,30734759;0,13990096
572,53478263;0,13756047
572,76222918;0,13896139
572,98968724;0,13963878
573,21715681;0,13769752
573,44463788;0,13629094
573,67213045;0,13860270
573,89963452;0,13813563
574,12715007;0,13784515
574,35467712;0,14017434
574,58221564;0,13847158
574,80976564;0,13967316
575,03732712;0,13992397
575,26490007;0,13631927
575,49248448;0,14093154
575,72008036;0,13918870
575,94768769;0,14030546
576,17530648;0,13779948
576,40293671;0,13821525
576,63057840;0,13704837
576,85823152;0,13730403
577,08589608;0,13628469
577,31357208;0,13764589
577,54125951;0,13881907
577,76895836;0,13875108
577,99666863;0,14039667
578,22439032;0,13754928
578,45212343;0,13790222
578,67986794;0,13725879
578,90762386;0,13788531
579,13539118;0,13873929
579,36316989;0,13883575
579,59096000;0,14121038
579,81876150;0,14123909
580,04657439;0,14140431
580,27439865;0,14251492
580,50223429;0,14289071
580,73008131;0,14261114
580,95793969;0,14566951
581,18580944;0,14385820
581,41369055;0,14479215
581,64158301;0,14534481
581,86948683;0,14443353
582,09740200;0,14557214
582,32532851;0,14687671
582,55326636;0,14776469
582,78121555;0,14714959
583,00917606;0,14867600
583,23714791;0,14865315
583,46513108;0,14972373
583,69312558;0,15050374
583,92113138;0,15099895
584,14914850;0,15167097
584,37717693;0,14954193
584,60521666;0,15302642
584,83326769;0,15017360
585,06133002;0,14987178
585,28940364;0,15237739
585,51748854;0,15322018
585,74558473;0,15516189
585,97369220;0,15201829
586,20181094;0,15528186
586,42994096;0,15742794
586,65808224;0,15909069
586,88623479;0,16009345
587,11439859;0,15930167
587,34257365;0,16148281
587,57075997;0,16263310
587,79895752;0,16235383
588,02716633;0,16274099
588,25538637;0,16351566
588,48361764;0,16570214
588,71186015;0,16695457
588,94011388;0,16844666
589,16837883;0,17105476
589,39665501;0,17349185
589,62494239;0,17237604
589,85324099;0,17412985
590,08155080;0,17487006
590,30987180;0,17471633
590,53820401;0,17557015
590,76654741;0,17672064
590,99490200;0,18042775
591,22326778;0,18111667
591,45164473;0,18098564
591,68003287;0,18067776
591,90843218;0,18386686
592,13684266;0,18460747
592,36526431;0,18217609
592,59369711;0,18425405
592,82214108;0,18575739
593,05059620;0,18886128
593,27906246;0,18721522
593,50753988;0,18981759
593,73602843;0,19065477
593,96452813;0,19152615
594,19303895;0,19134378
594,42156091;0,19309193
594,65009399;0,19601296
594,87863819;0,19866685
595,10719351;0,19937272
595,33575994;0,20158284
595,56433748;0,20278364
595,79292613;0,20114953
596,02152587;0,20091034
596,25013672;0,20430435
596,47875865;0,20713446
596,70739168;0,20676977
596,93603579;0,20667299
597,16469098;0,21075036
597,39335724;0,20954862
597,62203458;0,21168965
597,85072299;0,20870037
598,07942246;0,21207166
598,30813299;0,21150707
598,53685458;0,21459996
598,76558722;0,21431459
598,99433091;0,21650707
599,22308564;0,21782832
599,45185141;0,22139873
599,68062822;0,22021423
599,90941606;0,22081776
600,13821493;0,21847136
600,36702482;0,22277621
600,59584573;0,22018007
600,82467766;0,22296997
601,05352060;0,22091421
601,28237455;0,22814586
601,51123949;0,22476398
601,74011544;0,22812353
601,96900239;0,22659759
602,19790032;0,22978045
602,42680925;0,23139800
602,65572915;0,23253094
602,88466004;0,23075485
603,11360190;0,23378940
603,34255473;0,23429024
603,57151853;0,23566269
603,80049329;0,23750804
604,02947901;0,23808910
604,25847568;0,23659148
604,48748331;0,23676724
604,71650188;0,23690463
604,94553140;0,23894316
605,17457185;0,24052598
605,40362324;0,24556517
605,63268555;0,24357232
605,86175880;0,24466041
606,09084296;0,24428971
606,31993805;0,24258764
606,54904405;0,24264437
606,77816096;0,24654504
607,00728877;0,24700620
607,23642749;0,24808827
607,46557710;0,24881734
607,69473761;0,24902779
607,92390901;0,24927832
608,15309130;0,24935200
608,38228446;0,24803710
608,61148851;0,25159533
608,84070342;0,25059965
609,06992921;0,25127144
609,29916586;0,25124878
609,52841338;0,25005828
609,75767175;0,24884531
609,98694097;0,25235332
610,21622105;0,25375976
610,44551196;0,25576982
610,67481372;0,25420957
610,90412632;0,25428906
611,13344975;0,25393021
611,36278401;0,25479592
611,59212909;0,25254688
611,82148500;0,25381692
612,05085172;0,25126517
612,28022925;0,25324712
612,50961760;0,25292258
612,73901674;0,25772310
612,96842669;0,26038784
613,19784743;0,26135592
613,42727897;0,25877582
613,65672130;0,25703405
613,88617441;0,25726118
614,11563829;0,25905515
614,34511296;0,25308168
614,57459840;0,25315038
614,80409460;0,25464203
615,03360157;0,25355460
615,26311930;0,25189223
615,49264779;0,25689686
615,72218703;0,25492636
615,95173701;0,25263822
616,18129774;0,25310466
616,41086921;0,25298500
616,64045141;0,25304764
616,87004435;0,25469927
617,09964801;0,25258074
617,32926240;0,25726160
617,55888750;0,25382223
617,78852332;0,25434594
618,01816986;0,25137904
618,24782710;0,25272358
618,47749504;0,25391312
618,70717368;0,25526836
618,93686302;0,25043428
619,16656305;0,25097483
619,39627376;0,25088387
619,62599516;0,25239289
619,85572723;0,24952282
620,08546998;0,25254653
620,31522341;0,25100340
620,54498749;0,24783779
620,77476224;0,24462034
621,00454765;0,24388034
621,23434372;0,24421022
621,46415043;0,24336724
621,69396779;0,24377759
621,92379579;0,24324810
622,15363443;0,24149405
622,38348371;0,24329930
622,61334361;0,24114086
622,84321414;0,24021836
623,07309530;0,23778661
623,30298707;0,23800909
623,53288945;0,23765027
623,76280244;0,23701285
623,99272604;0,24122036
624,22266024;0,23738257
624,45260504;0,23574281
624,68256044;0,23650552
624,91252642;0,23620400
625,14250299;0,23649399
625,37249013;0,23486038
625,60248786;0,23687574
625,83249616;0,23531521
626,06251503;0,23709202
626,29254446;0,23430755
626,52258446;0,23462116
626,75263501;0,23635203
626,98269611;0,23679630
627,21276777;0,23246837
627,44284996;0,23255937
627,67294270;0,23327151
627,90304598;0,23245706
628,13315979;0,23088495
628,36328412;0,22870446
628,59341899;0,22646066
628,82356437;0,23048163
629,05372027;0,23050938
629,28388668;0,23066331
629,51406360;0,22896099
629,74425102;0,23323374
629,97444894;0,23089942
630,20465736;0,22905012
630,43487627;0,22902076
630,66510567;0,22893453
630,89534556;0,22708622
631,12559592;0,22385505
631,35585676;0,22169774
631,58612807;0,22156817
631,81640985;0,22033736
632,04670209;0,21969826
632,27700479;0,22029899
632,50731795;0,21879516
632,73764156;0,21726170
632,96797562;0,21871194
633,19832012;0,22052353
633,42867505;0,21769475
633,65904043;0,21670713
633,88941623;0,21517668
634,11980247;0,21529445
634,35019912;0,21111739
634,58060620;0,20942394
634,81102369;0,21250368
635,04145159;0,21449826
635,27188989;0,21267661
635,50233860;0,21386601
635,73279771;0,21243043
635,96326722;0,21518563
636,19374711;0,20710520
636,42423739;0,20558605
636,65473805;0,20529803
636,88524909;0,20021621
637,11577051;0,19704482
637,34630230;0,19576305
637,57684445;0,19227313
637,80739696;0,19290737
638,03795984;0,19170327
638,26853306;0,19440346
638,49911664;0,19470972
638,72971056;0,20067218
638,96031483;0,20028040
639,19092943;0,20044112
639,42155436;0,20059210
639,65218963;0,19971160
639,88283522;0,19810052
640,11349113;0,20129507
640,34415737;0,19723649
640,57483391;0,20123554
640,80552076;0,20049373
641,03621792;0,20044658
641,26692538;0,20016243
641,49764314;0,20184462
641,72837119;0,20023687
641,95910953;0,19923305
642,18985815;0,20199309
642,42061706;0,19945516
642,65138624;0,20138374
642,88216570;0,20140909
643,11295542;0,20449264
643,34375541;0,20313772
643,57456566;0,20287940
643,80538617;0,20084792
644,03621693;0,20269051
644,26705794;0,20451546
644,49790919;0,20266795
644,72877068;0,20335905
644,95964241;0,20475980
645,19052437;0,20651289
645,42141656;0,20822457
645,65231897;0,20881654
645,88323161;0,20502371
646,11415446;0,20795704
646,34508752;0,20993537
646,57603079;0,21061853
646,80698426;0,21284824
647,03794794;0,21309982
647,26892181;0,21050518
647,49990587;0,21098385
647,73090011;0,21428087
647,96190455;0,21486137
648,19291916;0,21676330
648,42394395;0,21744127
648,65497890;0,22043043
648,88602403;0,22025375
649,11707932;0,21615406
649,34814477;0,22117633
649,57922037;0,22152975
649,81030613;0,22492853
650,04140203;0,22270808
650,27250807;0,22424587
650,50362426;0,22274243
650,73475058;0,22733273
650,96588703;0,22642128
651,19703360;0,22700191
651,42819030;0,22804942
651,65935712;0,23003186
651,89053405;0,23195563
652,12172110;0,23089090
652,35291825;0,23068645
652,58412550;0,23647163
652,81534285;0,23536705
653,04657029;0,23673369
653,27780783;0,24256482
653,50905545;0,24522360
653,74031315;0,24634543
653,97158093;0,24608942
654,20285879;0,24348138
654,43414671;0,24777482
654,66544470;0,24567371
654,89675276;0,25051954
655,12807087;0,24731913
655,35939903;0,25218802
655,59073725;0,25061069
655,82208551;0,25452842
656,05344381;0,25501238
656,28481214;0,25490969
656,51619052;0,25705101
656,74757892;0,26017734
656,97897735;0,26334891
657,21038579;0,26501167
657,44180426;0,26186824
657,67323274;0,26165740
657,90467122;0,26259716
658,13611972;0,26493794
658,36757821;0,26426538
658,59904670;0,26845646
658,83052518;0,26859929
659,06201365;0,26657736
659,29351211;0,27078623
659,52502055;0,27026171
659,75653896;0,27278507
659,98806735;0,27252790
660,21960570;0,27264810
660,45115402;0,27583661
660,68271230;0,27351329
660,91428054;0,27710074
661,14585873;0,27971460
661,37744686;0,28210049
661,60904494;0,28326231
661,84065296;0,28568252
662,07227092;0,28776634
662,30389881;0,28663867
662,53553663;0,28534657
662,76718437;0,28486216
662,99884203;0,28475981
663,23050960;0,28479370
663,46218709;0,28617222
663,69387449;0,29208824
663,92557178;0,29001028
664,15727898;0,29296563
664,38899608;0,29313547
664,62072306;0,29449167
664,85245993;0,29371688
665,08420669;0,29680380
665,31596332;0,29528253
665,54772983;0,29781161
665,77950621;0,29898429
666,01129246;0,30433125
666,24308857;0,30184861
666,47489454;0,30232078
666,70671037;0,29929760
666,93853604;0,30168921
667,17037156;0,29929796
667,40221693;0,30154108
667,63407213;0,29967871
667,86593717;0,30010641
668,09781204;0,30296478
668,32969673;0,30390980
668,56159125;0,30457103
668,79349559;0,30328389
669,02540974;0,30491770
669,25733370;0,30815793
669,48926746;0,30903443
669,72121103;0,31111883
669,95316440;0,30868722
670,18512756;0,30703028
670,41710051;0,30566373
670,64908324;0,30556137
670,88107576;0,30864188
671,11307806;0,30672866
671,34509012;0,30577180
671,57711196;0,30582300
671,80914357;0,30199647
672,04118493;0,30416626
672,27323606;0,30418829
672,50529693;0,30909795
672,73736756;0,31052121
672,96944793;0,31115278
673,20153804;0,30527661
673,43363789;0,30791873
673,66574747;0,30521966
673,89786679;0,30606252
674,12999582;0,30440536
674,36213458;0,30141001
674,59428305;0,30452526
674,82644124;0,29896724
675,05860914;0,30029993
675,29078674;0,30101716
675,52297404;0,29812454
675,75517104;0,29938842
675,98737773;0,29802729
676,21959410;0,29659320
676,45182017;0,29826692
676,68405591;0,29979299
676,91630133;0,29946290
677,14855642;0,29791339
677,38082118;0,29444069
677,61309560;0,29621676
677,84537969;0,29168401
678,07767343;0,29250397
678,30997682;0,29013521
678,54228986;0,28992989
678,77461254;0,28818715
679,00694487;0,29145067
679,23928682;0,29035130
679,47163842;0,28929789
679,70399963;0,28302890
679,93637047;0,28342694
680,16875094;0,28269305
680,40114101;0,28284590
680,63354070;0,27998783
680,86594999;0,28090448
681,09836889;0,27980039
681,33079739;0,28061435
681,56323548;0,28255608
681,79568316;0,28129181
682,02814043;0,27901483
682,26060729;0,27530692
682,49308372;0,28107006
682,72556973;0,28186725
682,95806530;0,28192404
683,19057045;0,28036375
683,42308516;0,28001616
683,65560942;0,27993063
683,88814324;0,27942409
684,12068661;0,27972602
684,35323953;0,27920227
684,58580199;0,27689041
684,81837398;0,27559162
685,05095551;0,27646888
685,28354658;0,27231171
685,51614716;0,27350175
685,74875727;0,27372377
685,98137690;0,27267598
686,21400604;0,27302376
686,44664469;0,26957320
686,67929285;0,26983478
686,91195051;0,26928264
687,14461767;0,26853687
687,37729432;0,26589922
687,60998046;0,26542164
687,84267608;0,26302419
688,07538119;0,26402077
688,30809577;0,26500047
688,54081983;0,26447082
688,77355336;0,26219264
689,00629635;0,25890726
689,23904880;0,26191377
689,47181071;0,25907827
689,70458208;0,26107693
689,93736289;0,25674920
690,17015314;0,25966499
690,40295284;0,25861667
690,63576198;0,25986403
690,86858054;0,26044456
691,10140854;0,25804761
691,33424596;0,25887327
691,56709280;0,25752362
691,79994906;0,25417498
692,03281473;0,25399845
692,26568981;0,25275762
692,49857429;0,25048576
692,73146817;0,25509763
692,96437145;0,25349762
693,19728413;0,25016690
693,43020619;0,25086666
693,66313763;0,25222206
693,89607845;0,25169864
694,12902865;0,25311649
694,36198822;0,24976209
694,59495716;0,24864657
694,82793547;0,24798601
695,06092313;0,24458051
695,29392015;0,24521254
695,52692652;0,24878846
695,75994223;0,24611201
695,99296729;0,24697796
696,22600169;0,24724496
696,45904543;0,24714293
696,69209850;0,24397103
696,92516089;0,24787127
697,15823261;0,24514975
697,39131364;0,24616365
697,62440399;0,24598668
697,85750366;0,24643635
698,09061262;0,24545710
698,32373090;0,24485357
698,55685847;0,24505350
698,78999533;0,24113516
699,02314149;0,24272985
699,25629693;0,23890313
699,48946166;0,23643713
699,72263566;0,23803214
699,95581894;0,23589102
700,18901149;0,23643186
700,42221330;0,23661427
700,65542438;0,23852159
700,88864471;0,23944984
701,12187430;0,24086794
701,35511314;0,23959744
701,58836123;0,23759326
701,82161856;0,23816300
702,05488512;0,23814604
702,28816092;0,23769597
702,52144595;0,23898860
702,75474021;0,23595378
702,98804368;0,23698990
703,22135638;0,23919909
703,45467828;0,23817445
703,68800940;0,23564545
703,92134972;0,23496244
704,15469925;0,23532094
704,38805797;0,23479229
704,62142589;0,23559515
704,85480299;0,23523051
705,08818928;0,23334488
705,32158475;0,23154605
705,55498940;0,23064049
705,78840322;0,23369834
706,02182620;0,23572015
706,25525836;0,23480283
706,48869967;0,23563458
706,72215015;0,23353330
706,95560977;0,23209846
707,18907854;0,23238302
707,42255646;0,23222881
707,65604352;0,23339654
707,88953971;0,23455800
708,12304504;0,23446678
708,35655949;0,23040692
708,59008307;0,23046342
708,82361577;0,23032734
709,05715759;0,23083939
709,29070852;0,23081154
709,52426855;0,23082830
709,75783769;0,23175681
709,99141593;0,23261645
710,22500327;0,23289557
710,45859969;0,23421647
710,69220521;0,23346496
710,92581981;0,23728622
711,15944349;0,23541817
711,39307624;0,23640884
711,62671807;0,23811162
711,86036896;0,23651662
712,09402892;0,23516207
712,32769793;0,23526988
712,56137600;0,24049191
712,79506312;0,23846487
713,02875929;0,24039542
713,26246451;0,24074849
713,49617876;0,24086768
713,72990204;0,24147671
713,96363436;0,24238229
714,19737571;0,24215429
714,43112607;0,24370373
714,66488546;0,24113469
714,89865386;0,24205777
715,13243127;0,24313380
715,36621769;0,24554265
715,60001311;0,24608378
715,83381753;0,24558291
716,06763094;0,24618038
716,30145334;0,24525773
716,53528473;0,24869193
716,76912510;0,24504746
717,00297445;0,24833858
717,23683278;0,24788915
717,47070007;0,24980745
717,70457633;0,25126531
717,93846155;0,25240517
718,17235573;0,25182315
718,40625887;0,25296263
718,64017095;0,25082732
718,87409198;0,25406141
719,10802195;0,25291113
719,34196086;0,25224487
719,57590870;0,24940931
719,80986547;0,25240441
720,04383117;0,25442043
720,27780579;0,25028041
720,51178932;0,25547896
720,74578177;0,25517689
720,97978313;0,25792220
721,21379339;0,25645323
721,44781255;0,25690336
721,68184062;0,25748384
721,91587757;0,25812751
722,14992341;0,26132679
722,38397814;0,26111072
722,61804175;0,25806478
722,85211423;0,26181696
723,08619559;0,26335487
723,32028582;0,26309239
723,55438491;0,26381587
723,78849286;0,26518830
724,02260966;0,26536485
724,25673532;0,26515418
724,49086983;0,26541603
724,72501318;0,26399799
724,95916538;0,26279098
725,19332640;0,26177738
725,42749627;0,26374747
725,66167495;0,26858213
725,89586247;0,26879227
726,13005880;0,26836571
726,36426395;0,26797861
726,59847791;0,26626461
726,83270067;0,26613374
727,06693225;0,27027309
727,30117262;0,26938455
727,53542178;0,27169091
727,76967974;0,27160612
728,00394648;0,27324007
728,23822201;0,27437324
728,47250632;0,27564290
728,70679940;0,27705541
728,94110126;0,27799454
729,17541188;0,27743676
729,40973126;0,27925900
729,64405941;0,27847312
729,87839630;0,27862705
730,11274195;0,27677040
730,34709635;0,28014135
730,58145949;0,28255037
730,81583137;0,28321123
731,05021198;0,28405359
731,28460132;0,28553420
731,51899939;0,28140602
731,75340618;0,27953246
731,98782169;0,28010138
732,22224591;0,28350686
732,45667885;0,28302874
732,69112049;0,28731655
732,92557083;0,29147361
733,16002987;0,29352922
733,39449761;0,29379081
733,62897403;0,28949198
733,86345914;0,29104614
734,09795294;0,29006690
734,33245541;0,29263536
734,56696655;0,29323870
734,80148637;0,29186087
735,03601485;0,29278359
735,27055199;0,29541363
735,50509779;0,29097244
735,73965224;0,29305063
735,97421534;0,29192901
736,20878709;0,29470785
736,44336748;0,29562470
736,67795650;0,29277773
736,91255416;0,29442934
737,14716045;0,29563031
737,38177536;0,29494657
737,61639889;0,29448570
737,85103105;0,29524844
738,08567181;0,29747543
738,32032118;0,29839209
738,55497916;0,29636496
738,78964574;0,29577844
739,02432091;0,29831830
739,25900468;0,29686577
739,49369703;0,29879065
739,72839797;0,29914892
739,96310749;0,29983829
740,19782559;0,29659802
740,43255226;0,29608598
740,66728750;0,29585228
740,90203130;0,29428631
741,13678366;0,29430344
741,37154458;0,29667817
741,60631405;0,29565317
741,84109207;0,29516909
742,07587863;0,29644419
742,31067373;0,29498134
742,54547737;0,29689996
742,78028953;0,29785639
743,01511023;0,29604008
743,24993945;0,29417286
743,48477719;0,29555077
743,71962345;0,29542515
743,95447821;0,29633100
744,18934149;0,29546469
744,42421326;0,29567590
744,65909354;0,29494652
744,89398231;0,29506122
745,12887957;0,29418383
745,36378532;0,29441723
745,59869955;0,29383682
745,83362227;0,29387083
746,06855345;0,29382503
746,30349311;0,29294256
746,53844123;0,29381924
746,77339782;0,29113160
747,00836287;0,29112631
747,24333636;0,29335839
747,47831832;0,29176928
747,71330871;0,29242401
747,94830755;0,29289139
748,18331483;0,29366598
748,41833054;0,28733343
748,65335468;0,28920138
748,88838725;0,28909330
749,12342824;0,28731659
749,35847765;0,28893987
749,59353547;0,28713415
749,82860170;0,28567041
750,06367634;0,28559096
750,29875938;0,28536931
750,53385082;0,28491392
750,76895065;0,28516421
751,00405887;0,28171358
751,23917548;0,28274368
751,47430047;0,28242506
751,70943383;0,28280629
751,94457557;0,28317118
752,17972568;0,28442974
752,41488416;0,28322818
752,65005099;0,28174786
752,88522618;0,28057985
753,12040973;0,28059760
753,35560162;0,27621261
753,59080186;0,27638903
753,82601044;0,27761894
754,06122736;0,27575737
754,29645261;0,27103625
754,53168619;0,27309211
754,76692809;0,26888970
755,00217832;0,26874145
755,23743686;0,26742618
755,47270371;0,26562165
755,70797887;0,26441382
755,94326234;0,26622535
756,17855410;0,26416360
756,41385417;0,26723253
756,64916252;0,26626418
756,88447917;0,26322380
757,11980409;0,25996069
757,35513730;0,25804698
757,59047878;0,25959017
757,82582854;0,26138532
758,06118656;0,25676621
758,29655285;0,25787126
758,53192740;0,25712516
758,76731020;0,25604308
759,00270125;0,25360040
759,23810055;0,25336098
759,47350810;0,25147062
759,70892388;0,24585033
759,94434790;0,24829863
760,17978015;0,24454035
760,41522063;0,24671041
760,65066934;0,24853216
760,88612626;0,24713754
761,12159139;0,24505885
761,35706474;0,24644242
761,59254629;0,24411918
761,82803605;0,24391945
762,06353401;0,24202924
762,29904016;0,23729712
762,53455450;0,23864139
762,77007703;0,23548080
763,00560774;0,23702456
763,24114663;0,23699525
763,47669369;0,23662508
763,71224893;0,23336802
763,94781233;0,23148918
764,18338389;0,23083424
764,41896362;0,22708179
764,65455149;0,22594239
764,89014752;0,22877321
765,12575169;0,22995710
765,36136400;0,23032722
765,59698446;0,23113589
765,83261304;0,23045806
766,06824976;0,22810108
766,30389460;0,22633556
766,53954756;0,22478092
766,77520865;0,22513424
767,01087784;0,22380725
767,24655515;0,22470089
767,48224056;0,22040199
767,71793407;0,22257144
767,95363568;0,22280523
768,18934538;0,22431993
768,42506317;0,22176879
768,66078905;0,21799945
768,89652301;0,21988360
769,13226504;0,21539708
769,36801515;0,21528257
769,60377333;0,21235027
769,83953957;0,20942898
770,07531387;0,20960541
770,31109623;0,20932057
770,54688665;0,20569315
770,78268511;0,20655299
771,01849161;0,20490171
771,25430616;0,20385401
771,49012874;0,20350643
771,72595936;0,20165625
771,96179800;0,20546047
772,19764467;0,20098992
772,43349936;0,20397955
772,66936207;0,20239648
772,90523278;0,19989664
773,14111151;0,20073940
773,37699824;0,20111546
773,61289297;0,19873482
773,84879569;0,19969747
774,08470641;0,20007878
774,32062512;0,20072251
774,55655180;0,19935604
774,79248647;0,20302875
775,02842912;0,19903138
775,26437973;0,19852443
775,50033832;0,19682198
775,73630486;0,19761900
775,97227937;0,19681595
776,20826183;0,19625204
776,44425224;0,19329705
776,68025060;0,19421943
776,91625691;0,19269899
777,15227115;0,19175377
777,38829333;0,19207832
777,62432344;0,19219768
777,86036147;0,18887287
778,09640743;0,19037576
778,33246131;0,18937363
778,56852310;0,18660581
778,80459280;0,18731218
779,04067041;0,18627010
779,27675592;0,18445938
779,51284933;0,18779606
779,74895064;0,18713028
779,98505984;0,19132090
780,22117692;0,19038738
780,45730188;0,18905428
780,69343472;0,18853644
780,92957544;0,18788183
781,16572403;0,18455048
781,40188048;0,18062142
781,63804479;0,17871383
781,87421697;0,17945399
782,11039699;0,17873641
782,34658487;0,17881629
782,58278059;0,17703426
782,81898416;0,17955065
783,05519556;0,17827523
783,29141479;0,17977857
783,52764186;0,17866837
783,76387675;0,17869083
784,00011946;0,17670324
784,23636999;0,17630484
784,47262833;0,17437432
784,70889448;0,17813249
784,94516844;0,17636768
785,18145020;0,17924870
785,41773975;0,17717578
785,65403710;0,17784268
785,89034224;0,17985859
786,12665516;0,17743865
786,36297586;0,17802502
786,59930434;0,17638469
786,83564059;0,17592326
787,07198461;0,17821233
787,30833640;0,17443678
787,54469594;0,17512614
787,78106325;0,17284253
788,01743830;0,17327003
788,25382110;0,17234189
788,49021165;0,17575852
788,72660994;0,17371951
788,96301596;0,17231325
789,19942972;0,17316168
789,43585120;0,17442015
789,67228041;0,17221636
789,90871734;0,17325270
790,14516198;0,17214795
790,38161434;0,17188605
790,61807440;0,16874822
790,85454217;0,16920411
791,09101764;0,16932343
791,32750080;0,16827025
791,56399165;0,16493320
791,80049019;0,16469997
792,03699642;0,16790015
792,27351032;0,16675506
792,51003190;0,16502446
792,74656115;0,16758131
792,98309807;0,16540606
793,21964265;0,16609496
793,45619489;0,16324205
793,69275479;0,16271209
793,92932234;0,16322477
794,16589753;0,16416479
794,40248036;0,16479702
794,63907084;0,16806546
794,87566895;0,16628867
795,11227469;0,16379467
795,34888806;0,16185797
795,58550905;0,16167034
795,82213765;0,16263863
796,05877388;0,16213742
796,29541771;0,15995062
796,53206915;0,16071388
796,76872819;0,16094741
797,00539483;0,16177292
797,24206906;0,16058831
797,47875088;0,15990525
797,71544029;0,15899413
797,95213729;0,15952350
798,18884186;0,16061691
798,42555400;0,16227410
798,66227371;0,16102712
798,89900099;0,16249057
799,13573583;0,15870320
799,37247823;0,15828829
799,60922818;0,15589617
799,84598568;0,15618105
800,08275073;0,15654582
800,31952332;0,15917635
800,55630344;0,15813397
800,79309110;0,15738795
801,02988629;0,15353287
801,26668900;0,15625533
801,50349923;0,15537240
801,74031698;0,15594736
801,97714225;0,15470055
802,21397502;0,15624348
802,45081530;0,15383461
802,68766308;0,15454665
802,92451835;0,15286721
803,16138112;0,15682458
803,39825138;0,15610695
803,63512912;0,15635200
803,87201434;0,15711457
804,10890704;0,15503694
804,34580721;0,15397746
804,58271485;0,15413675
804,81962995;0,15508761
805,05655251;0,15325963
805,29348253;0,15386391
805,53042000;0,15513890
805,76736492;0,15187629
806,00431728;0,15291266
806,24127709;0,15095889
806,47824433;0,15090789
806,71521900;0,15383470
806,95220109;0,15279921
807,18919062;0,15341947
807,42618756;0,15521846
807,66319192;0,15672186
807,90020368;0,15475777
808,13722286;0,15737675
808,37424944;0,15675059
808,61128342;0,15601604
808,84832479;0,15677902
809,08537356;0,15566854
809,32242971;0,15426766
809,55949325;0,15236011
809,79656416;0,15327129
810,03364245;0,15389759
810,27072811;0,15780969
810,50782114;0,15701828
810,74492153;0,15410808
810,98202928;0,15636880
811,21914438;0,15422196
811,45626683;0,15302647
811,69339663;0,15374918
811,93053378;0,15490552
812,16767826;0,15493400
812,40483008;0,15575398
812,64198922;0,15417642
812,87915569;0,15745682
813,11632949;0,15546937
813,35351060;0,15694949
813,59069903;0,15287845
813,82789477;0,15221228
814,06509781;0,15324841
814,30230815;0,15579357
814,53952580;0,15738827
814,77675073;0,15785563
815,01398296;0,15933016
815,25122247;0,15616974
815,48846926;0,15655100
815,72572333;0,15829943
815,96298468;0,16057746
816,20025329;0,15914167
816,43752917;0,15885158
816,67481231;0,15895442
816,91210271;0,15774130
817,14940036;0,15855541
817,38670526;0,15785532
817,62401741;0,16135151
817,86133679;0,15656838
818,09866342;0,15698975
818,33599727;0,15698363
818,57333836;0,16111801
818,81068667;0,15713200
819,04804220;0,15960894
819,28540495;0,15516757
819,52277491;0,15686415
819,76015207;0,15746832
819,99753645;0,15895984
820,23492802;0,15704666
820,47232679;0,15940989
820,70973275;0,16136838
820,94714590;0,16258177
821,18456624;0,16119233
821,42199375;0,16079923
821,65942844;0,16241636
821,89687031;0,16301417
822,13431934;0,16235950
822,37177553;0,16359526
822,60923889;0,16073648
822,84670940;0,16345289
823,08418706;0,16267842
823,32167187;0,16639663
823,55916382;0,16386305
823,79666291;0,16619751
824,03416914;0,16297465
824,27168250;0,16362913
824,50920299;0,16257583
824,74673060;0,16303701
824,98426533;0,16228586
825,22180717;0,16565103
825,45935613;0,16706862
825,69691219;0,16624867
825,93447536;0,16698918
826,17204563;0,16651666
826,40962299;0,16866915
826,64720744;0,16825303
826,88479897;0,16724499
827,12239759;0,16965388
827,36000329;0,16835573
827,59761607;0,16931240
827,83523591;0,16694882
828,07286282;0,16841266
828,31049680;0,16752457
828,54813783;0,16706828
828,78578591;0,16395948
829,02344105;0,16483612
829,26110323;0,16367461
829,49877246;0,16362370
829,73644872;0,16384568
829,97413202;0,16319114
830,21182234;0,16402225
830,44951970;0,16586755
830,68722407;0,16538866
830,92493546;0,16538895
831,16265387;0,16673855
831,40037928;0,16656769
831,63811171;0,16505849
831,87585113;0,16714253
832,11359755;0,16450038
832,35135096;0,16668755
832,58911137;0,16400540
832,82687875;0,16370362
833,06465312;0,16273504
833,30243447;0,16484763
833,54022279;0,16427849
833,77801808;0,16156784
834,01582034;0,16280943
834,25362955;0,16273545
834,49144572;0,16284892
834,72926885;0,16362934
834,96709892;0,16615183
835,20493594;0,16574771
835,44277990;0,16274660
835,68063080;0,16121470
835,91848862;0,16279236
836,15635338;0,16210871
836,39422506;0,16004777
836,63210366;0,16128332
836,86998918;0,16104951
837,10788161;0,16019606
837,34578095;0,15741671
837,58368719;0,16127767
837,82160034;0,15664221
838,05952038;0,15791800
838,29744731;0,15662538
838,53538112;0,15925598
838,77332183;0,15821396
839,01126941;0,16066286
839,24922387;0,16030938
839,48718520;0,16199507
839,72515340;0,15872623
839,96312846;0,15770735
840,20111038;0,15852722
840,43909915;0,15768449
840,67709478;0,15857263
840,91509725;0,15611866
841,15310657;0,15398890
841,39112273;0,15398883
841,62914572;0,15150024
841,86717555;0,15400577
842,10521220;0,15249684
842,34325567;0,15142061
842,58130596;0,15274136
842,81936307;0,15247917
843,05742699;0,15212113
843,29549771;0,15160852
843,53357524;0,14691085
843,77165957;0,14762805
844,00975069;0,14343132
844,24784860;0,14966702
844,48595329;0,14487210
844,72406477;0,14388137
844,96218303;0,14342007
845,20030807;0,14605622
845,43843987;0,14588023
845,67657844;0,14338009
845,91472377;0,14195067
846,15287586;0,14127343
846,39103470;0,14032196
846,62920029;0,14074329
846,86737263;0,13748695
847,10555171;0,13916649
847,34373753;0,13791382
847,58193008;0,13958777
847,82012936;0,13733273
848,05833537;0,13606848
848,29654810;0,13433208
848,53476755;0,13669502
848,77299371;0,13552196
849,01122658;0,13633045
849,24946615;0,13496380
849,48771242;0,13623387
849,72596540;0,13189431
849,96422506;0,13265172
850,20249142;0,12974816
850,44076446;0,13257832
850,67904418;0,12819904
850,91733058;0,13033973
851,15562365;0,12752162
851,39392338;0,12835828
851,63222979;0,12482800
851,87054285;0,12786298
852,10886257;0,12643398
852,34718895;0,12573906
852,58552197;0,12393943
852,82386164;0,12516388
853,06220794;0,12315398
853,30056088;0,12401338
853,53892046;0,12123484
853,77728666;0,12480534
854,01565949;0,12236812
854,25403894;0,12458266
854,49242500;0,11995325
854,73081768;0,12293180
854,96921696;0,11842171
855,20762285;0,11855272
855,44603533;0,11850712
855,68445442;0,12004452
855,92288009;0,11624130
856,16131235;0,11689591
856,39975120;0,11397443
856,63819662;0,11648554
856,87664862;0,11448143
857,11510719;0,11569420
857,35357233;0,11464628
857,59204403;0,11638886
857,83052229;0,11144046
858,06900711;0,11384936
858,30749848;0,11257946
858,54599639;0,11521590
858,78450085;0,11087696
859,02301184;0,11096772
859,26152937;0,11092210
859,50005344;0,11153750
859,73858402;0,10883251
859,97712113;0,10978906
860,21566476;0,10772765
860,45421491;0,10949315
860,69277156;0,10656037
860,93133472;0,10645775
861,16990439;0,10511399
861,40848055;0,10767101
861,64706320;0,10613332
861,88565235;0,10515945
862,12424798;0,10270535
862,36285009;0,10316072
862,60145869;0,10162950
862,84007375;0,10148667
863,07869529;0,09747239
863,31732329;0,10141285
863,55595775;0,09903242
863,79459867;0,09836607
864,03324605;0,09868489
864,27189987;0,10042188
864,51056014;0,09706250
864,74922685;0,09996076
864,98790000;0,09744971
865,22657958;0,09945961
865,46526559;0,09907212
865,70395803;0,09849719
865,94265689;0,09632778
866,18136216;0,09567866
866,42007385;0,09237570
866,65879195;0,09297932
866,89751645;0,09101478
867,13624735;0,09230182
867,37498465;0,08938058
867,61372834;0,08980169
867,85247842;0,08762707
868,09123489;0,08894773
868,32999773;0,08526921
868,56876696;0,08647638
868,80754255;0,08251303
869,04632451;0,08578734
869,28511284;0,08436971
869,52390753;0,08483086
869,76270857;0,08279818
870,00151597;0,08452913
870,24032971;0,08347567
870,47914980;0,08668725
870,71797623;0,08325337
870,95680899;0,08412448
871,19564809;0,08485358
871,43449352;0,08362903
871,67334526;0,08240474
871,91220333;0,08231379
872,15106771;0,08130007
872,38993841;0,07895393
872,62881541;0,08013860
872,86769872;0,07647144
873,10658832;0,07815674
873,34548422;0,07565135
873,58438641;0,07374941
873,82329489;0,07499096
874,06220965;0,07636345
874,30113070;0,07169929
874,54005801;0,07573113
874,77899160;0,07221209
875,01793145;0,07148902
875,25687757;0,06841964
875,49582995;0,07128402
875,73478858;0,06903508
875,97375346;0,07097076
876,21272459;0,06787859
876,45170196;0,06950709
876,69068557;0,06609605
876,92967541;0,06818024
877,16867148;0,06708694
877,40767378;0,06817473
877,64668231;0,06750290
877,88569705;0,06796956
878,12471800;0,06601066
878,36374517;0,06669986
878,60277854;0,06400065
878,84181811;0,06466739
879,08086388;0,06324333
879,31991585;0,06201334
879,55897400;0,06311819
879,79803834;0,06397793
880,03710886;0,06128466
880,27618556;0,06220130
880,51526844;0,06280482
880,75435748;0,06051582
880,99345269;0,06057277
881,23255406;0,06301034
881,47166159;0,05973597
881,71077527;0,06000311
881,94989510;0,05852270
882,18902107;0,06006018
882,42815319;0,05883040
882,66729144;0,05909186
882,90643583;0,05608588
883,14558634;0,05743506
883,38474298;0,05908083
883,62390574;0,05608573
883,86307462;0,05580650
884,10224961;0,05847721
884,34143071;0,05523744
884,58061791;0,05643316
884,81981121;0,05574414
885,05901061;0,05657533
885,29821611;0,05416639
885,53742769;0,05775392
885,77664535;0,05542492
886,01586910;0,05676337
886,25509892;0,05538525
886,49433482;0,05386493
886,73357678;0,05196279
886,97282480;0,05416107
887,21207889;0,05163282
887,45133903;0,05216781
887,69060522;0,05167800
887,92987747;0,05365979
888,16915575;0,05300481
888,40844008;0,05335799
888,64773044;0,05080159
888,88702683;0,05200275
889,12632925;0,05004943
889,36563769;0,05340927
889,60495215;0,05131939
889,84427263;0,05040264
890,08359912;0,05108051
890,32293161;0,05101199
890,56227011;0,04942877
890,80161461;0,05071589
891,04096510;0,04774312
891,28032159;0,04872254
891,51968406;0,04752700
891,75905251;0,04837556
891,99842694;0,04744161
892,23780735;0,04773234
892,47719373;0,04542038
892,71658607;0,04702577
892,95598438;0,04579602
893,19538864;0,04679831
893,43479886;0,04460015
893,67421503;0,04599547
893,91363715;0,04618874
894,15306521;0,04475937
894,39249920;0,04272097
894,63193914;0,04294869
894,87138500;0,04446926
895,11083678;0,04571073
895,35029449;0,04338696
895,58975812;0,04495315
895,82922766;0,04309102
896,06870311;0,04384279
896,30818447;0,04228233
896,54767172;0,04408158
896,78716488;0,04096129
897,02666393;0,04167311
897,26616886;0,03942395
897,50567969;0,04149684
897,74519639;0,03950357
897,98471898;0,04046598
898,22424743;0,03952653
898,46378176;0,04224256
898,70332195;0,03978268
898,94286800;0,03951498
899,18241990;0,03899661
899,42197767;0,03932691
899,66154128;0,03676474
899,90111073;0,03844993
900,14068602;0,03719768
900,38026716;0,03903102
900,61985412;0,03708896
900,85944691;0,03725442
901,09904553;0,03466343
901,33864997;0,03854704
901,57826023;0,03678747
901,81787629;0,03791482
902,05749817;0,03528982
902,29712585;0,03692393
902,53675933;0,03494812
902,77639860;0,03578524
903,01604367;0,03399722
903,25569453;0,03444150
903,49535117;0,03261910
903,73501359;0,03583637
903,97468178;0,03314307
904,21435575;0,03532960
904,45403548;0,03248241
904,69372098;0,03426467
904,93341224;0,03254506
905,17310926;0,03530675
905,41281202;0,03368986
905,65252053;0,03471460
905,89223479;0,03103606
906,13195478;0,03333664
906,37168052;0,03311474
906,61141198;0,03302915
906,85114917;0,03230018
907,09089208;0,03222072
907,33064071;0,03030149
907,57039505;0,03189028
907,81015511;0,03029603
908,04992088;0,03220922
908,28969234;0,02857074
908,52946951;0,03038133
908,76925237;0,03026716
909,00904092;0,03112723
909,24883515;0,02970935
909,48863507;0,03087088
909,72844067;0,03046658
909,96825194;0,03156573
910,20806889;0,02929955
910,44789149;0,02944161
910,68771977;0,02897473
910,92755369;0,03020463
911,16739328;0,02764807
911,40723851;0,02883800
911,64708939;0,02568354
911,88694591;0,02974364
912,12680807;0,02843390
912,36667586;0,02962950
912,60654928;0,02968681
912,84642833;0,03026185
913,08631300;0,02990282
913,32620329;0,02913440
913,56609919;0,02951007
913,80600070;0,02932791
914,04590781;0,02723806
914,28582053;0,03047776
914,52573884;0,02771040
914,76566275;0,02988025
915,00559225;0,02754552
915,24552733;0,02802382
915,48546799;0,02746590
915,72541423;0,02770490
915,96536604;0,02654293
916,20532342;0,02916830
916,44528637;0,02563216
916,68525488;0,02687924
916,92522894;0,02619020
917,16520855;0,02637808
917,40519372;0,02445336
917,64518443;0,02627551
917,88518068;0,02494899
918,12518246;0,02563235
918,36518978;0,02432812
918,60520263;0,02781306
918,84522100;0,02526772
919,08524489;0,02705582
919,32527429;0,02346286
919,56530921;0,02543854
919,80534964;0,02291008
920,04539557;0,02314363
920,28544700;0,02239202
920,52550392;0,02300146
920,76556634;0,02220980
921,00563425;0,02403758
921,24570764;0,02244910
921,48578650;0,02459589
921,72587085;0,02235251
921,96596066;0,02481801
922,20605595;0,02215275
922,44615669;0,02456709
922,68626290;0,02209058
922,92637456;0,02324048
923,16649167;0,02233525
923,40661423;0,02357094
923,64674223;0,02070087
923,88687567;0,02245469
924,12701454;0,01971573
924,36715885;0,02205046
924,60730858;0,01936267
924,84746374;0,02235242
925,08762431;0,01848588
925,32779030;0,01969293
925,56796170;0,01965878
925,80813851;0,01866786
926,04832072;0,01873630
926,28850832;0,01851416
926,52870133;0,01947084
926,76889972;0,01817258
927,00910349;0,01885023
927,24931265;0,01832071
927,48952719;0,01939119
927,72974710;0,01976127
927,96997239;0,01956765
928,21020303;0,01838908
928,45043904;0,01946504
928,69068041;0,01809849
928,93092713;0,01931137
929,17117920;0,01678896
929,41143662;0,01782528
929,65169938;0,01608840
929,89196747;0,01704514
930,13224090;0,01727299
930,37251966;0,01680020
930,61280374;0,01526285
930,85309315;0,01590610
931,09338787;0,01559305
931,33368790;0,01619658
931,57399325;0,01552474
931,81430390;0,01615656
932,05461985;0,01431157
932,29494109;0,01509203
932,53526763;0,01472738
932,77559946;0,01581496
933,01593657;0,01461344
933,25627897;0,01616825
933,49662664;0,01480154
933,73697958;0,01348030
933,97733779;0,01501206
934,21770127;0,01288841
934,45807001;0,01406128
934,69844400;0,01300195
934,93882324;0,01346337
935,17920774;0,01205675
935,41959747;0,01327535
935,65999245;0,01183472
935,90039266;0,01210256
936,14079811;0,01123688
936,38120878;0,01141899
936,62162468;0,01008665
936,86204580;0,01095206
937,10247213;0,00995557
937,34290367;0,01046803
937,58334043;0,00822459
937,82378238;0,00864014
938,06422954;0,00831565
938,30468189;0,00770069
938,54513943;0,00601513
938,78560216;0,00764375
939,02607007;0,00605500
939,26654316;0,00746723
939,50702143;0,00513252
939,74750486;0,00628268
939,98799347;0,00485918
940,22848724;0,00551977
940,46898616;0,00453449
940,70949024;0,00501276
940,94999948;0,00371457
941,19051386;0,00477953
941,43103338;0,00364628
941,67155804;0,00449466
941,91208783;0,00358359
942,15262276;0,00401075
942,39316281;0,00292872
942,63370798;0,00415292
942,87425828;0,00226811
943,11481368;0,00270093
943,35537420;0,00230236
943,59593982;0,00322481
943,83651055;0,00286615
944,07708637;0,00292318
944,31766729;0,00171583
944,55825329;0,00279787
944,79884439;0,00196077
945,03944056;0,00289463
945,28004181;0,00208016
945,52064814;0,00349802
945,76125953;0,00243893
946,00187600;0,00297434
946,24249752;0,00042900
946,48312410;0,00289451
946,72375573;0,00241045
946,96439241;0,00290023
947,20503414;0,00105533
947,44568091;0,00339566
947,68633272;0,00235363
947,92698956;0,00301402
948,16765142;0,00227392
948,40831832;0,00223409
948,64899023;0,00141393
948,88966716;0,00274094
949,13034911;0,00176140
949,37103606;0,00289452
949,61172802;0,00127155
949,85242498;0,00276920
950,09312693;0,00197777
950,33383388;0,00336725
950,57454581;0,00162489
950,81526273;0,00240477
951,05598463;0,00209166
951,29671151;0,00342982
951,53744336;0,00201762
951,77818017;0,00290607
952,01892195;0,00249022
952,25966870;0,00316221
952,50042039;0,00200058
952,74117704;0,00220557
952,98193864;0,00287184
953,22270518;0,00413602
953,46347666;0,00284901
953,70425307;0,00363492
953,94503442;0,00285467
954,18582070;0,00325908
954,42661189;0,00272367
954,66740801;0,00417589
954,90820904;0,00189814
955,14901499;0,00346412
955,38982584;0,00295727
955,63064160;0,00320217
955,87146225;0,00311672
956,11228780;0,00352090
956,35311824;0,00274083
956,59395357;0,00443785
956,83479378;0,00324188
957,07563887;0,00431254
957,31648883;0,00371437
957,55734366;0,00450629
957,79820336;0,00336139
958,03906793;0,00463702
958,27993735;0,00358365
958,52081163;0,00403358
958,76169076;0,00352086
959,00257473;0,00490473
959,24346354;0,00398784
959,48435720;0,00439784
959,72525569;0,00376573
959,96615901;0,00450043
960,20706715;0,00463697
960,44798012;0,00501862
960,68889790;0,00400504
960,92982050;0,00562207
961,17074791;0,00460288
961,41168012;0,00516669
961,65261714;0,00452890
961,89355895;0,00539446
962,13450556;0,00441505
962,37545696;0,00516659
962,61641314;0,00366910
962,85737410;0,00502431
963,09833984;0,00440350
963,33931036;0,00525764
963,58028564;0,00386831
963,82126569;0,00502426
964,06225050;0,00389110
964,30324007;0,00517805
964,54423439;0,00382264
964,78523346;0,00528617
965,02623727;0,00450596
965,26724583;0,00563928
965,50825912;0,00490474
965,74927714;0,00419283
965,99029990;0,00422137
966,23132737;0,00503007
966,47235957;0,00443220
966,71339649;0,00515522
966,95443811;0,00411886
967,19548445;0,00434665
967,43653549;0,00355494
967,67759123;0,00488759
967,91865167;0,00427262
968,15971679;0,00381696
968,40078661;0,00373734
968,64186111;0,00474531
968,88294029;0,00349819
969,12402415;0,00458009
969,36511268;0,00403914
969,60620587;0,00472817
969,84730373;0,00337307
970,08840625;0,00445478
970,32951343;0,00383410
970,57062526;0,00510970
970,81174173;0,00361771
971,05286285;0,00451740
971,29398861;0,00409627
971,53511900;0,00433523
971,77625402;0,00400489
972,01739367;0,00521779
972,25853795;0,00408472
972,49968684;0,00526336
972,74084035;0,00386823
972,98199847;0,00547410
973,22316119;0,00388558
973,46432852;0,00477377
973,70550045;0,00370336
973,94667697;0,00521792
974,18785809;0,00420981
974,42904379;0,00490474
974,67023407;0,00353788
974,91142893;0,00466567
975,15262837;0,00430684
975,39383237;0,00481918
975,63504094;0,00332737
975,87625408;0,00501866
976,11747177;0,00364051
976,35869402;0,00460294
976,59992081;0,00345254
976,84115216;0,00397662
977,08238804;0,00249037
977,32362846;0,00384555
977,56487342;0,00368612
977,80612291;0,00469973
978,04737692;0,00233642
978,28863545;0,00365756
978,52989850;0,00327032
978,77116607;0,00339564
979,01243814;0,00270104
979,25371472;0,00366895
979,49499581;0,00287198
979,73628138;0,00373171
979,97757146;0,00272379
980,21886602;0,00453460
980,46016506;0,00259282
980,70146859;0,00438636
980,94277660;0,00299715
981,18408907;0,00336709
981,42540602;0,00194371
981,66672743;0,00323621
981,90805330;0,00254150
982,14938363;0,00361221
982,39071841;0,00176142
982,63205764;0,00385707
982,87340132;0,00200610
983,11474943;0,00297432
983,35610198;0,00234795
983,59745897;0,00295139
983,83882038;0,00192659
984,08018622;0,00243896
984,32155647;0,00253022
984,56293115;0,00290015
984,80431023;0,00247308
985,04569372;0,00358350
985,28708162;0,00229110
985,52847392;0,00283205
985,76987061;0,00270103
986,01127170;0,00275781
986,25267717;0,00287175
986,49408703;0,00298578
986,73550126;0,00200053
986,97691987;0,00275795
987,21834285;0,00148230
987,45977021;0,00301985
987,70120192;0,00109507
987,94263799;0,00268398
988,18407842;0,00226251
988,42552320;0,00300284
988,66697233;0,00155080
988,90842580;0,00282639
989,14988360;0,00159061
989,39134575;0,00215997
989,63281222;0,00201772
989,87428302;0,00257565
990,11575815;0,00240501
990,35723759;0,00210316
990,59872135;0,00138555
990,84020942;0,00221715
991,08170179;0,00188674
991,32319847;0,00304810
991,56469945;0,00164181
991,80620472;0,00190967
992,04771428;0,00106677
992,28922813;0,00233074
992,53074625;0,00212027
992,77226866;0,00227967
993,01379534;0,00135700
993,25532629;0,00218275
993,49686151;0,00156211
993,73840099;0,00227380
993,97994473;0,00105527
994,22149272;0,00238782
994,46304496;0,00181838
994,70460145;0,00180130
994,94616218;0,00083333
995,18772714;0,00153361
995,42929634;0,00225696
995,67086977;0,00130589
995,91244742;0,00222837
996,15402930;0,00130028
996,39561539;0,00101556
996,63720570;0,00075918
996,87880021;0,00193775
997,12039893;0,00106099
997,36200185;0,00131161
997,60360897;0,00100393
997,84522028;0,00202326
998,08683578;0,00063963
998,32845547;0,00162479
998,57007933;0,00139117
998,81170738;0,00119767
999,05333959;0,00086166
999,29497597;0,00140270
999,53661652;-0,00003223
999,77826123;0,00187530
1000,01991010;0,00124320
1000,26156311;0,00173864
1000,50322028;0,00094142
1000,74488159;0,00140264
1000,98654704;0,00087305
1001,22821662;0,00204046
1001,46989034;0,00077630
1001,71156819;0,00220561
1001,95325016;0,00082191
1002,19493625;0,00085597
1002,43662645;0,00118618
1002,67832077;0,00099840
1002,92001919;0,00141961
1003,16172172;0,00166456
1003,40342835;0,00014987
1003,64513908;0,00151658
1003,88685389;0,00122606
1004,12857279;0,00198917
1004,37029578;0,00090166
1004,61202284;0,00166451
1004,85375399;0,00052010
1005,09548920;0,00094118
1005,33722848;0,00063392
1005,57897182;0,00087876
1005,82071922;0,00122039
1006,06247067;0,00163611
1006,30422618;0,00127746
1006,54598573;0,00091874
1006,78774933;0,00013867
1007,02951696;0,00118046
1007,27128863;0,00043471
1007,51306433;0,00139135
1007,75484406;0,00026942
1007,99662781;0,00182399
1008,23841558;0,00002480
1008,48020736;0,00070795
1008,72200315;0,00018397
1008,96380295;0,00139114
1009,20560675;0,00086171
1009,44741455;0,00123749
1009,68922634;-0,00036267
1009,93104212;0,00158484
1010,17286189;0,00029781
1010,41468564;0,00173286
1010,65651337;-0,00010641
1010,89834507;0,00156195
1011,14018074;-0,00063030
1011,38202038;0,00097558
1011,62386398;0,00012130
1011,86571154;0,00111220
1012,10756305;0,00002468
1012,34941851;0,00022962
1012,59127791;0,00026967
1012,83314126;0,00116901
1013,07500854;-0,00041967
1013,31687976;0,00075907
1013,55875490;-0,00043666
1013,80063397;0,00104395
1014,04251696;0,00076494
1014,28440387;0,00057116
1014,52629469;-0,00001524
1014,76818942;0,00095281
1015,01008806;0,00071376
1015,25199059;0,00074208
1015,49389703;0,00011557
1015,73580735;0,00123739
1015,97772156;-0,00009494
1016,21963966;0,00196057
1016,46156164;0,00008154
1016,70348749;0,00074214
1016,94541722;0,00006446
1017,18735082;0,00042305
1017,42928828;-0,00059037
1017,67122959;0,00010412
1017,91317477;-0,00051638
1018,15512380;0,00045166
