194,16287968;-0,00095488
194,36381481;-0,00023734
194,56476860;-0,00135347
194,76574102;0,00015552
194,96673208;-0,00066439
195,16774177;0,00061689
195,36877010;-0,00143918
195,56981705;0,00044581
195,77088262;-0,00142199
195,97196681;0,00077072
196,17306961;-0,00010637
196,37419103;0,00074196
196,57533104;-0,00158138
196,77648966;0,00009298
196,97766688;-0,00130233
197,17886269;-0,00028291
197,38007709;-0,00117697
197,58131007;0,00159069
197,78256164;-0,00147308
197,98383178;0,00091317
198,18512050;-0,00155870
198,38642778;0,00036071
198,58775363;-0,00111459
198,78909804;0,00082776
198,99046101;-0,00112008
199,19184253;0,00055407
199,39324259;-0,00167830
199,59466121;0,00046860
199,79609836;-0,00075567
199,99755405;0,00108385
200,19902827;-0,00074991
200,40052102;0,00045158
200,60203230;-0,00126807
200,80356209;0,00056562
201,00511040;-0,00108007
201,20667723;0,00037776
201,40826256;-0,00046529
201,60986639;0,00049747
201,81148873;-0,00016886
202,01312956;0,00130602
202,21478888;-0,00174659
202,41646669;0,00030923
202,61816298;-0,00090942
202,81987776;0,00039470
203,02161101;-0,00165539
203,22336273;0,00040617
203,42513291;-0,00117711
203,62692157;0,00098139
203,82872868;-0,00063581
204,03055424;0,00054865
204,23239826;-0,00104631
204,43426072;0,00084465
204,63614163;-0,00141628
204,83804098;0,00082190
205,03995876;-0,00130241
205,24189497;0,00052020
205,44384961;-0,00093207
205,64582267;0,00046877
205,84781415;-0,00134779
206,04982405;0,00116931
206,25185236;-0,00112585
206,45389907;0,00015554
206,65596418;-0,00113710
206,85804770;0,00079335
207,06014960;-0,00092646
207,26226990;0,00097575
207,46440859;-0,00086974
207,66656565;0,00083891
207,86874110;-0,00085817
208,07093492;0,00069660
208,27314711;-0,00127947
208,47537766;0,00049724
208,67762658;-0,00096657
208,87989385;0,00067385
209,08217948;-0,00134806
209,28448346;0,00070236
209,48680579;-0,00140476
209,68914645;0,00061680
209,89150545;-0,00067594
210,09388279;0,00153968
210,29627846;-0,00018631
210,49869245;0,00106109
210,70112476;-0,00142183
210,90357539;0,00091306
211,10604434;-0,00114867
211,30853159;0,00037202
211,51103715;-0,00146187
211,71356100;0,00107819
211,91610316;-0,00069284
212,11866361;0,00011573
212,32124235;-0,00104022
212,52383937;0,00108968
212,72645467;-0,00043104
212,92908825;0,00060566
213,13174010;-0,00188345
213,33441022;0,00083318
213,53709861;-0,00088664
213,73980525;0,00097571
213,94253016;-0,00112572
214,14527331;0,00099275
214,34803471;-0,00076689
214,55081436;0,00022952
214,75361225;-0,00109712
214,95642837;0,00018995
215,15926273;-0,00159854
215,36211531;0,00035492
215,56498612;-0,00037982
215,76787514;0,00055991
215,97078239;-0,00052221
216,17370784;0,00008726
216,37665150;-0,00133645
216,57961337;0,00090161
216,78259344;-0,00127386
216,98559170;0,00090743
217,18860815;-0,00067003
217,39164279;0,00010994
217,59469561;-0,00120549
217,79776661;0,00084479
218,00085579;-0,00151897
218,20396314;0,00127755
218,40708866;-0,00079547
218,61023234;0,00075361
218,81339417;-0,00101200
219,01657417;0,00129462
219,21977231;-0,00137631
219,42298860;0,00121488
219,62622303;-0,00125122
219,82947561;0,00133452
220,03274631;-0,00035676
220,23603515;0,00090750
220,43934211;-0,00146190
220,64266720;0,00090155
220,84601040;-0,00043108
221,04937172;0,00058284
221,25275115;-0,00096086
221,45614869;-0,00028303
221,65956432;-0,00063630
221,86299806;0,00052008
222,06644989;-0,00146200
222,26991981;0,00033212
222,47340781;-0,00131946
222,67691390;0,00103273
222,88043807;-0,00166674
223,08398031;0,00057139
223,28754061;-0,00116005
223,49111899;0,00021251
223,69471542;-0,00032850
223,89832992;0,00055993
224,10196246;-0,00101757
224,30561306;0,00064513
224,50928170;-0,00105748
224,71296838;0,00059413
224,91667310;-0,00158706
225,12039586;0,00175008
225,32413664;-0,00130218
225,52789545;-0,00011208
225,73167228;-0,00145031
225,93546712;0,00077632
226,13927998;-0,00135358
226,34311085;0,00013282
226,54695972;-0,00096078
226,75082659;0,00033206
226,95471146;-0,00126814
227,15861432;0,00116940
227,36253517;-0,00115433
227,56647401;0,00094168
227,77043082;-0,00149029
227,97440561;0,00114648
228,17839838;-0,00165562
228,38240911;0,00099277
228,58643780;-0,00121691
228,79048446;0,00041181
228,99454907;-0,00093803
229,19863163;-0,00039685
229,40273215;-0,00086964
229,60685060;0,00071938
229,81098700;-0,00119980
230,01514133;0,00092996
230,21931359;-0,00150744
230,42350378;0,00021240
230,62771190;-0,00055068
230,83193793;0,00065099
231,03618188;-0,00137632
231,24044374;0,00073089
231,44472351;-0,00125115
231,64902118;0,00076500
231,85333675;-0,00116589
232,05767022;0,00099289
232,26202157;-0,00097203
232,46639082;0,00025814
232,67077794;-0,00067007
232,87518295;0,00038925
233,07960583;-0,00227606
233,28404658;0,00048596
233,48850520;-0,00208816
233,69298168;0,00127741
233,89747602;-0,00099485
234,10198822;0,00003051
234,30651826;-0,00182621
234,51106615;0,00067386
234,71563188;-0,00076130
234,92021546;0,00048026
235,12481686;-0,00105181
235,32943610;0,00008720
235,53407316;-0,00167274
235,73872805;0,00053711
235,94340075;-0,00125097
236,14809126;0,00077635
236,35279959;-0,00120566
236,55752572;0,00072513
236,76226966;-0,00109153
236,96703139;0,00110100
237,17181092;-0,00151314
237,37660823;0,00027513
237,58142333;-0,00112590
237,78625621;0,00074240
237,99110687;-0,00116559
238,19597531;0,00104411
238,40086151;-0,00125139
238,60576548;0,00057676
238,81068721;-0,00080702
239,01562669;0,00070809
239,22058393;-0,00081823
239,42555892;0,00061669
239,63055166;-0,00093781
239,83556213;0,00079355
240,04059034;-0,00116571
240,24563628;0,00098134
240,45069996;-0,00157012
240,65578136;0,00092435
240,86088047;-0,00068714
241,06599731;0,00062269
241,27113186;-0,00061326
241,47628411;0,00034352
241,68145407;-0,00085830
241,88664173;0,00088465
242,09184709;-0,00118834
242,29707014;0,00077068
242,50231087;-0,00065302
242,70756930;-0,00027139
242,91284540;-0,00081272
243,11813917;0,00090740
243,32345062;-0,00112579
243,52877974;0,00071406
243,73412652;-0,00123396
243,93949096;0,00062830
244,14487306;-0,00105179
244,35027281;0,00068519
244,55569020;-0,00163271
244,76112524;0,00084472
244,96657792;-0,00116009
245,17204823;0,00058284
245,37753618;-0,00143896
245,58304175;0,00081617
245,78856495;-0,00090385
245,99410576;0,00105529
246,19966419;-0,00055072
246,40524024;0,00062270
246,61083388;-0,00139922
246,81644513;0,00026373
247,02207398;-0,00122807
247,22772043;0,00073651
247,43338447;-0,00090958
247,63906609;0,00035483
247,84476529;-0,00083554
248,05048208;0,00063965
248,25621643;-0,00133085
248,46196836;-0,00007235
248,66773786;-0,00084679
248,87352491;0,00089034
249,07932953;-0,00112586
249,28515170;0,00091302
249,49099142;-0,00112005
249,69684869;0,00098707
249,90272349;-0,00089797
250,10861584;0,00048590
250,31452572;-0,00199160
250,52045313;0,00062814
250,72639807;-0,00094936
250,93236052;0,00037193
251,13834050;-0,00056766
251,34433799;0,00098152
251,55035299;-0,00112016
251,75638549;0,00027539
251,96243550;-0,00127967
252,16850300;0,00103833
252,37458800;-0,00124534
252,58069048;0,00055988
252,78681045;-0,00096631
252,99294790;0,00078783
253,19910283;-0,00132527
253,40527523;0,00020686
253,61146511;-0,00133085
253,81767244;0,00026388
254,02389724;-0,00099501
254,23013949;0,00045175
254,43639920;-0,00101761
254,64267635;0,00054290
254,84897095;-0,00133103
255,05528299;0,00044027
255,26161247;-0,00137080
255,46795938;-0,00013487
255,67432372;-0,00126818
255,88070548;0,00066821
256,08710466;-0,00151881
256,29352126;0,00059974
256,49995527;-0,00102296
256,70640669;0,00028087
256,91287552;-0,00171825
257,11936174;0,00112957
257,32586536;-0,00105749
257,53238637;0,00034339
257,73892477;-0,00159260
257,94548055;0,00042891
258,15205371;-0,00106897
258,35864425;0,00083905
258,56525216;-0,00100037
258,77187744;0,00129451
258,97852008;-0,00151313
259,18518008;0,00045166
259,39185743;-0,00100049
259,59855214;0,00022400
259,80526419;-0,00090368
260,01199359;-0,00014043
260,21874032;-0,00098924
260,42550440;0,00069088
260,63228580;-0,00077859
260,83908453;-0,00007221
261,04590058;-0,00053920
261,25273395;0,00110095
261,45958464;-0,00133645
261,66645263;-0,00000404
261,87333793;-0,00160975
262,08024054;0,00028633
262,28716044;-0,00105178
262,49409764;0,00009301
262,70105213;-0,00149598
262,90802391;0,00055396
263,11501296;-0,00091498
263,32201930;0,00068522
263,52904291;-0,00152456
263,73608379;0,00113503
263,94314194;-0,00053907
264,15021734;0,00073648
264,35731001;-0,00089221
264,56441993;0,00025247
264,77154710;-0,00207697
264,97869152;0,00068526
265,18585317;-0,00136496
265,39303207;0,00096413
265,60022820;-0,00088084
265,80744155;0,00106660
266,01467214;-0,00174096
266,22191994;0,00079915
266,42918497;-0,00152996
266,63646720;0,00062251
266,84376665;-0,00134219
267,05108330;0,00080475
267,25841715;-0,00063045
267,46576819;0,00066242
267,67313644;-0,00066442
267,88052187;0,00022970
268,08792448;-0,00068166
268,29534428;0,00061114
268,50278125;-0,00043100
268,71023540;0,00085045
268,91770671;-0,00126818
269,12519519;0,00097574
269,33270083;-0,00150736
269,54022362;0,00030364
269,74776357;-0,00159839
269,95532067;0,00171611
270,16289491;-0,00111442
270,37048629;0,00058852
270,57809481;-0,00104593
270,78572046;-0,00016339
270,99336323;-0,00138195
271,20102313;0,00022972
271,40870016;-0,00127414
271,61639429;0,00032078
271,82410554;-0,00107471
272,03183390;0,00130604
272,23957936;-0,00130217
272,44734192;0,00102123
272,65512157;-0,00143332
272,86291832;0,00058282
273,07073216;-0,00104613
273,27856307;0,00017826
273,48641107;-0,00118824
273,69427615;0,00079919
273,90215829;-0,00215092
274,11005750;0,00051439
274,31797377;-0,00094364
274,52590711;0,00053148
274,73385750;-0,00066448
274,94182494;0,00105534
275,14980942;-0,00080123
275,35781095;0,00093025
275,56582952;-0,00137067
275,77386512;0,00079330
275,98191776;-0,00072702
276,18998742;0,00114088
276,39807410;-0,00184351
276,60617780;0,00059989
276,81429851;-0,00080116
277,02243624;0,00076495
277,23059097;-0,00148446
277,43876271;0,00054848
277,64695144;-0,00131381
277,85515716;-0,00006079
278,06337988;-0,00089237
278,27161958;0,00082749
278,47987627;-0,00119973
278,68814993;0,00046315
278,89644057;-0,00119985
279,10474817;0,00028095
279,31307275;-0,00151299
279,52141428;0,00126062
279,72977277;-0,00117142
279,93814821;0,00041180
280,14654061;-0,00134768
280,35494995;0,00085046
280,56337623;-0,00189473
280,77181945;0,00069113
280,98027960;-0,00137634
281,18875668;0,00100412
281,39725068;-0,00117687
281,60576161;0,00063968
281,81428946;-0,00114284
282,02283421;0,00075905
282,23139588;-0,00135363
282,43997445;0,00005856
282,64856992;-0,00095494
282,85718229;0,00022394
283,06581155;-0,00077862
283,27445770;0,00055987
283,48312073;-0,00123963
283,69180065;0,00042316
283,90049744;-0,00183791
284,10921110;0,00083898
284,31794163;-0,00184897
284,52668903;0,00085598
284,73545328;-0,00102345
284,94423439;0,00060532
285,15303236;-0,00085817
285,36184717;0,00037758
285,57067883;-0,00163272
285,77952732;-0,00022014
285,98839265;-0,00150728
286,19727482;0,00075352
286,40617381;-0,00098910
286,61508962;0,00088478
286,82402226;-0,00153007
287,03297171;0,00050295
287,24193797;-0,00078996
287,45092104;0,00094709
287,65992091;-0,00139345
287,86893758;0,00114101
288,07797105;-0,00072713
288,28702131;0,00134601
288,49608835;-0,00110291
288,70517218;0,00032080
288,91427279;-0,00114863
289,12339017;0,00068534
289,33252432;-0,00122835
289,54167524;0,00085606
289,75084293;-0,00104607
289,96002737;0,00043471
290,16922856;-0,00162695
290,37844651;0,00086182
290,58768120;-0,00102901
290,79693264;0,00029800
291,00620081;-0,00105166
291,21548572;0,00092434
291,42478736;-0,00054499
291,63410573;0,00032066
291,84344081;-0,00160977
292,05279262;0,00094718
292,26216114;-0,00135928
292,47154637;-0,00020310
292,68094831;-0,00130795
292,89036694;0,00035487
293,09980228;-0,00098929
293,30925431;0,00003046
293,51872303;-0,00200850
293,72820843;0,00074774
293,93771052;-0,00041400
294,14722928;0,00066815
294,35676472;-0,00099486
294,56631682;0,00107831
294,77588560;-0,00050509
294,98547103;0,00127745
295,19507312;-0,00138769
295,40469186;0,00112958
295,61432726;-0,00153591
295,82397929;0,00004741
296,03364797;-0,00165553
296,24333329;0,00016146
296,45303524;-0,00119989
296,66275381;0,00111243
296,87248902;-0,00142211
297,08224084;0,00065127
297,29200928;-0,00110300
297,50179433;0,00040626
297,71159599;-0,00133093
297,92141426;0,00078772
298,13124912;-0,00101773
298,34110059;0,00049142
298,55096864;-0,00134221
298,76085328;0,00127745
298,97075451;-0,00126227
299,18067232;0,00072515
299,39060670;-0,00106315
299,60055766;0,00048032
299,81052518;-0,00108598
300,02050927;0,00054294
300,23050991;-0,00179786
300,44052712;0,00043457
300,65056087;-0,00176365
300,86061117;0,00058841
301,07067802;-0,00191190
301,28076140;0,00049167
301,49086133;-0,00102341
301,70097778;0,00083896
301,91111076;-0,00161576
302,12126026;-0,00018616
302,33142628;-0,00125684
302,54160882;0,00048027
302,75180787;-0,00032294
302,96202342;0,00059426
303,17225548;-0,00118860
303,38250404;0,00117486
303,59276909;-0,00098332
303,80305064;0,00097537
304,01334867;-0,00138787
304,22366318;0,00075343
304,43399417;-0,00097204
304,64434164;0,00121479
304,85470557;-0,00094932
305,06508598;0,00082763
305,27548284;-0,00123967
305,48589617;0,00075355
305,69632594;-0,00162127
305,90677217;0,00051422
306,11723485;-0,00040236
306,32771396;0,00032634
306,53820952;-0,00168391
306,74872151;0,00035501
306,95924993;-0,00105169
307,16979477;0,00018404
307,38035604;-0,00063608
307,59093372;0,00090733
307,80152782;-0,00190047
308,01213833;0,00010427
308,22276524;-0,00106876
308,43340856;0,00061669
308,64406827;-0,00172363
308,85474438;-0,00029995
309,06543687;-0,00118850
309,27614575;0,00014984
309,48687102;-0,00126815
309,69761266;0,00081056
309,90837067;-0,00170688
310,11914505;0,00126618
310,32993580;-0,00092655
310,54074290;0,00028083
310,75156637;-0,00127963
310,96240618;0,00106680
311,17326235;-0,00161001
311,38413486;0,00081611
311,59502371;-0,00159266
311,80592890;0,00011575
312,01685042;-0,00104046
312,22778827;0,00119780
312,43874244;-0,00193455
312,64971294;0,00077633
312,86069975;-0,00155294
313,07170287;0,00109535
313,28272230;-0,00131949
313,49375804;0,00059970
313,70481007;-0,00135929
313,91587840;0,00075345
314,12696302;-0,00071009
314,33806394;0,00066810
314,54918113;-0,00089805
314,76031460;0,00030969
314,97146435;-0,00127403
315,18263038;0,00029237
315,39381267;-0,00123390
315,60501122;0,00093581
315,81622603;-0,00120577
316,02745710;0,00105549
316,23870442;-0,00098350
316,44996799;0,00032074
316,66124780;-0,00101755
316,87254384;0,00107245
317,08385613;-0,00123960
317,29518464;0,00035493
317,50652939;-0,00050505
317,71789035;0,00004162
317,92926754;-0,00131928
318,14066094;0,00078221
318,35207055;-0,00146190
318,56349636;0,00026947
318,77493838;-0,00056199
318,98639660;0,00037762
319,19787101;-0,00096047
319,40936162;0,00034355
319,62086841;-0,00174082
319,83239138;0,00029783
320,04393053;-0,00106335
320,25548585;0,00023548
320,46705735;-0,00156425
320,67864501;0,00060561
320,89024883;-0,00059059
321,10186881;0,00095860
321,31350495;-0,00039667
321,52515723;0,00101543
321,73682566;-0,00158711
321,94851023;0,00025801
322,16021094;-0,00084116
322,37192779;0,00056581
322,58366076;-0,00160992
322,79540986;-0,00030569
323,00717508;-0,00119975
323,21895642;0,00032076
323,43075387;-0,00122264
323,64256743;0,00015556
323,85439710;-0,00049925
324,06624286;0,00070208
324,27810473;-0,00090944
324,48998269;0,00002453
324,70187673;-0,00041958
324,91378686;0,00054867
325,12571308;-0,00128528
325,33765537;0,00091295
325,54961373;-0,00147893
325,76158816;0,00030347
325,97357865;-0,00105177
326,18558521;0,00066814
326,39760782;-0,00067596
326,60964649;0,00030918
326,82170120;-0,00098348
327,03377196;0,00079921
327,24585876;-0,00099478
327,45796159;0,00086745
327,67008046;-0,00070445
327,88221536;0,00030369
328,09436627;-0,00100621
328,30653321;0,00061106
328,51871617;-0,00081249
328,73091514;0,00033225
328,94313011;-0,00164409
329,15536109;0,00072501
329,36760807;-0,00113145
329,57987104;0,00105553
329,79215001;-0,00114291
330,00444496;0,00073661
330,21675590;-0,00116573
330,42908281;0,00028079
330,64142570;-0,00115451
330,85378457;0,00093022
331,06615940;-0,00105754
331,27855019;0,00086746
331,49095694;-0,00091515
331,70337965;0,00096989
331,91581831;-0,00126807
332,12827292;0,00005295
332,34074346;-0,00112004
332,55322995;0,00116929
332,76573237;-0,00120552
332,97825073;-0,00012920
333,19078501;-0,00116574
333,40333521;0,00124346
333,61590133;-0,00122836
333,82848337;0,00075909
334,04108131;-0,00122847
334,25369516;0,00096432
334,46632492;-0,00121669
334,67897057;0,00101544
334,89163212;-0,00066443
335,10430956;-0,00010632
335,31700288;-0,00085807
335,52971208;0,00084476
335,74243717;-0,00096065
335,95517813;0,00047446
336,16793495;-0,00166697
336,38070765;0,00066250
336,59349620;-0,00126819
336,80630061;0,00097558
337,01912088;-0,00114863
337,23195699;0,00110088
337,44480895;-0,00092075
337,65767676;0,00058270
337,87056040;-0,00144478
338,08345987;0,00120354
338,29637517;-0,00087533
338,50930630;0,00071375
338,72225325;-0,00122859
338,93521602;0,00049726
339,14819459;-0,00129102
339,36118898;0,00054848
339,57419918;-0,00106327
339,78722517;0,00031516
340,00026696;-0,00098928
340,21332454;0,00070225
340,42639792;-0,00088103
340,63948707;0,00093586
340,85259201;-0,00130244
341,06571272;0,00017264
341,27884921;-0,00121693
341,49200146;0,00049739
341,70516948;-0,00155878
341,91835326;-0,00014054
342,13155280;-0,00130804
342,34476809;0,00090744
342,55799912;-0,00151315
342,77124590;0,00082753
342,98450842;-0,00135387
343,19778668;0,00049739
343,41108066;-0,00086402
343,62439038;0,00008729
343,83771582;-0,00120560
344,05105698;-0,00006657
344,26441385;-0,00105177
344,47778644;-0,00010056
344,69117473;-0,00143325
344,90457873;0,00111222
345,11799842;-0,00098913
345,33143382;0,00042326
345,54488490;-0,00115437
345,75835167;0,00039468
345,97183412;-0,00164404
346,18533225;-0,00012353
346,39884606;-0,00060762
346,61237554;0,00005847
346,82592069;-0,00123972
347,03948149;0,00012742
347,25305796;-0,00097778
347,46665008;0,00083898
347,68025786;-0,00102910
347,89388127;0,00078204
348,10752034;-0,00129099
348,32117504;0,00006455
348,53484537;-0,00153000
348,74853134;0,00032612
348,96223293;-0,00094934
349,17595014;0,00034361
349,38968297;-0,00127960
349,60343142;0,00070225
349,81719548;-0,00132539
350,03097514;0,00046870
350,24477040;-0,00048804
350,45858126;0,00070789
350,67240772;-0,00099470
350,88624977;0,00072512
351,10010740;-0,00048788
351,31398061;0,00037774
351,52786940;-0,00088643
351,74177377;0,00094156
351,95569370;-0,00130811
352,16962920;0,00036634
352,38358026;-0,00049949
352,59754688;0,00109527
352,81152905;-0,00066467
353,02552677;0,00062261
353,23954004;-0,00025483
353,45356884;0,00032088
353,66761319;-0,00101202
353,88167307;0,00037787
354,09574847;-0,00143329
354,30983940;0,00086740
354,52394585;-0,00117128
354,73806782;0,00095287
354,95220530;-0,00144465
355,16635829;0,00028071
355,38052679;-0,00131938
355,59471078;0,00097571
355,80891027;-0,00131959
356,02312526;0,00028093
356,23735573;-0,00138772
356,45160169;0,00124908
356,66586312;-0,00126257
356,88014004;0,00063424
357,09443242;-0,00090370
357,30874027;0,00069096
357,52306359;-0,00080126
357,73740237;0,00027521
357,95175660;-0,00091509
358,16612628;0,00082182
358,38051142;-0,00026005
358,59491199;0,00047438
358,80932801;-0,00126819
359,02375946;0,00039476
359,23820634;-0,00096614
359,45266865;-0,00004944
359,66714638;-0,00026568
359,88163954;0,00116365
360,09614811;-0,00117713
360,31067209;0,00127185
360,52521147;-0,00124532
360,73976626;0,00062283
360,95433645;-0,00051088
361,16892203;0,00036617
361,38352301;-0,00073270
361,59813937;0,00029791
361,81277111;-0,00110888
362,02741824;0,00015559
362,24208074;-0,00101781
362,45675860;0,00098706
362,67145184;-0,00117143
362,88616044;-0,00020314
363,10088439;-0,00014047
363,31562370;0,00100403
363,53037836;-0,00122270
363,74514837;0,00041189
363,95993372;-0,00109168
364,17473441;0,00055998
364,38955043;-0,00148476
364,60438178;0,00094740
364,81922846;-0,00116565
365,03409046;0,00045154
365,24896778;-0,00113147
365,46386041;0,00067361
365,67876835;-0,00130234
365,89369159;0,00105546
366,10863014;-0,00053920
366,32358399;0,00042898
366,53855313;-0,00098919
366,75353756;0,00100402
366,96853727;-0,00096075
367,18355227;0,00062818
367,39858254;-0,00115983
367,61362809;0,00123767
367,82868890;-0,00129118
368,04376498;0,00090731
368,25885632;-0,00074425
368,47396292;0,00004741
368,68908477;-0,00138782
368,90422187;0,00070793
369,11937422;-0,00115437
369,33454180;0,00017817
369,54972463;-0,00142210
369,76492268;-0,00002648
369,98013597;-0,00074421
370,19536448;0,00120350
370,41060820;-0,00113153
370,62586715;0,00107247
370,84114131;-0,00080708
371,05643067;0,00100407
371,27173524;-0,00085262
371,48705501;0,00083329
371,70238998;-0,00110886
371,91774014;0,00014419
372,13310548;-0,00143907
372,34848602;0,00066805
372,56388173;-0,00104052
372,77929261;0,00103835
372,99471867;-0,00136488
373,21015989;0,00078188
373,42561628;-0,00131378
373,64108783;0,00082754
373,85657454;-0,00157575
374,07207639;0,00013855
374,28759340;-0,00117700
374,50312554;0,00078784
374,71867283;-0,00048224
374,93423525;0,00051434
375,14981280;-0,00119427
375,36540548;0,00107819
375,58101328;-0,00090375
375,79663621;0,00039484
376,01227424;-0,00093774
376,22792739;0,00029256
376,44359564;-0,00124549
376,65927900;0,00087884
376,87497746;-0,00058488
377,09069101;0,00014425
377,30641965;-0,00037415
377,52216337;0,00065690
377,73792218;-0,00133080
377,95369607;0,00034363
378,16948503;-0,00130808
378,38528907;0,00123772
378,60110817;-0,00092089
378,81694233;0,00051440
379,03279155;-0,00089213
379,24865582;0,00113516
379,46453514;-0,00084666
379,68042951;0,00076502
379,89633893;-0,00079563
380,11226337;0,00104403
380,32820286;-0,00124543
380,54415737;0,00043457
380,76012691;-0,00180930
380,97611147;0,00098706
381,19211105;-0,00058480
381,40812564;0,00043453
381,62415524;-0,00111440
381,84019984;0,00065648
382,05625945;-0,00084100
382,27233405;0,00050291
382,48842365;-0,00102318
382,70452824;0,00042904
382,92064781;-0,00149597
383,13678236;0,00024667
383,35293189;-0,00142199
383,56909639;0,00043467
383,78527586;-0,00151310
384,00147030;0,00053707
384,21767970;-0,00085243
384,43390405;0,00091849
384,65014336;-0,00063046
384,86639761;0,00051452
385,08266681;-0,00059619
385,29895095;0,00029806
385,51525002;-0,00125101
385,73156403;0,00075936
385,94789297;-0,00072149
386,16423683;0,00022974
386,38059561;-0,00070430
386,59696931;0,00093011
386,81335791;-0,00098910
387,02976143;0,00122071
387,24617985;-0,00126261
387,46261317;0,00095855
387,67906139;-0,00084087
387,89552449;0,00067389
388,11200249;-0,00097768
388,32849537;0,00088462
388,54500313;-0,00137634
388,76152576;0,00056544
388,97806327;-0,00124560
389,19461564;0,00148833
389,41118288;-0,00084671
389,62776497;0,00130605
389,84436192;-0,00084103
390,06097372;0,00047453
390,27760037;-0,00119971
390,49424186;0,00010433
390,71089819;-0,00118280
390,92756936;0,00007585
391,14425536;-0,00109745
391,36095618;0,00051440
391,57767182;-0,00072736
391,79440229;0,00055985
392,01114757;-0,00106897
392,22790766;0,00079920
392,44468255;-0,00059064
392,66147225;0,00091879
392,87827675;-0,00105179
393,09509604;0,00194380
393,31193012;-0,00129676
393,52877899;0,00108384
393,74564264;-0,00138790
393,96252107;0,00035488
394,17941427;-0,00106895
394,39632224;0,00118624
394,61324498;-0,00064176
394,83018248;0,00124904
395,04713474;-0,00126831
395,26410175;0,00108958
395,48108351;-0,00073287
395,69808001;0,00063409
395,91509126;-0,00114842
396,13211725;0,00064542
396,34915796;-0,00101747
396,56621341;0,00031525
396,78328359;-0,00134224
397,00036848;0,00095291
397,21746809;-0,00063610
397,43458242;0,00129472
397,65171145;-0,00105172
397,86885519;0,00138005
398,08601363;-0,00035126
398,30318677;0,00028643
398,52037460;-0,00112037
398,73757711;0,00108963
398,95479432;-0,00109716
399,17202620;0,00052579
399,38927276;-0,00071001
399,60653400;0,00102111
399,82380990;-0,00130811
400,04110046;0,00034924
400,25840569;-0,00064748
400,47572557;0,00017833
400,69306011;0,00009861
400,91040929;0,00054295
401,12777312;-0,00080707
401,34515158;0,00095256
401,56254469;-0,00137063
401,77995242;0,00075928
401,99737478;0,00062830
402,21481177;-0,00101182
402,43226338;0,00144839
402,64972960;-0,00064168
402,86721043;0,00079919
403,08470588;-0,00075579
403,30221592;0,00072507
403,51974057;-0,00051651
403,73727981;0,00073643
403,95483364;-0,00018043
404,17240206;0,00003605
404,38998506;-0,00122277
404,60758264;0,00034349
404,82519479;-0,00046514
405,04282152;0,00024693
405,26046282;-0,00071002
405,47811867;0,00107818
405,69578909;-0,00109756
405,91347406;0,00050307
406,13117358;-0,00127398
406,34888765;0,00148255
406,56661626;-0,00146174
406,78435941;0,00100989
407,00211710;-0,00073867
407,21988931;0,00087332
407,43767605;-0,00015191
407,65547732;0,00120917
407,87329310;-0,00098894
408,09112340;0,00089037
408,30896820;-0,00088082
408,52682751;0,00049150
408,74470133;-0,00048817
408,96258964;0,00049715
409,18049245;-0,00081836
409,39840974;0,00152808
409,61634153;-0,00047102
409,83428779;0,00088434
410,05224853;-0,00004356
410,27022375;0,00126627
410,48821343;-0,00040248
410,70621758;0,00146541
410,92423620;-0,00093220
411,14226927;0,00069664
411,36031679;-0,00086960
411,57837876;0,00096999
411,79645518;-0,00051101
412,01454604;0,00145978
412,23265133;-0,00003247
412,45077106;0,00077064
412,66890522;-0,00063580
412,88705380;0,00063387
413,10521681;0,00004752
413,32339423;0,00144250
413,54158606;0,00005309
413,75979230;0,00145992
413,97801295;-0,00059612
414,19624800;0,00108381
414,41449744;0,00012699
414,63276128;0,00122620
414,85103950;-0,00093797
415,06933211;0,00227433
415,28763910;-0,00046518
415,50596047;0,00165912
415,72429620;-0,00007233
415,94264631;0,00073636
416,16101078;-0,00023725
416,37938961;0,00182430
416,59778280;-0,00036246
416,81619033;0,00250744
417,03461222;-0,00032273
417,25304845;0,00155095
417,47149902;-0,00000400
417,68996392;0,00193828
417,90844316;0,00055994
418,12693673;0,00163651
418,34544461;0,00033192
418,56396682;0,00140844
418,78250334;0,00028659
419,00105418;0,00233111
419,21961932;-0,00010645
419,43819876;0,00151662
419,65679251;0,00020690
419,87540054;0,00131162
420,09402287;0,00020681
420,31265949;0,00233119
420,53131039;-0,00022031
420,74997557;0,00163643
420,96865502;0,00073656
421,18734874;0,00189266
421,40605674;0,00018401
421,62477899;0,00136293
421,84351550;0,00008160
422,06226627;0,00153964
422,28103128;-0,00035698
422,49981055;0,00233108
422,71860405;0,00062253
422,93741179;0,00093579
423,15623377;0,00017838
423,37506998;0,00170470
423,59392041;0,00077067
423,81278507;0,00159085
424,03166394;0,00013858
424,25055703;0,00199487
424,46946433;-0,00027729
424,68838583;0,00202925
424,90732154;-0,00002673
425,12627144;0,00091299
425,34523554;0,00014976
425,56421382;0,00181278
425,78320629;0,00063956
426,00221295;0,00134035
426,22123378;-0,00022589
426,44026878;0,00239957
426,65931795;-0,00018060
426,87838129;0,00269563
427,09745879;-0,00023172
427,31655045;0,00205207
427,53565626;-0,00041397
427,75477621;0,00169905
427,97391032;0,00056565
428,19305856;0,00203480
428,41222094;0,00012140
428,63139746;0,00229131
428,85058810;0,00022389
429,06979287;0,00163067
429,28901175;0,00017290
429,50824476;0,00205771
429,72749187;0,00010433
429,94675310;0,00208639
430,16602843;-0,00001537
430,38531786;0,00167620
430,60462138;0,00083339
430,82393900;0,00181285
431,04327071;-0,00006650
431,26261649;0,00204078
431,48197636;-0,00015191
431,70135031;0,00238842
431,92073833;0,00084479
432,14014041;0,00253622
432,35955656;0,00096448
432,57898677;0,00275264
432,79843103;-0,00038563
433,01788935;0,00247363
433,23736171;0,00063957
433,45684812;0,00270129
433,67634857;0,00067354
433,89586305;0,00233102
434,11539156;0,00040631
434,33493410;0,00237099
434,55449066;0,00003039
434,77406125;0,00271271
434,99364584;0,00189279
435,21324445;0,00236540
435,43285707;0,00091296
435,65248368;0,00280381
435,87212430;0,00084483
436,09177891;0,00268425
436,31144752;0,00122633
436,53113010;0,00361835
436,75082668;0,00191534
436,97053723;0,00357849
437,19026175;0,00174452
437,41000024;0,00315702
437,62975270;0,00198945
437,84951913;0,00374344
438,06929951;0,00221151
438,28909385;0,00386905
438,50890213;0,00212601
438,72872436;0,00454095
438,94856054;0,00301450
439,16841065;0,00497365
439,38827469;0,00307723
439,60815267;0,00459778
439,82804457;0,00354973
440,04795039;0,00510456
440,26787013;0,00332759
440,48780379;0,00537802
440,70775135;0,00401705
440,92771282;0,00589637
441,14768819;0,00299189
441,36767746;0,00586222
441,58768062;0,00437588
441,80769767;0,00557744
442,02772860;0,00500761
442,24777342;0,00634646
442,46783211;0,00451796
442,68790468;0,00680185
442,90799111;0,00578234
443,12809141;0,00743954
443,34820557;0,00587359
443,56833359;0,00717182
443,78847546;0,00614106
444,00863118;0,00736556
444,22880074;0,00556032
444,44898415;0,00732008
444,66918139;0,00616962
444,88939246;0,00740551
445,10961736;0,00594767
445,32985609;0,00851592
445,55010863;0,00705230
445,77037499;0,00766171
445,99065517;0,00665370
446,21094915;0,00865251
446,43125693;0,00628923
446,65157852;0,00819145
446,87191390;0,00676782
447,09226307;0,00821410
447,31262604;0,00689855
447,53300278;0,00894330
447,75339331;0,00706976
447,97379760;0,00824249
448,19421568;0,00738823
448,41464752;0,00858461
448,63509312;0,00700694
448,85555248;0,00790662
449,07602560;0,00674501
449,29651246;0,00839643
449,51701308;0,00650558
449,73752744;0,00869247
449,95805553;0,00714342
450,17859737;0,00813459
450,39915293;0,00750808
450,61972222;0,00823099
450,84030523;0,00698399
451,06090197;0,00755357
451,28151241;0,00730312
451,50213657;0,00787831
451,72277443;0,00566265
451,94342600;0,00832810
452,16409126;0,00721751
452,38477022;0,00775292
452,60546287;0,00526975
452,82616921;0,00718913
453,04688922;0,00623801
453,26762292;0,00721173
453,48837029;0,00619255
453,70913133;0,00735984
453,92990604;0,00613537
454,15069440;0,00790101
454,37149643;0,00596422
454,59231211;0,00733139
454,81314144;0,00631801
455,03398441;0,00815725
455,25484103;0,00610693
455,47571128;0,00774157
455,69659517;0,00624378
455,91749269;0,00729717
456,13840383;0,00560579
456,35932859;0,00735980
456,58026698;0,00653985
456,80121897;0,00728575
457,02218457;0,00714917
457,24316378;0,00727431
457,46415659;0,00664257
457,68516300;0,00715486
457,90618300;0,00657972
458,12721659;0,00675058
458,34826376;0,00804900
458,56932451;0,00671071
458,79039884;0,00704087
459,01148675;0,00647701
459,23258822;0,00840796
459,45370325;0,00793506
459,67483185;0,00897166
459,89597400;0,00762186
460,11712971;0,00888624
460,33829896;0,00746816
460,55948176;0,00834505
460,78067810;0,00811754
461,00188797;0,00881774
461,22311138;0,00818566
461,44434831;0,01136383
461,66559877;0,00898887
461,88686275;0,01094223
462,10814024;0,00930199
462,32943125;0,01175066
462,55073576;0,01058353
462,77205378;0,01113583
462,99338530;0,01102760
463,21473031;0,01197850
463,43608881;0,01097093
463,65746080;0,01143766
463,87884628;0,01208677
464,10024523;0,01338534
464,32165766;0,01286706
464,54308356;0,01458723
464,76452293;0,01360193
464,98597576;0,01410888
465,20744205;0,01383541
465,42892179;0,01549813
465,65041498;0,01585173
465,87192163;0,01638659
466,09344171;0,01572625
466,31497523;0,01767391
466,53652219;0,01681396
466,75808258;0,01778223
466,97965639;0,01720109
467,20124363;0,01982070
467,42284429;0,01984366
467,64445836;0,02096555
467,86608584;0,01986073
468,08772672;0,02119917
468,30938101;0,02237789
468,53104870;0,02227569
468,75272978;0,02185401
468,97442425;0,02330031
469,19613211;0,02252022
469,41785334;0,02561874
469,63958796;0,02650651
469,86133595;0,02765717
470,08309731;0,02723597
470,30487204;0,02763477
470,52666012;0,02836354
470,74846157;0,03006625
470,97027636;0,02907503
471,19210451;0,03028842
471,41394600;0,03055036
471,63580084;0,03308471
471,85766901;0,03315349
472,07955051;0,03381367
472,30144535;0,03478172
472,52335351;0,03588113
472,74527499;0,03521479
472,96720978;0,03749895
473,18915789;0,03737318
473,41111931;0,03769208
473,63309403;0,03721977
473,85508206;0,03960026
474,07708338;0,03944077
474,29909799;0,04181523
474,52112589;0,04039729
474,74316707;0,04002143
474,96522154;0,04091615
475,18728928;0,04139404
475,40937030;0,04123438
475,63146458;0,04383716
475,85357213;0,04252179
476,07569294;0,04358124
476,29782700;0,04428738
476,51997431;0,04368361
476,74213488;0,04475459
476,96430868;0,04307435
477,18649573;0,04506745
477,40869601;0,04367197
477,63090953;0,04503339
477,85313627;0,04487362
478,07537624;0,04431042
478,29762942;0,04542644
478,51989582;0,04559693
478,74217543;0,04654804
478,96446825;0,04572791
479,18677427;0,04582522
479,40909350;0,04445823
479,63142591;0,04445834
479,85377152;0,04380886
480,07613032;0,04412802
480,29850229;0,04586465
480,52088745;0,04621767
480,74328578;0,04556293
480,96569729;0,04416722
481,18812196;0,04507919
481,41055979;0,04564845
481,63301078;0,04474839
481,85547492;0,04519274
482,07795222;0,04555173
482,30044266;0,04468593
482,52294625;0,04483353
482,74546297;0,04492490
482,96799283;0,04286355
483,19053581;0,04345554
483,41309193;0,04380869
483,63566116;0,04369517
483,85824352;0,04391132
484,08083899;0,04541481
484,30344756;0,04288057
484,52606925;0,04394007
484,74870403;0,04474322
484,97135192;0,04345552
485,19401289;0,04731192
485,41668696;0,04391733
485,63937411;0,04358702
485,86207435;0,04592756
486,08478766;0,04576188
486,30751404;0,04369518
486,53025350;0,04417331
486,75300601;0,04592207
486,97577160;0,04425301
487,19855023;0,04403628
487,42134192;0,04428171
487,64414666;0,04495345
487,86696445;0,04416174
488,08979527;0,04522691
488,31263914;0,04600714
488,53549603;0,04580802
488,75836596;0,04600144
488,98124891;0,04634856
489,20414487;0,04642295
489,42705386;0,04692986
489,64997586;0,04667915
489,87291087;0,04709448
490,09585888;0,04771538
490,31881989;0,04854166
490,54179390;0,04769850
490,76478090;0,04873495
490,98778089;0,04721976
491,21079386;0,04891129
491,43381981;0,04913389
491,65685874;0,04896862
491,87991064;0,04986848
492,10297551;0,05210705
492,32605334;0,05127531
492,54914413;0,05219809
492,77224788;0,05195839
492,99536458;0,05462421
493,21849423;0,05409968
493,44163682;0,05534716
493,66479235;0,05544959
493,88796081;0,05607065
494,11114221;0,05669094
494,33433654;0,05674205
494,55754378;0,05703323
494,78076395;0,05908339
495,00399703;0,05972661
495,22724302;0,05903209
495,45050192;0,06080332
495,67377373;0,06183421
495,89705843;0,06174907
496,12035602;0,06224426
496,34366651;0,06298438
496,56698988;0,06365058
496,79032614;0,06575861
497,01367528;0,06396388
497,23703729;0,06647548
497,46041217;0,06872547
497,68379991;0,06821817
497,90720052;0,06805872
498,13061399;0,06939161
498,35404031;0,07088967
498,57747948;0,07347517
498,80093150;0,07385049
499,02439636;0,07521736
499,24787406;0,07395324
499,47136459;0,07600314
499,69486795;0,07631706
499,91838414;0,07761514
500,14191314;0,07998464
500,36545497;0,08005202
500,58900961;0,08117444
500,81257706;0,08279154
501,03615732;0,08376020
501,25975037;0,08666497
501,48335623;0,08570831
501,70697488;0,08745050
501,93060631;0,08853908
502,15425054;0,08933585
502,37790754;0,09093007
502,60157732;0,09231463
502,82525987;0,09180711
503,04895520;0,09534987
503,27266328;0,09454111
503,49638413;0,09671135
503,72011774;0,09901225
503,94386410;0,10100542
504,16762320;0,10340850
504,39139505;0,10446780
504,61517965;0,10516253
504,83897697;0,10521928
505,06278703;0,10583444
505,28660982;0,10726942
505,51044534;0,10706498
505,73429357;0,10806114
505,95815452;0,10891527
506,18202818;0,11276016
506,40591456;0,11354027
506,62981363;0,11453630
506,85372540;0,11653580
507,07764988;0,11820431
507,30158704;0,11940603
507,52553689;0,11846078
507,74949942;0,12051104
507,97347464;0,12327891
508,19746253;0,12167845
508,42146309;0,12379730
508,64547632;0,12285744
508,86950221;0,12399089
509,09354076;0,12645707
509,31759197;0,12755603
509,54165582;0,12775491
509,76573233;0,12940652
509,98982148;0,12931063
510,21392326;0,13174183
510,43803769;0,13177563
510,66216474;0,13254490
510,88630442;0,13272181
511,11045673;0,13363338
511,33462165;0,13295459
511,55879919;0,13275531
511,78298933;0,13576218
512,00719209;0,13665673
512,23140744;0,13646867
512,45563540;0,13935618
512,67987595;0,14040384
512,90412909;0,13907103
513,12839482;0,14211236
513,35267313;0,14092204
513,57696401;0,14063197
513,80126748;0,14251661
514,02558351;0,14371282
514,24991211;0,14414010
514,47425327;0,14419665
514,69860698;0,14573471
514,92297325;0,14539300
515,14735208;0,14560916
515,37174344;0,14550672
515,59614735;0,14628697
515,82056380;0,14577449
516,04499278;0,14515908
516,26943429;0,14673189
516,49388832;0,14656087
516,71835488;0,14748271
516,94283395;0,14585433
517,16732554;0,14534099
517,39182964;0,14673200
517,61634624;0,14508510
517,84087534;0,14595121
518,06541694;0,14822906
518,28997104;0,14784783
518,51453762;0,14722653
518,73911668;0,14797285
518,96370823;0,14584886
519,18831226;0,14878727
519,41292875;0,14647510
519,63755772;0,14843429
519,86219915;0,14982337
520,08685304;0,14832636
520,31151939;0,14481193
520,53619819;0,14500035
520,76088944;0,14540971
520,98559313;0,14395790
521,21030926;0,14594003
521,43503783;0,14763729
521,65977883;0,14583203
521,88453226;0,14315450
522,10929811;0,14594580
522,33407639;0,14576262
522,55886708;0,14508563
522,78367018;0,14332017
523,00848568;0,14347369
523,23331360;0,14183376
523,45815391;0,14115014
523,68300662;0,14224375
523,90787172;0,14203259
524,13274920;0,14496000
524,35763907;0,14210674
524,58254132;0,14166306
524,80745595;0,14310916
525,03238294;0,14240917
525,25732230;0,14342201
525,48227403;0,14396334
525,70723812;0,14273915
525,93221456;0,14310375
526,15720335;0,14273388
526,38220449;0,14219269
526,60721797;0,14083172
526,83224379;0,14181668
527,05728194;0,14477239
527,28233243;0,14199835
527,50739524;0,14288700
527,73247037;0,14314295
527,95755782;0,14212947
528,18265759;0,14145161
528,40776967;0,14268828
528,63289405;0,14068906
528,85803074;0,14185082
529,08317972;0,14319469
529,30834100;0,14211833
529,53351457;0,14263084
529,75870043;0,14383790
529,98389856;0,14209564
530,20910898;0,14343402
530,43433166;0,14479493
530,65956662;0,14441974
530,88481385;0,14434515
531,11007333;0,14473257
531,33534507;0,14398658
531,56062907;0,14597941
531,78592532;0,14726680
532,01123381;0,14533021
532,23655454;0,14707895
532,46188751;0,14883265
532,68723271;0,14881567
532,91259015;0,14957860
533,13795980;0,14944833
533,36334168;0,15227842
533,58873578;0,15128773
533,81414209;0,15030803
534,03956060;0,14905482
534,26499133;0,15177721
534,49043425;0,15217621
534,71588937;0,15293919
534,94135668;0,15611681
535,16683618;0,15451093
535,39232787;0,15549610
535,61783174;0,15907200
535,84334778;0,15877097
536,06887599;0,15947720
536,29441638;0,16131666
536,51996892;0,16050214
536,74553363;0,16194891
536,97111050;0,16518368
537,19669951;0,16412407
537,42230068;0,16670454
537,64791398;0,16640250
537,87353943;0,16767736
538,09917702;0,16873151
538,32482673;0,17243334
538,55048857;0,17161334
538,77616254;0,17532079
539,00184863;0,17541743
539,22754683;0,17436428
539,45325714;0,17593669
539,67897956;0,17931303
539,90471409;0,18079443
540,13046071;0,18193314
540,35621943;0,18257098
540,58199024;0,18913166
540,80777314;0,18930835
541,03356812;0,19057247
541,25937518;0,19154701
541,48519431;0,19389290
541,71102552;0,19504888
541,93686879;0,19585156
542,16272412;0,19967330
542,38859152;0,20117649
542,61447097;0,19844984
542,84036246;0,20245782
543,06626601;0,20572180
543,29218160;0,20881416
543,51810922;0,20725899
543,74404888;0,21193524
543,97000058;0,21156439
544,19596429;0,21471435
544,42194003;0,21554578
544,64792779;0,21936152
544,87392756;0,21911026
545,09993934;0,22360973
545,32596313;0,22300123
545,55199892;0,22486251
545,77804671;0,22601340
546,00410649;0,22849662
546,23017826;0,22682209
546,45626202;0,23040440
546,68235775;0,23428884
546,90846547;0,23623632
547,13458516;0,23624765
547,36071682;0,24166925
547,58686044;0,24247808
547,81301603;0,24405048
548,03918357;0,24697057
548,26536307;0,24844635
548,49155451;0,25104368
548,71775790;0,25149390
548,94397323;0,25237025
549,17020050;0,25821382
549,39643970;0,25676739
549,62269083;0,25975650
549,84895388;0,25927267
550,07522886;0,26246151
550,30151575;0,26233120
550,52781456;0,26880089
550,75412527;0,26915404
550,98044789;0,27119377
551,20678240;0,27081192
551,43312882;0,27409190
551,65948713;0,27457558
551,88585732;0,27839722
552,11223940;0,27664843
552,33863336;0,28044724
552,56503919;0,28333461
552,79145690;0,28376147
553,01788648;0,28642749
553,24432792;0,28683194
553,47078122;0,29051648
553,69724637;0,29098908
553,92372338;0,29420704
554,15021223;0,29784663
554,37671293;0,29873543
554,60322547;0,30338230
554,82974984;0,30083609
555,05628604;0,30297742
555,28283408;0,30126289
555,50939393;0,30613836
555,73596561;0,30915117
555,96254909;0,30934484
556,18914440;0,31033568
556,41575150;0,31498329
556,64237041;0,31354235
556,86900112;0,31167379
557,09564363;0,31412858
557,32229792;0,31780172
557,54896401;0,31722642
557,77564187;0,31900399
558,00233152;0,32105935
558,22903293;0,32177718
558,45574612;0,32058619
558,68247108;0,31889562
558,90920780;0,32072308
559,13595627;0,32264810
559,36271650;0,32165235
559,58948848;0,32392426
559,81627221;0,32169872
560,04306768;0,32714714
560,26987489;0,32648728
560,49669383;0,32697649
560,72352450;0,32956791
560,95036690;0,33048489
561,17722102;0,32350876
561,40408685;0,32400397
561,63096440;0,32707351
561,85785366;0,32539914
562,08475463;0,32424843
562,31166730;0,32602590
562,53859166;0,32177115
562,76552772;0,32679995
562,99247547;0,32555181
563,21943490;0,32407835
563,44640601;0,32283124
563,67338881;0,32099688
563,90038327;0,31904915
564,12738940;0,32136115
564,35440720;0,32052970
564,58143666;0,32297289
564,80847778;0,32072924
565,03553055;0,32205589
565,26259497;0,32012603
565,48967103;0,31740329
565,71675873;0,31984692
565,94385807;0,31846191
566,17096905;0,31760816
566,39809165;0,32018846
566,62522587;0,32146382
566,85237172;0,31753976
567,07952918;0,31578027
567,30669826;0,31927719
567,53387894;0,31780241
567,76107123;0,31743747
567,98827512;0,31580850
568,21549060;0,31392355
568,44271767;0,31200989
568,66995634;0,31390078
568,89720658;0,31236386
569,12446841;0,31403200
569,35174181;0,31126977
569,57902679;0,31383875
569,80632333;0,31325755
570,03363143;0,30999442
570,26095110;0,30559152
570,48828232;0,30525539
570,71562509;0,30912301
570,94297941;0,31108693
571,17034527;0,31174817
571,39772267;0,30891131
571,62511161;0,30579152
571,85251208;0,30731730
572,07992407;0,30589883
572,30734759;0,30363182
572,53478263;0,30399707
572,76222918;0,30344459
572,98968724;0,30370035
573,21715681;0,30210031
573,44463788;0,30165601
573,67213045;0,30034658
573,89963452;0,29936717
574,12715007;0,30095665
574,35467712;0,30393997
574,58221564;0,30216848
574,80976564;0,30055632
575,03732712;0,30034036
575,26490007;0,30305765
575,49248448;0,30061914
575,72008036;0,30497121
575,94768769;0,30375183
576,17530648;0,30352929
576,40293671;0,30255675
576,63057840;0,30343846
576,85823152;0,30239635
577,08589608;0,30254463
577,31357208;0,30372343
577,54125951;0,30473233
577,76895836;0,30612678
577,99666863;0,30889528
578,22439032;0,30439528
578,45212343;0,30629789
578,67986794;0,30203788
578,90762386;0,30424211
579,13539118;0,30391780
579,36316989;0,30694740
579,59096000;0,31021045
579,81876150;0,30822774
580,04657439;0,30698128
580,27439865;0,30894676
580,50223429;0,30937320
580,73008131;0,31259713
580,95793969;0,31381559
581,18580944;0,31238563
581,41369055;0,31116715
581,64158301;0,31413930
581,86948683;0,31276216
582,09740200;0,31744836
582,32532851;0,31711206
582,55326636;0,32363384
582,78121555;0,32160075
583,00917606;0,32109917
583,23714791;0,32263103
583,46513108;0,32466443
583,69312558;0,32245473
583,92113138;0,32362794
584,14914850;0,32767722
584,37717693;0,32367381
584,60521666;0,32609457
584,83326769;0,32689671
585,06133002;0,32912904
585,28940364;0,33584969
585,51748854;0,33484782
585,74558473;0,33397612
585,97369220;0,33010336
586,20181094;0,33592947
586,42994096;0,33453427
586,65808224;0,34046266
586,88623479;0,34339621
587,11439859;0,34356169
587,34257365;0,34495624
587,57075997;0,35066873
587,79895752;0,35064060
588,02716633;0,35385736
588,25538637;0,35167737
588,48361764;0,35502595
588,71186015;0,35374427
588,94011388;0,36288459
589,16837883;0,35912063
589,39665501;0,36578942
589,62494239;0,36717917
589,85324099;0,37128437
590,08155080;0,37020879
590,30987180;0,37699694
590,53820401;0,37987917
590,76654741;0,37927517
590,99490200;0,38267037
591,22326778;0,38530058
591,45164473;0,38084223
591,68003287;0,38564231
591,90843218;0,38886535
592,13684266;0,39253962
592,36526431;0,39324504
592,59369711;0,39330311
592,82214108;0,39314921
593,05059620;0,39793251
593,27906246;0,39926546
593,50753988;0,40214766
593,73602843;0,40260725
593,96452813;0,40749513
594,19303895;0,40813336
594,42156091;0,41141329
594,65009399;0,41623601
594,87863819;0,42080455
595,10719351;0,41870287
595,33575994;0,42356584
595,56433748;0,42284878
595,79292613;0,42413592
596,02152587;0,42651079
596,25013672;0,43242263
596,47875865;0,43435315
596,70739168;0,43331084
596,93603579;0,43447235
597,16469098;0,44333489
597,39335724;0,44365313
597,62203458;0,44248628
597,85072299;0,43999155
598,07942246;0,44511157
598,30813299;0,44478638
598,53685458;0,44639853
598,76558722;0,44696803
598,99433091;0,45378479
599,22308564;0,46092066
599,45185141;0,46107445
599,68062822;0,46108638
599,90941606;0,46704361
600,13821493;0,46692283
600,36702482;0,46814203
600,59584573;0,46468485
600,82467766;0,46855777
601,05352060;0,46849539
601,28237455;0,47093324
601,51123949;0,46778791
601,74011544;0,47748850
601,96900239;0,47416262
602,19790032;0,48134322
602,42680925;0,48053471
602,65572915;0,48325121
602,88466004;0,48195911
603,11360190;0,48986931
603,34255473;0,48636145
603,57151853;0,49287075
603,80049329;0,49411776
604,02947901;0,49356542
604,25847568;0,48993806
604,48748331;0,49289327
604,71650188;0,49334952
604,94553140;0,50026800
605,17457185;0,50514391
605,40362324;0,50965945
605,63268555;0,50666990
605,86175880;0,51030979
606,09084296;0,50734197
606,31993805;0,50627101
606,54904405;0,50663522
606,77816096;0,51313885
607,00728877;0,51545261
607,23642749;0,51403883
607,46557710;0,51332214
607,69473761;0,51800314
607,92390901;0,51100404
608,15309130;0,51538373
608,38228446;0,51387481
608,61148851;0,52248505
608,84070342;0,51851046
609,06992921;0,52541928
609,29916586;0,51679596
609,52841338;0,52132950
609,75767175;0,51889744
609,98694097;0,52222324
610,21622105;0,52485960
610,44551196;0,52997354
610,67481372;0,52525280
610,90412632;0,52568617
611,13344975;0,52904035
611,36278401;0,53210387
611,59212909;0,52926818
611,82148500;0,53105193
612,05085172;0,52826021
612,28022925;0,52810632
612,50961760;0,52897759
612,73901674;0,53158615
612,96842669;0,53349376
613,19784743;0,53514626
613,42727897;0,52912509
613,65672130;0,53310115
613,88617441;0,53195003
614,11563829;0,53337472
614,34511296;0,52627231
614,57459840;0,52711523
614,80409460;0,52882409
615,03360157;0,52792389
615,26311930;0,53109633
615,49264779;0,53217278
615,72218703;0,52908525
615,95173701;0,52798058
616,18129774;0,52607332
616,41086921;0,52484325
616,64045141;0,52482571
616,87004435;0,52251898
617,09964801;0,52591973
617,32926240;0,52874990
617,55888750;0,52672287
617,78852332;0,52675658
618,01816986;0,52187609
618,24782710;0,52426172
618,47749504;0,52345399
618,70717368;0,52562953
618,93686302;0,52370434
619,16656305;0,52634122
619,39627376;0,52191998
619,62599516;0,52179557
619,85572723;0,51918698
620,08546998;0,52268434
620,31522341;0,51994045
620,54498749;0,51839035
620,77476224;0,51142532
621,00454765;0,51058760
621,23434372;0,50444329
621,46415043;0,50382821
621,69396779;0,50398686
621,92379579;0,50535962
622,15363443;0,50365644
622,38348371;0,50676077
622,61334361;0,50223912
622,84321414;0,50018949
623,07309530;0,49702789
623,30298707;0,50223905
623,53288945;0,49591228
623,76280244;0,49809322
623,99272604;0,49698272
624,22266024;0,49405572
624,45260504;0,49233475
624,68256044;0,49156055
624,91252642;0,48944849
625,14250299;0,49021087
625,37249013;0,48841710
625,60248786;0,49269352
625,83249616;0,49138313
626,06251503;0,49125786
626,29254446;0,48966310
626,52258446;0,48927202
626,75263501;0,49163464
626,98269611;0,49242627
627,21276777;0,48597417
627,44284996;0,48538075
627,67294270;0,48387351
627,90304598;0,48372382
628,13315979;0,47687295
628,36328412;0,47752226
628,59341899;0,47968071
628,82356437;0,48385571
629,05372027;0,48092248
629,28388668;0,48488575
629,51406360;0,48230596
629,74425102;0,48729683
629,97444894;0,48149163
630,20465736;0,47857912
630,43487627;0,47868721
630,66510567;0,47572114
630,89534556;0,47551496
631,12559592;0,47123923
631,35585676;0,46730735
631,58612807;0,46374957
631,81640985;0,46211492
632,04670209;0,45977978
632,27700479;0,46069918
632,50731795;0,46024103
632,73764156;0,45399659
632,96797562;0,45594878
633,19832012;0,45716993
633,42867505;0,45703823
633,65904043;0,45370098
633,88941623;0,44884155
634,11980247;0,45036684
634,35019912;0,44862157
634,58060620;0,44380509
634,81102369;0,44617539
635,04145159;0,45024082
635,27188989;0,44769160
635,50233860;0,44905185
635,73279771;0,44508837
635,96326722;0,44944624
636,19374711;0,43963682
636,42423739;0,43886869
636,65473805;0,43363681
636,88524909;0,42378571
637,11577051;0,41815079
637,34630230;0,41430553
637,57684445;0,40945651
637,80739696;0,41006942
638,03795984;0,40797937
638,26853306;0,41347854
638,49911664;0,41819288
638,72971056;0,42299144
638,96031483;0,42557780
639,19092943;0,42759615
639,42155436;0,42391592
639,65218963;0,42520915
639,88283522;0,42400907
640,11349113;0,42108770
640,34415737;0,42106083
640,57483391;0,42338835
640,80552076;0,42362414
641,03621792;0,41997536
641,26692538;0,42196120
641,49764314;0,42240544
641,72837119;0,42108712
641,95910953;0,41864656
642,18985815;0,42345691
642,42061706;0,42171922
642,65138624;0,42451894
642,88216570;0,42488617
643,11295542;0,42825491
643,34375541;0,42744051
643,57456566;0,42285962
643,80538617;0,42342173
644,03621693;0,42589992
644,26705794;0,43137150
644,49790919;0,42993059
644,72877068;0,42926662
644,95964241;0,43230285
645,19052437;0,43552453
645,42141656;0,43597648
645,65231897;0,43405345
645,88323161;0,43092795
646,11415446;0,43393264
646,34508752;0,44003443
646,57603079;0,44425804
646,80698426;0,44705950
647,03794794;0,44318357
647,26892181;0,44684306
647,49990587;0,44602782
647,73090011;0,44665430
647,96190455;0,45031547
648,19291916;0,44980946
648,42394395;0,45625133
648,65497890;0,45645063
648,88602403;0,45895666
649,11707932;0,45842623
649,34814477;0,46068140
649,57922037;0,46169558
649,81030613;0,46318200
650,04140203;0,46384239
650,27250807;0,46167331
650,50362426;0,46704253
650,73475058;0,47063192
650,96588703;0,47073370
651,19703360;0,47302212
651,42819030;0,47680998
651,65935712;0,47778424
651,89053405;0,47895815
652,12172110;0,48376468
652,35291825;0,48506296
652,58412550;0,49268803
652,81534285;0,49092304
653,04657029;0,49649258
653,27780783;0,50341788
653,50905545;0,50726251
653,74031315;0,50866918
653,97158093;0,50791744
654,20285879;0,50732507
654,43414671;0,50816843
654,66544470;0,50944311
654,89675276;0,51471693
655,12807087;0,51658509
655,35939903;0,51860137
655,59073725;0,51886927
655,82208551;0,52598804
656,05344381;0,52688691
656,28481214;0,53321470
656,51619052;0,53564684
656,74757892;0,53967890
656,97897735;0,54004904
657,21038579;0,54350590
657,44180426;0,54199694
657,67323274;0,54283986
657,90467122;0,54241834
658,13611972;0,55003295
658,36757821;0,54698658
658,59904670;0,55299889
658,83052518;0,55396212
659,06201365;0,55405914
659,29351211;0,55665662
659,52502055;0,55859882
659,75653896;0,56178160
659,98806735;0,56216950
660,21960570;0,55745353
660,45115402;0,56511903
660,68271230;0,56703769
660,91428054;0,57516452
661,14585873;0,57115050
661,37744686;0,58069018
661,60904494;0,58240467
661,84065296;0,59165790
662,07227092;0,59210273
662,30389881;0,59512142
662,53553663;0,59230696
662,76718437;0,58467087
662,99884203;0,58798472
663,23050960;0,58787185
663,46218709;0,59067910
663,69387449;0,59740413
663,92557178;0,59841798
664,15727898;0,60251850
664,38899608;0,60349903
664,62072306;0,60537771
664,85245993;0,60636401
665,08420669;0,60837398
665,31596332;0,60797486
665,54772983;0,61502556
665,77950621;0,61608465
666,01129246;0,61708722
666,24308857;0,61470166
666,47489454;0,61601100
666,70671037;0,61662661
666,93853604;0,61692196
667,17037156;0,61355665
667,40221693;0,61841460
667,63407213;0,61568077
667,86593717;0,61882405
668,09781204;0,62148362
668,32969673;0,62573834
668,56159125;0,62748034
668,79349559;0,62503183
669,02540974;0,62375671
669,25733370;0,62837552
669,48926746;0,62843194
669,72121103;0,63491853
669,95316440;0,62912159
670,18512756;0,63264079
670,41710051;0,62544241
670,64908324;0,62785698
670,88107576;0,63184977
671,11307806;0,62979246
671,34509012;0,62431370
671,57711196;0,62603469
671,80914357;0,62421732
672,04118493;0,62453626
672,27323606;0,62809659
672,50529693;0,63072717
672,73736756;0,63524381
672,96944793;0,63753240
673,20153804;0,63102936
673,43363789;0,63130761
673,66574747;0,62742418
673,89786679;0,62802191
674,12999582;0,62521983
674,36213458;0,62433659
674,59428305;0,62263435
674,82644124;0,62383565
675,05860914;0,62118840
675,29078674;0,61795912
675,52297404;0,61255942
675,75517104;0,61526527
675,98737773;0,61130079
676,21959410;0,61518493
676,45182017;0,61160876
676,68405591;0,61447889
676,91630133;0,61425068
677,14855642;0,61268458
677,38082118;0,60882883
677,61309560;0,60863055
677,84537969;0,60291219
678,07767343;0,60209788
678,30997682;0,59578133
678,54228986;0,59765495
678,77461254;0,59690353
679,00694487;0,60347585
679,23928682;0,59730815
679,47163842;0,59797902
679,70399963;0,58923844
679,93637047;0,58620755
680,16875094;0,58328517
680,40114101;0,58397512
680,63354070;0,57854903
680,86594999;0,57952315
681,09836889;0,57766567
681,33079739;0,57642986
681,56323548;0,58252369
681,79568316;0,58089010
682,02814043;0,57555233
682,26060729;0,57375802
682,49308372;0,58160633
682,72556973;0,58444884
682,95806530;0,58040405
683,19057045;0,58153850
683,42308516;0,57703923
683,65560942;0,57558165
683,88814324;0,57375261
684,12068661;0,57618424
684,35323953;0,57615654
684,58580199;0,57323445
684,81837398;0,57147484
685,05095551;0,57129761
685,28354658;0,56669754
685,51614716;0,56508453
685,74875727;0,56226598
685,98137690;0,56409478
686,21400604;0,55954319
686,44664469;0,55724854
686,67929285;0,55782952
686,91195051;0,56149657
687,14461767;0,55436069
687,37729432;0,55595573
687,60998046;0,55066495
687,84267608;0,54716772
688,07538119;0,54529405
688,30809577;0,54934315
688,54081983;0,54339242
688,77355336;0,54031686
689,00629635;0,53928606
689,23904880;0,53699622
689,47181071;0,53484404
689,70458208;0,53469061
689,93736289;0,53487800
690,17015314;0,53495186
690,40295284;0,53513412
690,63576198;0,53797643
690,86858054;0,53625103
691,10140854;0,53478688
691,33424596;0,53249197
691,56709280;0,53186470
691,79994906;0,52962717
692,03281473;0,52569146
692,26568981;0,52303792
692,49857429;0,52199013
692,73146817;0,52189370
692,96437145;0,52128391
693,19728413;0,52025295
693,43020619;0,51558875
693,66313763;0,51946729
693,89607845;0,52117561
694,12902865;0,52449573
694,36198822;0,51813961
694,59495716;0,51536063
694,82793547;0,51309995
695,06092313;0,50858341
695,29392015;0,50664630
695,52692652;0,50799685
695,75994223;0,50930679
695,99296729;0,51438085
696,22600169;0,50929592
696,45904543;0,51290018
696,69209850;0,51111752
696,92516089;0,51376062
697,15823261;0,51055914
697,39131364;0,51133995
697,62440399;0,51351587
697,85750366;0,51037707
698,09061262;0,51021762
698,32373090;0,50962595
698,55685847;0,50542226
698,78999533;0,50688068
699,02314149;0,50332106
699,25629693;0,50004034
699,48946166;0,49351957
699,72263566;0,49599711
699,95581894;0,49452716
700,18901149;0,49685160
700,42221330;0,49518787
700,65542438;0,49244373
700,88864471;0,49967612
701,12187430;0,50062766
701,35511314;0,49818390
701,58836123;0,49535980
701,82161856;0,49313812
702,05488512;0,49525631
702,28816092;0,49265929
702,52144595;0,49076895
702,75474021;0,49301810
702,98804368;0,49074595
703,22135638;0,49136132
703,45467828;0,49484117
703,68800940;0,48902648
703,92134972;0,49169210
704,15469925;0,48967579
704,38805797;0,49038186
704,62142589;0,48957333
704,85480299;0,48832581
705,08818928;0,48345069
705,32158475;0,48691368
705,55498940;0,48190729
705,78840322;0,48280183
706,02182620;0,48734112
706,25525836;0,48882594
706,48869967;0,48674274
706,72215015;0,48420844
706,95560977;0,49002364
707,18907854;0,48477678
707,42255646;0,48323987
707,65604352;0,48684527
707,88953971;0,48817226
708,12304504;0,48728967
708,35655949;0,48184961
708,59008307;0,47799446
708,82361577;0,47864962
709,05715759;0,48120082
709,29070852;0,48288213
709,52426855;0,48144580
709,75783769;0,48386161
709,99141593;0,48545584
710,22500327;0,49033652
710,45859969;0,49003414
710,69220521;0,48961270
710,92581981;0,48997744
711,15944349;0,49265415
711,39307624;0,48949287
711,62671807;0,49164603
711,86036896;0,49409481
712,09402892;0,49313232
712,32769793;0,49543265
712,56137600;0,49916362
712,79506312;0,49759132
713,02875929;0,49908976
713,26246451;0,50035456
713,49617876;0,49965954
713,72990204;0,49803566
713,96363436;0,50113481
714,19737571;0,50294588
714,43112607;0,50100864
714,66488546;0,50219908
714,89865386;0,50040531
715,13243127;0,50524098
715,36621769;0,50694334
715,60001311;0,50520622
715,83381753;0,50813975
716,06763094;0,51050322
716,30145334;0,51133999
716,53528473;0,51417637
716,76912510;0,51424538
717,00297445;0,51596412
717,23683278;0,51902866
717,47070007;0,52209255
717,70457633;0,52572544
717,93846155;0,52374978
718,17235573;0,52465042
718,40625887;0,52365853
718,64017095;0,52476864
718,87409198;0,52533225
719,10802195;0,52443893
719,34196086;0,52427374
719,57590870;0,52320812
719,80986547;0,52135742
720,04383117;0,52284424
720,27780579;0,52405688
720,51178932;0,52715531
720,74578177;0,52848760
720,97978313;0,53156870
721,21379339;0,53232045
721,44781255;0,53397860
721,68184062;0,53329502
721,91587757;0,53548165
722,14992341;0,53154582
722,38397814;0,53313538
722,61804175;0,53908731
722,85211423;0,54295379
723,08619559;0,54662631
723,32028582;0,54549926
723,55438491;0,54399586
723,78849286;0,54618299
724,02260966;0,54931484
724,25673532;0,54770336
724,49086983;0,54940668
724,72501318;0,54458215
724,95916538;0,54547111
725,19332640;0,54204909
725,42749627;0,54519201
725,66167495;0,54666150
725,89586247;0,55467421
726,13005880;0,55459990
726,36426395;0,55629111
726,59847791;0,55276595
726,83270067;0,55256127
727,06693225;0,55237939
727,30117262;0,55844382
727,53542178;0,55913875
727,76967974;0,55927627
728,00394648;0,56007334
728,23822201;0,56375301
728,47250632;0,56605834
728,70679940;0,57209534
728,94110126;0,57322238
729,17541188;0,56904184
729,40973126;0,57452779
729,64405941;0,57463557
729,87839630;0,57445996
730,11274195;0,57225494
730,34709635;0,57645828
730,58145949;0,58154941
730,81583137;0,58161760
731,05021198;0,58866975
731,28460132;0,58397588
731,51899939;0,58668709
731,75340618;0,57752891
731,98782169;0,58019881
732,22224591;0,58281952
732,45667885;0,58567314
732,69112049;0,59178933
732,92557083;0,59716102
733,16002987;0,59729140
733,39449761;0,59916426
733,62897403;0,59707984
733,86345914;0,59966569
734,09795294;0,59839443
734,33245541;0,60196670
734,56696655;0,59842969
734,80148637;0,59728504
735,03601485;0,59743314
735,27055199;0,60259333
735,50509779;0,60276329
735,73965224;0,60410815
735,97421534;0,59918829
736,20878709;0,60418774
736,44336748;0,60098672
736,67795650;0,60579425
736,91255416;0,60447909
737,14716045;0,60742933
737,38177536;0,60765647
737,61639889;0,60630686
737,85103105;0,61044646
738,08567181;0,61203062
738,32032118;0,61326074
738,55497916;0,61322573
738,78964574;0,61327151
739,02432091;0,61000250
739,25900468;0,60992285
739,49369703;0,61476983
739,72839797;0,61348814
739,96310749;0,61193877
740,19782559;0,60652300
740,43255226;0,60426726
740,66728750;0,60743454
740,90203130;0,60401105
741,13678366;0,60077575
741,37154458;0,60943720
741,60631405;0,60774763
741,84109207;0,60682995
742,07587863;0,61202919
742,31067373;0,61054953
742,54547737;0,60984903
742,78028953;0,60992801
743,01511023;0,61083945
743,24993945;0,60692676
743,48477719;0,60374256
743,71962345;0,60664804
743,95447821;0,60808927
744,18934149;0,60841369
744,42421326;0,60749043
744,65909354;0,60524723
744,89398231;0,60689960
745,12887957;0,60430726
745,36378532;0,60573069
745,59869955;0,60434715
745,83362227;0,60358893
746,06855345;0,60118603
746,30349311;0,60397107
746,53844123;0,60315769
746,77339782;0,59848081
747,00836287;0,59985371
747,24333636;0,59827605
747,47831832;0,59658487
747,71330871;0,60329362
747,94830755;0,60312282
748,18331483;0,59717091
748,41833054;0,59613430
748,65335468;0,59936372
748,88838725;0,59605011
749,12342824;0,59447720
749,35847765;0,59420474
749,59353547;0,59197760
749,82860170;0,58414642
750,06367634;0,58850897
750,29875938;0,58311007
750,53385082;0,58345258
750,76895065;0,58357658
751,00405887;0,58067818
751,23917548;0,57980142
751,47430047;0,58099714
751,70943383;0,57942562
751,94457557;0,58202710
752,17972568;0,58507981
752,41488416;0,58318411
752,65005099;0,58099678
752,88522618;0,57928326
753,12040973;0,57620740
753,35560162;0,57304166
753,59080186;0,57122957
753,82601044;0,56772678
754,06122736;0,56718055
754,29645261;0,56209534
754,53168619;0,56068291
754,76692809;0,55445193
755,00217832;0,55464685
755,23743686;0,55442357
755,47270371;0,55024899
755,70797887;0,54766908
755,94326234;0,54843266
756,17855410;0,54749833
756,41385417;0,55035185
756,64916252;0,54699688
756,88447917;0,54022030
757,11980409;0,53753290
757,35513730;0,53640936
757,59047878;0,53422931
757,82582854;0,53382455
758,06118656;0,53688261
758,29655285;0,53550985
758,53192740;0,53449681
758,76731020;0,52674042
759,00270125;0,52258713
759,23810055;0,52132925
759,47350810;0,51965484
759,70892388;0,51370941
759,94434790;0,51185801
760,17978015;0,51109053
760,41522063;0,51166464
760,65066934;0,51318461
760,88612626;0,51389683
761,12159139;0,50976805
761,35706474;0,50852673
761,59254629;0,50610572
761,82803605;0,50354383
762,06353401;0,49867433
762,29904016;0,49440883
762,53455450;0,49467572
762,77007703;0,49100917
763,00560774;0,49066149
763,24114663;0,49116783
763,47669369;0,49010880
763,71224893;0,48706789
763,94781233;0,48393447
764,18338389;0,47868967
764,41896362;0,47562050
764,65455149;0,47597361
764,89014752;0,47550618
765,12575169;0,47998317
765,36136400;0,48364451
765,59698446;0,47993701
765,83261304;0,47714672
766,06824976;0,47693527
766,30389460;0,47445876
766,53954756;0,47031165
766,77520865;0,46831940
767,01087784;0,46393383
767,24655515;0,46425227
767,48224056;0,46434928
767,71793407;0,46501578
767,95363568;0,46538626
768,18934538;0,46675280
768,42506317;0,46591503
768,66078905;0,46019264
768,89652301;0,46263582
769,13226504;0,45424649
769,36801515;0,44942282
769,60377333;0,44573235
769,83953957;0,44181926
770,07531387;0,44390944
770,31109623;0,44100528
770,54688665;0,43602201
770,78268511;0,43456904
771,01849161;0,43387468
771,25430616;0,42736510
771,49012874;0,42961523
771,72595936;0,42785413
771,96179800;0,42841351
772,19764467;0,42732525
772,43349936;0,43019573
772,66936207;0,42519584
772,90523278;0,42264920
773,14111151;0,42107186
773,37699824;0,42093528
773,61289297;0,42313913
773,84879569;0,42062759
774,08470641;0,41954513
774,32062512;0,42401155
774,55655180;0,42244393
774,79248647;0,42020574
775,02842912;0,41714855
775,26437973;0,41610576
775,50033832;0,41484753
775,73630486;0,41550207
775,97227937;0,41366861
776,20826183;0,41145849
776,44425224;0,40672545
776,68025060;0,40677136
776,91625691;0,40628721
777,15227115;0,40467580
777,38829333;0,40274495
777,62432344;0,40193568
777,86036147;0,39964701
778,09640743;0,40021040
778,33246131;0,39614385
778,56852310;0,39500595
778,80459280;0,39649823
779,04067041;0,39247738
779,27675592;0,39373507
779,51284933;0,39520528
779,74895064;0,39615056
779,98505984;0,40195884
780,22117692;0,40269998
780,45730188;0,40038619
780,69343472;0,39966416
780,92957544;0,39507397
781,16572403;0,38800537
781,40188048;0,38426401
781,63804479;0,37933817
781,87421697;0,37863698
782,11039699;0,37847771
782,34658487;0,37688382
782,58278059;0,37834718
782,81898416;0,38101265
783,05519556;0,37963411
783,29141479;0,37898444
783,52764186;0,37942892
783,76387675;0,38016934
784,00011946;0,37951981
784,23636999;0,37655264
784,47262833;0,37547697
784,70889448;0,37496984
784,94516844;0,37654099
785,18145020;0,37743578
785,41773975;0,37801095
785,65403710;0,38334258
785,89034224;0,38104745
786,12665516;0,38063623
786,36297586;0,37842105
786,59930434;0,37540274
786,83564059;0,37409816
787,07198461;0,37438858
787,30833640;0,37542035
787,54469594;0,37176359
787,78106325;0,36862471
788,01743830;0,36684240
788,25382110;0,36824410
788,49021165;0,37046496
788,72660994;0,36667212
788,96301596;0,36764042
789,19942972;0,36920595
789,43585120;0,36808458
789,67228041;0,36957127
789,90871734;0,37037373
790,14516198;0,36923434
790,38161434;0,36734945
790,61807440;0,36617013
790,85454217;0,36242855
791,09101764;0,36334575
791,32750080;0,35976443
791,56399165;0,35721245
791,80049019;0,35744544
792,03699642;0,36074378
792,27351032;0,35801000
792,51003190;0,35769062
792,74656115;0,35956473
792,98309807;0,35868789
793,21964265;0,35768507
793,45619489;0,35167094
793,69275479;0,35102705
793,92932234;0,34903419
794,16589753;0,34928541
794,40248036;0,35353318
794,63907084;0,35519024
794,87566895;0,35173954
795,11227469;0,35228611
795,34888806;0,34944329
795,58550905;0,35238839
795,82213765;0,35215554
796,05877388;0,34800880
796,29541771;0,34601604
796,53206915;0,34638042
796,76872819;0,34671612
797,00539483;0,34917604
797,24206906;0,34417044
797,47875088;0,34165345
797,71544029;0,34036550
797,95213729;0,33948337
798,18884186;0,34061115
798,42555400;0,34309404
798,66227371;0,34528697
798,89900099;0,34444404
799,13573583;0,34077053
799,37247823;0,34043995
799,60922818;0,33620891
799,84598568;0,33747260
800,08275073;0,34008756
800,31952332;0,33973957
800,55630344;0,34249646
800,79309110;0,33952356
801,02988629;0,33648779
801,26668900;0,33719875
801,50349923;0,33927275
801,74031698;0,33844694
801,97714225;0,33586097
802,21397502;0,33427797
802,45081530;0,33007499
802,68766308;0,33507557
802,92451835;0,33546840
803,16138112;0,33473938
803,39825138;0,33672701
803,63512912;0,33644203
803,87201434;0,33740487
804,10890704;0,33763796
804,34580721;0,33661925
804,58271485;0,33675033
804,81962995;0,33177729
805,05655251;0,33297964
805,29348253;0,33336159
805,53042000;0,33205159
805,76736492;0,33005231
806,00431728;0,32881591
806,24127709;0,32885558
806,47824433;0,32936308
806,71521900;0,33082118
806,95220109;0,33207959
807,18919062;0,33158989
807,42618756;0,33083849
807,66319192;0,33169837
807,90020368;0,33233610
808,13722286;0,33684642
808,37424944;0,33598667
808,61128342;0,33557036
808,84832479;0,33408988
809,08537356;0,33290033
809,32242971;0,33279768
809,55949325;0,33284285
809,79656416;0,33086087
810,03364245;0,33271756
810,27072811;0,33299094
810,50782114;0,33791149
810,74492153;0,33387932
810,98202928;0,33524647
811,21914438;0,33529875
811,45626683;0,33174431
811,69339663;0,33166433
811,93053378;0,33514371
812,16767826;0,33416972
812,40483008;0,33547414
812,64198922;0,33628342
812,87915569;0,33694308
813,11632949;0,33789423
813,35351060;0,33638501
813,59069903;0,33325289
813,82789477;0,33198350
814,06509781;0,33698867
814,30230815;0,33410122
814,53952580;0,33729095
814,77675073;0,33795740
815,01398296;0,33980822
815,25122247;0,33636265
815,48846926;0,33382193
815,72572333;0,33702895
815,96298468;0,33813932
816,20025329;0,34005306
816,43752917;0,34177333
816,67481231;0,34026402
816,91210271;0,33714873
817,14940036;0,34095297
817,38670526;0,34237593
817,62401741;0,34314595
817,86133679;0,34077077
818,09866342;0,33965422
818,33599727;0,34261030
818,57333836;0,34005297
818,81068667;0,34054905
819,04804220;0,33877736
819,28540495;0,33611165
819,52277491;0,33489270
819,76015207;0,33691468
819,99753645;0,33966032
820,23492802;0,34199470
820,47232679;0,34382315
820,70973275;0,34328805
820,94714590;0,34628364
821,18456624;0,34609519
821,42199375;0,34696676
821,65942844;0,34816804
821,89687031;0,34974586
822,13431934;0,34932448
822,37177553;0,35059996
822,60923889;0,35135181
822,84670940;0,35082750
823,08418706;0,35259975
823,32167187;0,35189286
823,55916382;0,35700717
823,79666291;0,35227517
824,03416914;0,34993351
824,27168250;0,35329417
824,50920299;0,35129485
824,74673060;0,35266754
824,98426533;0,35181943
825,22180717;0,35366960
825,45935613;0,35504814
825,69691219;0,35589765
825,93447536;0,35483209
826,17204563;0,35649964
826,40962299;0,35908540
826,64720744;0,35744627
826,88479897;0,36014502
827,12239759;0,35913739
827,36000329;0,36038465
827,59761607;0,36176249
827,83523591;0,35609611
828,07286282;0,35669979
828,31049680;0,35667670
828,54813783;0,35742335
828,78578591;0,35357890
829,02344105;0,35229794
829,26110323;0,35204717
829,49877246;0,34827669
829,73644872;0,34977430
829,97413202;0,34643690
830,21182234;0,35106766
830,44951970;0,35060057
830,68722407;0,35484331
830,92493546;0,35613645
831,16265387;0,35687659
831,40037928;0,35618214
831,63811171;0,35676194
831,87585113;0,35600517
832,11359755;0,35411977
832,35135096;0,35137561
832,58911137;0,35356124
832,82687875;0,35243976
833,06465312;0,35020716
833,30243447;0,34985476
833,54022279;0,35281520
833,77801808;0,34824767
834,01582034;0,34938697
834,25362955;0,34703541
834,49144572;0,34802626
834,72926885;0,35020202
834,96709892;0,35507691
835,20493594;0,35456427
835,44277990;0,34845220
835,68063080;0,34771232
835,91848862;0,34726312
836,15635338;0,34649389
836,39422506;0,34406797
836,63210366;0,34638018
836,86998918;0,34854401
837,10788161;0,34277501
837,34578095;0,34301407
837,58368719;0,33930152
837,82160034;0,33547978
838,05952038;0,33751795
838,29744731;0,33692004
838,53538112;0,34441582
838,77332183;0,34408000
839,01126941;0,34813405
839,24922387;0,34649994
839,48718520;0,34564045
839,72515340;0,34263832
839,96312846;0,34111212
840,20111038;0,34356675
840,43909915;0,34477373
840,67709478;0,34208573
840,91509725;0,33816258
841,15310657;0,33483634
841,39112273;0,33381655
841,62914572;0,33242671
841,86717555;0,33124323
842,10521220;0,33077518
842,34325567;0,32959086
842,58130596;0,32973953
842,81936307;0,32765478
843,05742699;0,32600302
843,29549771;0,32447058
843,53357524;0,32302432
843,77165957;0,31894144
844,00975069;0,31943105
844,24784860;0,31586006
844,48595329;0,31441321
844,72406477;0,31629866
844,96218303;0,31234641
845,20030807;0,31130917
845,43843987;0,31058620
845,67657844;0,31391791
845,91472377;0,30854699
846,15287586;0,30388337
846,39103470;0,30392842
846,62920029;0,30692433
846,86737263;0,30346138
847,10555171;0,30673124
847,34373753;0,30278945
847,58193008;0,30419649
847,82012936;0,30128012
848,05833537;0,30031233
848,29654810;0,29842167
848,53476755;0,29415523
848,77299371;0,29487377
849,01122658;0,29718525
849,24946615;0,29583009
849,48771242;0,29406488
849,72596540;0,29300030
849,96422506;0,29233921
850,20249142;0,28825621
850,44076446;0,28590296
850,67904418;0,28650126
850,91733058;0,28317477
851,15562365;0,28173513
851,39392338;0,27996949
851,63222979;0,28030440
851,87054285;0,28017978
852,10886257;0,27674509
852,34718895;0,27521948
852,58552197;0,27487779
852,82386164;0,27497477
853,06220794;0,27061184
853,30056088;0,27159755
853,53892046;0,27316968
853,77728666;0,27333460
854,01565949;0,27197943
854,25403894;0,27180177
854,49242500;0,26773032
854,73081768;0,26582800
854,96921696;0,26405073
855,20762285;0,26099870
855,44603533;0,26129546
855,68445442;0,26142519
855,92288009;0,26030389
856,16131235;0,26040634
856,39975120;0,25583904
856,63819662;0,25682457
856,87664862;0,25749071
857,11510719;0,25739367
857,35357233;0,25799168
857,59204403;0,25556569
857,83052229;0,25448319
858,06900711;0,25334429
858,30749848;0,25375454
858,54599639;0,25636891
858,78450085;0,25036001
859,02301184;0,24914690
859,26152937;0,24935709
859,50005344;0,25010949
859,73858402;0,24757505
859,97712113;0,24976761
860,21566476;0,24504636
860,45421491;0,24505250
860,69277156;0,24455089
860,93133472;0,24388512
861,16990439;0,24261466
861,40848055;0,24190817
861,64706320;0,24025120
861,88565235;0,23681755
862,12424798;0,23425465
862,36285009;0,23414600
862,60145869;0,23349677
862,84007375;0,23158317
863,07869529;0,22777862
863,31732329;0,22636047
863,55595775;0,22484080
863,79459867;0,22380984
864,03324605;0,22424799
864,27189987;0,22571148
864,51056014;0,22409430
864,74922685;0,22172476
864,98790000;0,22271598
865,22657958;0,22553531
865,46526559;0,22787032
865,70395803;0,22714136
865,94265689;0,22444102
866,18136216;0,22099573
866,42007385;0,21510733
866,65879195;0,21407057
866,89751645;0,21018696
867,13624735;0,21192962
867,37498465;0,20646145
867,61372834;0,20948667
867,85247842;0,20695142
868,09123489;0,20878007
868,32999773;0,20396150
868,56876696;0,20164943
868,80754255;0,20024811
869,04632451;0,19954817
869,28511284;0,19866492
869,52390753;0,19778258
869,76270857;0,19833551
870,00151597;0,19876203
870,24032971;0,19951950
870,47914980;0,19958802
870,71797623;0,19676900
870,95680899;0,19814728
871,19564809;0,19901795
871,43449352;0,19672884
871,67334526;0,19471855
871,91220333;0,19089186
872,15106771;0,18939984
872,38993841;0,18818023
872,62881541;0,18714939
872,86769872;0,18750293
873,10658832;0,18603930
873,34548422;0,18404648
873,58438641;0,18150584
873,82329489;0,18241156
874,06220965;0,18140441
874,30113070;0,18005913
874,54005801;0,17936460
874,77899160;0,17528701
875,01793145;0,17396028
875,25687757;0,17273592
875,49582995;0,16932939
875,73478858;0,16954051
875,97375346;0,16724488
876,21272459;0,16875347
876,45170196;0,16591259
876,69068557;0,16598648
876,92967541;0,16472228
877,16867148;0,16592401
877,40767378;0,16809901
877,64668231;0,16729618
877,88569705;0,16565657
878,12471800;0,16593563
878,36374517;0,16142525
878,60277854;0,16043960
878,84181811;0,16160702
879,08086388;0,15902136
879,31991585;0,15874820
879,55897400;0,15775163
879,79803834;0,15842929
880,03710886;0,15563874
880,27618556;0,15682891
880,51526844;0,15581515
880,75435748;0,15532525
880,99345269;0,15550158
881,23255406;0,15438009
881,47166159;0,15307014
881,71077527;0,15151543
881,94989510;0,15317868
882,18902107;0,15123005
882,42815319;0,15116237
882,66729144;0,14883873
882,90643583;0,14823490
883,14558634;0,14525072
883,38474298;0,14852019
883,62390574;0,14628688
883,86307462;0,14576895
884,10224961;0,14484060
884,34143071;0,14386107
884,58061791;0,14230591
884,81981121;0,14317760
885,05901061;0,14140055
885,29821611;0,14196995
885,53742769;0,14414581
885,77664535;0,14388990
886,01586910;0,14487430
886,25509892;0,14368435
886,49433482;0,13997156
886,73357678;0,13812596
886,97282480;0,13768181
887,21207889;0,13785290
887,45133903;0,13831999
887,69060522;0,13734599
887,92987747;0,13840469
888,16915575;0,13935032
888,40844008;0,13618391
888,64773044;0,13570580
888,88702683;0,13473212
889,12632925;0,13364953
889,36563769;0,13460054
889,60495215;0,13279556
889,84427263;0,13258506
890,08359912;0,13237323
890,32293161;0,13052333
890,56227011;0,13205556
890,80161461;0,13333148
891,04096510;0,12963431
891,28032159;0,12716905
891,51968406;0,13068213
891,75905251;0,12821624
891,99842694;0,12898561
892,23780735;0,12647383
892,47719373;0,12598940
892,71658607;0,12577332
892,95598438;0,12739621
893,19538864;0,12324428
893,43479886;0,12343336
893,67421503;0,12075055
893,91363715;0,12404198
894,15306521;0,12129692
894,39249920;0,12159336
894,63193914;0,12094348
894,87138500;0,12012351
895,11083678;0,11865465
895,35029449;0,11813108
895,58975812;0,11802231
895,82922766;0,11940624
896,06870311;0,12019737
896,30818447;0,11827233
896,54767172;0,11659243
896,78716488;0,11405332
897,02666393;0,11287380
897,26616886;0,11168365
897,50567969;0,11338057
897,74519639;0,11613690
897,98471898;0,11400171
898,22424743;0,11270324
898,46378176;0,11418398
898,70332195;0,11233866
898,94286800;0,11062975
899,18241990;0,11031162
899,42197767;0,10965650
899,66154128;0,10998622
899,90111073;0,10847719
900,14068602;0,10756602
900,38026716;0,10539065
900,61985412;0,10726991
900,85944691;0,10511634
901,09904553;0,10544109
901,33864997;0,10541884
901,57826023;0,10693912
901,81787629;0,10547585
902,05749817;0,10598874
902,29712585;0,10365858
902,53675933;0,10402900
902,77639860;0,10047516
903,01604367;0,10276499
903,25569453;0,10086876
903,49535117;0,10189937
903,73501359;0,10084576
903,97468178;0,10265146
904,21435575;0,10036709
904,45403548;0,10045231
904,69372098;0,10070357
904,93341224;0,09897756
905,17310926;0,09920531
905,41281202;0,10047612
905,65252053;0,09872762
905,89223479;0,09705244
906,13195478;0,09700124
906,37168052;0,09700136
906,61141198;0,09462121
906,85114917;0,09551475
907,09089208;0,09469459
907,33064071;0,09519041
907,57039505;0,09265054
907,81015511;0,09202934
908,04992088;0,09284988
908,28969234;0,09277024
908,52946951;0,09044612
908,76925237;0,09154554
909,00904092;0,09365274
909,24883515;0,09474598
909,48863507;0,09346484
909,72844067;0,09088492
909,96825194;0,09267264
910,20806889;0,09111262
910,44789149;0,09037823
910,68771977;0,08971716
910,92755369;0,09067985
911,16739328;0,08718316
911,40723851;0,08823092
911,64708939;0,08534911
911,88694591;0,08673409
912,12680807;0,08880010
912,36667586;0,08724596
912,60654928;0,08763894
912,84642833;0,08967180
913,08631300;0,09252507
913,32620329;0,08816853
913,56609919;0,08997354
913,80600070;0,08786674
914,04590781;0,08745644
914,28582053;0,08771310
914,52573884;0,08761561
914,76566275;0,08650518
915,00559225;0,08489342
915,24552733;0,08331600
915,48546799;0,08267838
915,72541423;0,08309391
915,96536604;0,08328186
916,20532342;0,08207406
916,44528637;0,08131718
916,68525488;0,08327031
916,92522894;0,08122015
917,16520855;0,08183552
917,40519372;0,08195465
917,64518443;0,07809921
917,88518068;0,08160191
918,12518246;0,08077589
918,36518978;0,07993881
918,60520263;0,07923232
918,84522100;0,07978518
919,08524489;0,07814993
919,32527429;0,07682958
919,56530921;0,07647600
919,80534964;0,07611752
920,04539557;0,07481855
920,28544700;0,07591835
920,52550392;0,07336132
920,76556634;0,07520007
921,00563425;0,07352618
921,24570764;0,07765476
921,48578650;0,07701731
921,72587085;0,07727377
921,96596066;0,07557677
922,20605595;0,07535996
922,44615669;0,07549118
922,68626290;0,07647052
922,92637456;0,07375387
923,16649167;0,07387360
923,40661423;0,07262040
923,64674223;0,07087773
923,88687567;0,07029667
924,12701454;0,06941983
924,36715885;0,06992674
924,60730858;0,06971605
924,84746374;0,06782489
925,08762431;0,06583183
925,32779030;0,06735813
925,56796170;0,06421464
925,80813851;0,06472650
926,04832072;0,06373623
926,28850832;0,06359958
926,52870133;0,06387821
926,76889972;0,06181085
927,00910349;0,06408901
927,24931265;0,06533661
927,48952719;0,06615115
927,72974710;0,06680051
927,96997239;0,06634493
928,21020303;0,06440819
928,45043904;0,06443087
928,69068041;0,06213578
928,93092713;0,06259664
929,17117920;0,05956753
929,41143662;0,06109897
929,65169938;0,05945912
929,89196747;0,06076869
930,13224090;0,05961796
930,37251966;0,05864486
930,61280374;0,05661766
930,85309315;0,05689028
931,09338787;0,05539847
931,33368790;0,05680498
931,57399325;0,05444719
931,81430390;0,05541034
932,05461985;0,05625823
932,29494109;0,05482874
932,53526763;0,05155952
932,77559946;0,05242521
933,01593657;0,05130923
933,25627897;0,05272191
933,49662664;0,05047204
933,73697958;0,04773858
933,97733779;0,05103583
934,21770127;0,04800035
934,45807001;0,05002215
934,69844400;0,04638278
934,93882324;0,04936156
935,17920774;0,04468560
935,41959747;0,04470290
935,65999245;0,04363800
935,90039266;0,04280090
936,14079811;0,03961709
936,38120878;0,04109246
936,62162468;0,03809668
936,86204580;0,03697468
937,10247213;0,03503263
937,34290367;0,03610901
937,58334043;0,03161572
937,82378238;0,03281739
938,06422954;0,02806707
938,30468189;0,02905257
938,54513943;0,02582357
938,78560216;0,02717339
939,02607007;0,02350554
939,26654316;0,02451918
939,50702143;0,02101689
939,74750486;0,02238967
939,98799347;0,01960434
940,22848724;0,01971816
940,46898616;0,01664867
940,70949024;0,01707567
940,94999948;0,01338534
941,19051386;0,01478627
941,43103338;0,01088522
941,67155804;0,01270761
941,91208783;0,00978603
942,15262276;0,01190460
942,39316281;0,00995120
942,63370798;0,00989429
942,87425828;0,00925076
943,11481368;0,00864686
943,35537420;0,00758223
943,59593982;0,00984311
943,83651055;0,00782141
944,07708637;0,00904002
944,31766729;0,00783841
944,55825329;0,00807763
944,79884439;0,00717755
945,03944056;0,00727441
945,28004181;0,00683605
945,52064814;0,00690993
945,76125953;0,00545786
946,00187600;0,00692737
946,24249752;0,00536642
946,48312410;0,00623812
946,72375573;0,00493395
946,96439241;0,00596439
947,20503414;0,00587921
947,44568091;0,00681328
947,68633272;0,00602168
947,92698956;0,00711477
948,16765142;0,00549740
948,40831832;0,00755927
948,64899023;0,00622090
948,88966716;0,00714359
949,13034911;0,00628920
949,37103606;0,00677326
949,61172802;0,00618665
949,85242498;0,00716622
950,09312693;0,00622085
950,33383388;0,00639752
950,57454581;0,00676191
950,81526273;0,00712644
951,05598463;0,00673936
951,29671151;0,00819710
951,53744336;0,00732008
951,77818017;0,00811177
952,01892195;0,00768452
952,25966870;0,00820284
952,50042039;0,00782107
952,74117704;0,00923371
952,98193864;0,00922240
953,22270518;0,00984285
953,46347666;0,00890902
953,70425307;0,01007639
953,94503442;0,00940471
954,18582070;0,01131261
954,42661189;0,00971760
954,66740801;0,01052073
954,90820904;0,00936446
955,14901499;0,01115298
955,38982584;0,01026452
955,63064160;0,01192739
955,87146225;0,00996821
956,11228780;0,01222939
956,35311824;0,01122698
956,59395357;0,01194435
956,83479378;0,01187611
957,07563887;0,01401744
957,31648883;0,01319741
957,55734366;0,01389222
957,79820336;0,01401171
958,03906793;0,01479783
958,27993735;0,01229756
958,52081163;0,01490587
958,76169076;0,01441071
959,00257473;0,01522517
959,24346354;0,01461565
959,48435720;0,01634122
959,72525569;0,01459265
959,96615901;0,01638680
960,20706715;0,01517942
960,44798012;0,01639232
960,68889790;0,01607919
960,92982050;0,01740010
961,17074791;0,01576015
961,41168012;0,01783377
961,65261714;0,01533319
961,89355895;0,01734919
962,13450556;0,01590807
962,37545696;0,01681988
962,61641314;0,01596513
962,85737410;0,01865905
963,09833984;0,01649496
963,33931036;0,01826584
963,58028564;0,01621051
963,82126569;0,01748010
964,06225050;0,01538426
964,30324007;0,01596542
964,54423439;0,01528730
964,78523346;0,01536154
965,02623727;0,01454161
965,26724583;0,01617605
965,50825912;0,01520235
965,74927714;0,01664869
965,99029990;0,01564645
966,23132737;0,01781059
966,47235957;0,01521342
966,71339649;0,01676827
966,95443811;0,01532157
967,19548445;0,01663728
967,43653549;0,01500258
967,67759123;0,01617627
967,91865167;0,01421137
968,15971679;0,01628983
968,40078661;0,01394938
968,64186111;0,01520225
968,88294029;0,01419433
969,12402415;0,01570353
969,36511268;0,01477480
969,60620587;0,01529316
969,84730373;0,01351623
970,08840625;0,01560651
970,32951343;0,01462699
970,57062526;0,01680269
970,81174173;0,01438792
971,05286285;0,01419981
971,29398861;0,01425081
971,53511900;0,01710457
971,77625402;0,01549257
972,01739367;0,01630169
972,25853795;0,01523616
972,49968684;0,01679674
972,74084035;0,01606784
972,98199847;0,01643239
973,22316119;0,01498582
973,46432852;0,01729218
973,70550045;0,01570335
973,94667697;0,01635253
974,18785809;0,01610226
974,42904379;0,01547519
974,67023407;0,01434248
974,91142893;0,01567482
975,15262837;0,01426240
975,39383237;0,01465545
975,63504094;0,01404029
975,87625408;0,01482057
976,11747177;0,01403450
976,35869402;0,01443330
976,59992081;0,01124950
976,84115216;0,01179628
977,08238804;0,01185335
977,32362846;0,01323160
977,56487342;0,01115884
977,80612291;0,01251389
978,04737692;0,01071451
978,28863545;0,01244560
978,52989850;0,01072546
978,77116607;0,01131221
979,01243814;0,01109018
979,25371472;0,01247407
979,49499581;0,01148876
979,73628138;0,01197853
979,97757146;0,01091970
980,21886602;0,01266797
980,46016506;0,01105631
980,70146859;0,01257674
980,94277660;0,01051478
981,18408907;0,01090210
981,42540602;0,00959794
981,66672743;0,01069731
981,90805330;0,00985432
982,14938363;0,01086248
982,39071841;0,00923922
982,63205764;0,00976903
982,87340132;0,00774710
983,11474943;0,00912532
983,35610198;0,00765610
983,59745897;0,00868129
983,83882038;0,00759329
984,08018622;0,00865855
984,32155647;0,00775843
984,56293115;0,00776997
984,80431023;0,00791252
985,04569372;0,00771325
985,28708162;0,00712647
985,52847392;0,00750244
985,76987061;0,00611834
986,01127170;0,00694405
986,25267717;0,00655119
986,49408703;0,00751385
986,73550126;0,00640311
986,97691987;0,00632896
987,21834285;0,00570842
987,45977021;0,00659116
987,70120192;0,00612397
987,94263799;0,00748529
988,18407842;0,00642613
988,42552320;0,00666489
988,66697233;0,00542347
988,90842580;0,00597600
989,14988360;0,00534946
989,39134575;0,00614128
989,63281222;0,00440994
989,87428302;0,00509905
990,11575815;0,00503076
990,35723759;0,00632332
990,59872135;0,00519565
990,84020942;0,00590788
991,08170179;0,00485404
991,32319847;0,00628350
991,56469945;0,00586208
991,80620472;0,00554889
992,04771428;0,00526975
992,28922813;0,00567419
992,53074625;0,00529261
992,77226866;0,00594168
993,01379534;0,00455785
993,25532629;0,00576519
993,49686151;0,00419909
993,73840099;0,00481992
993,97994473;0,00364109
994,22149272;0,00484838
994,46304496;0,00394847
994,70460145;0,00493356
994,94616218;0,00355564
995,18772714;0,00421044
995,42929634;0,00479148
995,67086977;0,00389731
995,91244742;0,00448406
996,15402930;0,00425610
996,39561539;0,00446687
996,63720570;0,00353278
996,87880021;0,00466605
997,12039893;0,00370927
997,36200185;0,00398278
997,60360897;0,00393146
997,84522028;0,00410800
998,08683578;0,00245070
998,32845547;0,00379466
998,57007933;0,00277527
998,81170738;0,00338463
999,05333959;0,00226279
999,29497597;0,00351566
999,53661652;0,00256471
999,77826123;0,00290653
1000,01991010;0,00259871
1000,26156311;0,00352145
1000,50322028;0,00218315
1000,74488159;0,00340196
1000,98654704;0,00313962
1001,22821662;0,00291772
1001,46989034;0,00285510
1001,71156819;0,00290071
1001,95325016;0,00203506
1002,19493625;0,00317969
1002,43662645;0,00163631
1002,67832077;0,00248511
1002,92001919;0,00222295
1003,16172172;0,00196088
1003,40342835;0,00243372
1003,64513908;0,00261009
1003,88685389;0,00135168
1004,12857279;0,00270125
1004,37029578;0,00156245
1004,61202284;0,00220570
1004,85375399;0,00106120
1005,09548920;0,00216045
1005,33722848;0,00217162
1005,57897182;0,00236538
1005,82071922;0,00209197
1006,06247067;0,00223995
1006,30422618;0,00140288
1006,54598573;0,00186398
1006,78774933;0,00094144
1007,02951696;0,00206350
1007,27128863;0,00124350
1007,51306433;0,00137437
1007,75484406;0,00099276
1007,99662781;0,00202349
1008,23841558;0,00042297
1008,48020736;0,00170487
1008,72200315;0,00077629
1008,96380295;0,00177301
1009,20560675;0,00113518
1009,44741455;0,00098129
1009,68922634;0,00096429
1009,93104212;0,00158506
1010,17286189;0,00044048
1010,41468564;0,00201774
1010,65651337;0,00058846
1010,89834507;0,00091862
1011,14018074;0,00059407
1011,38202038;0,00147696
1011,62386398;-0,00014061
1011,86571154;0,00160204
1012,10756305;0,00026947
1012,34941851;0,00168193
1012,59127791;-0,00003242
1012,83314126;0,00104973
1013,07500854;0,00108351
1013,31687976;0,00218318
1013,55875490;0,00008729
1013,80063397;0,00095853
1014,04251696;0,00075921
1014,28440387;0,00098703
1014,52629469;0,00089005
1014,76818942;0,00185826
1015,01008806;0,00016690
1015,25199059;0,00149412
1015,49389703;0,00067948
1015,73580735;0,00157349
1015,97772156;-0,00010659
1016,21963966;0,00151666
1016,46156164;0,00126039
1016,70348749;0,00076500
1016,94541722;-0,00086379
1017,18735082;0,00029801
1017,42928828;-0,00082415
1017,67122959;0,00002452
1017,91317477;-0,00088686
1018,15512380;0,00002461
