194.16287968,0.00298740
194.36381481,-0.00330815
194.56476860,0.00265815
194.76574102,-0.00500444
194.96673208,-0.00101992
195.16774177,0.00692824
195.36877010,0.00616813
195.56981705,0.01145486
195.77088262,-0.00004737
195.97196681,0.00723551
196.17306961,0.01208387
196.37419103,-0.00056579
196.57533104,0.00284133
196.77648966,0.01060684
196.97766688,0.01503030
197.17886269,-0.00283278
197.38007709,-0.00319869
197.58131007,0.00393831
197.78256164,0.00412062
197.98383178,-0.00162675
198.18512050,0.00352116
198.38642778,0.00835424
198.58775363,0.00969966
198.78909804,-0.00037593
198.99046101,-0.00040527
199.19184253,0.01923511
199.39324259,0.00931923
199.59466121,0.00208787
199.79609836,-0.00272353
199.99755405,-0.00704468
200.19902827,0.00371137
200.40052102,0.00135685
200.60203230,-0.00926750
200.80356209,0.01376531
201.00511040,0.00727256
201.20667723,-0.00518754
201.40826256,-0.00549493
201.60986639,0.00041351
201.81148873,0.01350978
202.01312956,-0.00191158
202.21478888,0.00984625
202.41646669,0.00972887
202.61816298,-0.00490958
202.81987776,-0.00339605
203.02161101,-0.00011269
203.22336273,0.00235867
203.42513291,-0.00179487
203.62692157,0.00108658
203.82872868,0.00080140
204.03055424,0.00134933
204.23239826,0.00995598
204.43426072,0.00464740
204.63614163,0.00100566
204.83804098,0.00418631
205.03995876,0.00697188
205.24189497,0.01069432
205.44384961,-0.00149486
205.64582267,0.01228116
205.84781415,0.01868626
206.04982405,-0.00956015
206.25185236,0.00020880
206.45389907,0.02016353
206.65596418,0.01743602
206.85804770,-0.00447821
207.06014960,-0.00324274
207.26226990,0.00706766
207.46440859,-0.00395191
207.66656565,-0.00303047
207.86874110,0.00269486
208.07093492,0.00172240
208.27314711,0.00798165
208.47537766,-0.00096862
208.67762658,-0.00156049
208.87989385,0.00930528
209.08217948,0.00646068
209.28448346,0.01290266
209.48680579,-0.00570663
209.68914645,0.00499820
209.89150545,0.01345837
210.09388279,-0.00028791
210.29627846,0.00013592
210.49869245,0.01190784
210.70112476,0.00043563
210.90357539,-0.00463910
211.10604434,0.00635808
211.30853159,0.00006996
211.51103715,0.00901238
211.71356100,0.00662145
211.91610316,-0.00841930
212.11866361,0.01249317
212.32124235,0.01062130
212.52383937,-0.00639392
212.72645467,-0.00556061
212.92908825,0.01537411
213.13174010,-0.00300866
213.33441022,-0.00140707
213.53709861,0.00124679
213.73980525,0.00705286
213.94253016,0.00519546
214.14527331,-0.00484375
214.34803471,0.00082998
214.55081436,-0.00013484
214.75361225,0.00604392
214.95642837,-0.00006938
215.15926273,-0.00287685
215.36211531,0.00493970
215.56498612,0.00534915
215.76787514,-0.00307438
215.97078239,-0.00389322
216.17370784,0.01538898
216.37665150,0.01629535
216.57961337,0.00329445
216.78259344,0.00031869
216.98559170,0.00609512
217.18860815,-0.00061751
217.39164279,-0.00531924
217.59469561,0.00410659
217.79776661,-0.00288384
218.00085579,0.00585408
218.20396314,0.00145896
218.40708866,-0.00205832
218.61023234,0.01420432
218.81339417,-0.00692077
219.01657417,0.00079397
219.21977231,-0.00591877
219.42298860,0.01195928
219.62622303,0.01054084
219.82947561,-0.00332293
220.03274631,-0.00290587
220.23603515,-0.00450763
220.43934211,-0.00245283
220.64266720,-0.00291356
220.84601040,-0.00287688
221.04937172,-0.00131961
221.25275115,0.00538593
221.45614869,-0.00526019
221.65956432,-0.00358615
221.86299806,0.00239524
222.06644989,-0.00208730
222.26991981,0.00219767
222.47340781,-0.00424448
222.67691390,-0.00245255
222.88043807,0.01117700
223.08398031,-0.00745387
223.28754061,-0.00311808
223.49111899,0.00613888
223.69471542,0.00980249
223.89832992,-0.00896741
224.10196246,0.00243917
224.30561306,0.00390124
224.50928170,0.00436904
224.71296838,0.00260707
224.91667310,-0.00125363
225.12039586,0.00776953
225.32413664,-0.00973540
225.52789545,-0.00265750
225.73167228,-0.00167062
225.93546712,0.00750643
226.13927998,0.00319924
226.34311085,0.00006311
226.54695972,-0.00498980
226.75082659,0.01225155
226.95471146,-0.00615300
227.15861432,-0.00434614
227.36253517,-0.00050063
227.56647401,0.00414998
227.77043082,0.00417902
227.97440561,-0.00981587
228.17839838,-0.00442728
228.38240911,-0.00042764
228.58643780,0.00604392
228.79048446,-0.00237283
228.99454907,0.00128365
229.19863163,0.00594140
229.40273215,0.00218295
229.60685060,-0.00500440
229.81098700,-0.00722750
230.01514133,-0.00025219
230.21931359,0.00142271
230.42350378,0.00318468
230.62771190,-0.00335969
230.83193793,0.00627046
231.03618188,0.00715519
231.24044374,-0.00439793
231.44472351,0.00042094
231.64902118,0.00388672
231.85333675,0.00152473
232.05767022,0.00223394
232.26202157,-0.00270821
232.46639082,0.01564462
232.67077794,0.01202528
232.87518295,-0.00340344
233.07960583,-0.00142187
233.28404658,0.00561233
233.48850520,0.01350956
233.69298168,-0.00573569
233.89747602,-0.00657662
234.10198822,0.00781327
234.30651826,0.00423060
234.51106615,0.00328729
234.71563188,-0.00337430
234.92021546,-0.00201400
235.12481686,-0.00191911
235.32943610,-0.00052973
235.53407316,-0.00253354
235.73872805,0.00362349
235.94340075,0.00852993
236.14809126,-0.00061062
236.35279959,0.00076426
236.55752572,-0.00039796
236.76226966,0.00633619
236.96703139,-0.00169233
237.17181092,0.00330927
237.37660823,0.00154719
237.58142333,0.00025978
237.78625621,0.00433270
237.99110687,-0.00167021
238.19597531,0.00118856
238.40086151,0.00889546
238.60576548,0.01822573
238.81068721,0.00292206
239.01562669,0.00852230
239.22058393,0.00911493
239.42555892,-0.00285481
239.63055166,-0.00893139
239.83556213,0.01037295
240.04059034,0.00263665
240.24563628,0.00289264
240.45069996,0.00262897
240.65578136,0.00589018
240.86088047,0.01200998
241.06599731,-0.00311800
241.27113186,-0.00128987
241.47628411,0.01032156
241.68145407,0.00815702
241.88664173,0.00175218
242.09184709,-0.00283290
242.29707014,0.00934950
242.50231087,0.00877843
242.70756930,0.00487373
242.91284540,-0.00578690
243.11813917,0.00268045
243.32345062,0.00442809
243.52877974,-0.00164840
243.73412652,-0.00139986
243.93949096,0.00847136
244.14487306,0.00521052
244.35027281,-0.00624047
244.55569020,-0.00181677
244.76112524,0.00472061
244.96657792,0.00518871
245.17204823,-0.00324994
245.37753618,-0.00123876
245.58304175,-0.00396630
245.78856495,0.00139356
245.99410576,-0.00338892
246.19966419,-0.00019332
246.40524024,-0.00122445
246.61083388,0.01080423
246.81644513,0.00157605
247.02207398,0.00039146
247.22772043,0.00226348
247.43338447,0.00662142
247.63906609,-0.00112200
247.84476529,-0.00450752
248.05048208,0.00584637
248.25621643,0.00106424
248.46196836,0.00566370
248.66773786,-0.00568451
248.87352491,0.00178042
249.07932953,0.00401118
249.28515170,-0.00248206
249.49099142,-0.00624770
249.69684869,0.01043133
249.90272349,0.01320251
250.10861584,-0.00358614
250.31452572,-0.00362248
250.52045313,0.00199299
250.72639807,0.01091338
250.93236052,0.00144469
251.13834050,-0.00218942
251.34433799,0.00516587
251.55035299,0.01009518
251.75638549,0.00277530
251.96243550,0.00024549
252.16850300,-0.00066885
252.37458800,-0.00354969
252.58069048,-0.00733760
252.78681045,0.00142986
252.99294790,0.00893930
253.19910283,0.00384283
253.40527523,-0.01235316
253.61146511,-0.00469759
253.81767244,0.00641717
254.02389724,0.00174426
254.23013949,0.00191224
254.43639920,0.00258519
254.64267635,0.00935632
254.84897095,-0.00244545
255.05528299,-0.00414933
255.26161247,0.01017520
255.46795938,0.00126180
255.67432372,0.00929787
255.88070548,-0.00028135
256.08710466,-0.00520201
256.29352126,0.00502034
256.49995527,0.01253677
256.70640669,-0.00591166
256.91287552,-0.00022994
257.11936174,0.01411682
257.32586536,0.00481549
257.53238637,0.01163042
257.73892477,-0.00466115
257.94548055,0.00882235
258.15205371,0.00381354
258.35864425,0.00024572
258.56525216,-0.00604285
258.77187744,0.00442052
258.97852008,0.00653353
259.18518008,0.00436914
259.39185743,-0.00912858
259.59855214,0.00645331
259.80526419,0.00821536
260.01199359,-0.00877048
260.21874032,-0.00207252
260.42550440,0.00787948
260.63228580,-0.00202168
260.83908453,0.00170798
261.04590058,0.00028191
261.25273395,0.00371147
261.45958464,0.00632140
261.66645263,-0.00670846
261.87333793,-0.00216763
262.08024054,0.00597780
262.28716044,0.00774039
262.49409764,-0.00438328
262.70105213,-0.00372545
262.90802391,0.00018679
263.11501296,0.00623370
263.32201930,-0.00302328
263.52904291,-0.00135610
263.73608379,0.00360178
263.94314194,0.00293620
264.15021734,-0.00332257
264.35731001,-0.00020802
264.56441993,0.00863234
264.77154710,0.00008393
264.97869152,-0.00289165
265.18585317,0.00224175
265.39303207,-0.00160452
265.60022820,0.00612405
265.80744155,-0.00640126
266.01467214,0.00070633
266.22191994,0.00890275
266.42918497,-0.00055219
266.63646720,-0.00622560
266.84376665,-0.00151715
267.05108330,0.00526115
267.25841715,0.00597058
267.46576819,-0.00682515
267.67313644,-0.00291384
267.88052187,0.00124691
268.08792448,0.00812783
268.29534428,-0.00236512
268.50278125,0.00090360
268.71023540,-0.00199221
268.91770671,0.00295792
269.12519519,0.00821515
269.33270083,-0.00403208
269.54022362,0.00772568
269.74776357,0.00888839
269.95532067,-0.00342566
270.16289491,-0.00399551
270.37048629,0.00093292
270.57809481,0.00426728
270.78572046,0.00305314
270.99336323,-0.00040524
271.20102313,0.00569288
271.40870016,0.00975144
271.61639429,0.00077182
271.82410554,-0.00780546
272.03183390,0.00393098
272.23957936,0.01426259
272.44734192,-0.00061052
272.65512157,0.00182519
272.86291832,-0.00391504
273.07073216,0.00378492
273.27856307,0.00485929
273.48641107,0.00000428
273.69427615,0.00866913
273.90215829,0.00402573
274.11005750,0.00064765
274.31797377,0.00079378
274.52590711,0.01132309
274.73385750,0.00605135
274.94182494,0.00208766
275.14980942,-0.00195599
275.35781095,0.00364567
275.56582952,0.00673839
275.77386512,-0.00143602
275.98191776,-0.00052992
276.18998742,-0.00057360
276.39807410,0.00864675
276.60617780,-0.00357157
276.81429851,0.00170032
277.02243624,0.00787235
277.23059097,0.00270977
277.43876271,0.00272399
277.64695144,-0.00445629
277.85515716,0.00055980
278.06337988,0.01001445
278.27161958,-0.00197717
278.47987627,-0.00302338
278.68814993,-0.00194068
278.89644057,0.00377668
279.10474817,0.00455256
279.31307275,-0.00672336
279.52141428,0.00801043
279.72977277,0.00098380
279.93814821,-0.00733715
280.14654061,-0.00295000
280.35494995,0.01078217
280.56337623,-0.00332999
280.77181945,-0.00545842
280.98027960,-0.00501941
281.18875668,0.00531984
281.39725068,0.00999250
281.60576161,-0.00084407
281.81428946,-0.00085171
282.02283421,0.00297249
282.23139588,0.00564882
282.43997445,0.00405531
282.64856992,-0.00208717
282.85718229,0.01936636
283.06581155,0.00891027
283.27445770,-0.00260638
283.48312073,-0.00003943
283.69180065,0.00909316
283.90049744,0.00544368
284.10921110,0.00113734
284.31794163,0.00430346
284.52668903,0.00847908
284.73545328,0.00692157
284.94423439,-0.00077834
285.15303236,-0.00441979
285.36184717,0.00978097
285.57067883,0.00436187
285.77952732,-0.00167067
285.98839265,-0.00284783
286.19727482,0.00343322
286.40617381,0.01123538
286.61508962,0.01148395
286.82402226,-0.00060301
287.03297171,0.01240532
287.24193797,0.00325021
287.45092104,-0.00486583
287.65992091,-0.00453713
287.86893758,0.00489624
288.07797105,0.01004330
288.28702131,0.00687020
288.49608835,-0.00450741
288.70517218,0.00914425
288.91427279,0.00794489
289.12339017,0.00078618
289.33252432,0.00103501
289.54167524,-0.00263560
289.75084293,-0.00754161
289.96002737,-0.00387857
290.16922856,-0.00115098
290.37844651,0.00549549
290.58768120,-0.00138517
290.79693264,0.00314820
291.00620081,0.00134976
291.21548572,0.01072353
291.42478736,0.00607291
291.63410573,0.00570767
291.84344081,-0.00566243
292.05279262,0.00998506
292.26216114,-0.00031077
292.47154637,-0.00202866
292.68094831,-0.00417079
292.89036694,0.00310450
293.09980228,0.00627058
293.30925431,0.00549549
293.51872303,0.00627040
293.72820843,0.00854449
293.93771052,0.00962637
294.14722928,0.00583925
294.35676472,0.00374793
294.56631682,-0.00042778
294.77588560,-0.00683230
294.98547103,-0.00138503
295.19507312,0.00600715
295.40469186,-0.00493177
295.61432726,0.01019675
295.82397929,0.00236555
296.03364797,-0.00030315
296.24333329,0.00437677
296.45303524,0.01228796
296.66275381,0.00773304
296.87248902,-0.00010531
297.08224084,0.00757915
297.29200928,0.00131307
297.50179433,0.00604365
297.71159599,0.00202200
297.92141426,-0.01078871
298.13124912,0.00504944
298.34110059,0.00296561
298.55096864,-0.00084408
298.76085328,0.01462795
298.97075451,0.01115504
299.18067232,0.00289950
299.39060670,-0.00052998
299.60055766,0.00376999
299.81052518,0.00893202
300.02050927,-0.00225540
300.23050991,0.00003341
300.44052712,0.00690679
300.65056087,0.00537135
300.86061117,0.00164935
301.07067802,-0.00281835
301.28076140,-0.00799547
301.49086133,0.01343651
301.70097778,0.00489596
301.91111076,-0.00915778
302.12126026,0.00537825
302.33142628,0.00295843
302.54160882,-0.00021537
302.75180787,-0.00432469
302.96202342,0.00088878
303.17225548,0.00012097
303.38250404,-0.00158262
303.59276909,-0.00449294
303.80305064,0.00487432
304.01334867,0.00599270
304.22366318,-0.00014214
304.43399417,0.00419402
304.64434164,0.00502761
304.85470557,0.00811284
305.06508598,0.00103511
305.27548284,-0.00090214
305.48589617,0.01325343
305.69632594,0.00183922
305.90677217,0.00912206
306.11723485,0.00506380
306.32771396,0.00240978
306.53820952,0.00830337
306.74872151,-0.00673018
306.95924993,-0.00071247
307.16979477,0.00643870
307.38035604,0.00673102
307.59093372,0.00143010
307.80152782,0.00159091
308.01213833,0.00104261
308.22276524,-0.00607215
308.43340856,-0.00089543
308.64406827,0.00015039
308.85474438,0.00160533
309.06543687,0.00725031
309.27614575,0.00020196
309.48687102,0.00084507
309.69761266,0.00752810
309.90837067,0.00164163
310.11914505,0.00472774
310.32993580,-0.00028823
310.54074290,-0.00152441
310.75156637,0.00520282
310.96240618,-0.00047120
311.17326235,-0.00503427
311.38413486,-0.00738850
311.59502371,0.00483690
311.80592890,0.00077193
312.01685042,-0.00119530
312.22778827,0.00285570
312.43874244,-0.00344019
312.64971294,-0.00021580
312.86069975,-0.01059837
313.07170287,0.01132354
313.28272230,0.00680427
313.49375804,0.00105677
313.70481007,0.00042064
313.91587840,0.00638730
314.12696302,0.01092104
314.33806394,0.00588306
314.54918113,0.00145175
314.76031460,0.00989751
314.97146435,0.00718451
315.18263038,-0.00738083
315.39381267,0.00019441
315.60501122,0.00501286
315.81622603,0.00757228
316.02745710,-0.00158268
316.23870442,0.00392347
316.44996799,0.01229562
316.66124780,-0.00083662
316.87254384,0.00037716
317.08385613,0.00102012
317.29518464,-0.00094616
317.50652939,0.00319171
317.71789035,0.00676768
317.92926754,-0.00487302
318.14066094,0.01641905
318.35207055,0.00686291
318.56349636,0.00229295
318.77493838,-0.00006162
318.98639660,0.00066184
319.19787101,0.00863193
319.40936162,0.00413547
319.62086841,-0.00156793
319.83239138,0.00333089
320.04393053,0.00251919
320.25548585,0.00163421
320.46705735,-0.00378348
320.67864501,0.00393092
320.89024883,0.00684818
321.10186881,0.00417192
321.31350495,0.00093996
321.52515723,0.00057458
321.73682566,0.00626317
321.94851023,0.00183228
322.16021094,0.00517397
322.37192779,-0.00869768
322.58366076,-0.00689870
322.79540986,-0.00457327
323.00717508,0.00511507
323.21895642,0.00644597
323.43075387,-0.00270157
323.64256743,-0.00068318
323.85439710,0.00569264
324.06624286,0.00410634
324.27810473,0.00327939
324.48998269,0.00594108
324.70187673,0.00419394
324.91378686,0.00933423
325.12571308,-0.00212370
325.33765537,-0.00433874
325.54961373,-0.01065689
325.76158816,0.00940732
325.97357865,0.00170035
326.18558521,-0.00354960
326.39760782,-0.00483685
326.60964649,-0.00304502
326.82170120,-0.00053688
327.03377196,0.01059192
327.24585876,0.00352819
327.45796159,-0.00327174
327.67008046,0.00339679
327.88221536,-0.00688396
328.09436627,0.00339694
328.30653321,0.00911494
328.51871617,0.00480814
328.73091514,-0.00621110
328.94313011,-0.00228465
329.15536109,0.01127933
329.36760807,0.00598568
329.57987104,0.00944384
329.79215001,-0.00694938
330.00444496,0.00537102
330.21675590,0.00316247
330.42908281,0.00528348
330.64142570,0.00196373
330.85378457,0.00466176
331.06615940,0.00265078
331.27855019,-0.00583814
331.49095694,0.00505625
331.70337965,0.00709665
331.91581831,0.00809091
332.12827292,0.00331653
332.34074346,0.00047194
332.55322995,0.00459639
332.76573237,0.00516623
332.97825073,-0.00443441
333.19078501,-0.00034697
333.40333521,0.00872715
333.61590133,-0.00070519
333.82848337,-0.00101215
334.04108131,0.00436956
334.25369516,0.00417948
334.46632492,0.01464996
334.67897057,0.00001179
334.89163212,0.00642393
335.10430956,0.00602181
335.31700288,0.00211740
335.52971208,0.00955350
335.74243717,-0.00080738
335.95517813,0.00667251
336.16793495,0.00110813
336.38070765,-0.00221862
336.59349620,-0.00028868
336.80630061,0.00290682
337.01912088,-0.00090994
337.23195699,-0.00770325
337.44480895,-0.00237934
337.65767676,0.00972873
337.87056040,-0.00229879
338.08345987,-0.00208025
338.29637517,-0.00482922
338.50930630,0.00258542
338.72225325,0.00814247
338.93521602,-0.00221872
339.14819459,0.00058159
339.36118898,-0.00906321
339.57419918,0.00258525
339.78722517,-0.00308894
340.00026696,-0.00472701
340.21332454,-0.00406125
340.42639792,0.00844918
340.63948707,-0.00283313
340.85259201,0.00099866
341.06571272,0.00586854
341.27884921,0.00608046
341.49200146,-0.00058121
341.70516948,0.00044302
341.91835326,0.00230005
342.13155280,-0.00540691
342.34476809,-0.00371090
342.55799912,-0.00216768
342.77124590,0.00950250
342.98450842,0.01350932
343.19778668,0.00560535
343.41108066,-0.00463156
343.62439038,0.00121053
343.83771582,-0.00900426
344.05105698,0.00015026
344.26441385,-0.00836095
344.47778644,-0.00232830
344.69117473,-0.00504845
344.90457873,0.00428881
345.11799842,-0.00316215
345.33143382,-0.00450034
345.54488490,0.00811318
345.75835167,-0.00388573
345.97183412,0.00257790
346.18533225,0.00349948
346.39884606,0.00566394
346.61237554,0.00017944
346.82592069,-0.00093152
347.03948149,0.00515203
347.25305796,0.00610227
347.46665008,0.00104997
347.68025786,-0.00411288
347.89388127,0.00756435
348.10752034,0.00692838
348.32117504,-0.00385635
348.53484537,0.00981603
348.74853134,0.00036243
348.96223293,0.00488117
349.17595014,0.00206615
349.38968297,-0.00230617
349.60343142,0.00349910
349.81719548,0.00609494
350.03097514,0.00634364
350.24477040,0.00015761
350.45858126,0.00491065
350.67240772,0.00161978
350.88624977,0.00151022
351.10010740,0.00423783
351.31398061,0.00110104
351.52786940,0.00705986
351.74177377,0.00175940
351.95569370,-0.00273065
352.16962920,-0.00431749
352.38358026,0.01051889
352.59754688,-0.00591874
352.81152905,0.00294347
353.02552677,-0.00177255
353.23954004,0.01220797
353.45356884,0.00159809
353.66761319,0.00158378
353.88167307,0.01622956
354.09574847,0.00640227
354.30983940,0.00134948
354.52394585,0.00176598
354.73806782,0.00986786
354.95220530,0.00372582
355.16635829,0.00897604
355.38052679,-0.00139992
355.59471078,-0.00120257
355.80891027,0.00803983
356.02312526,0.00293589
356.23735573,0.00148092
356.45160169,0.00509360
356.66586312,0.00668713
356.88014004,0.04332846
357.09443242,0.00296550
357.30874027,-0.00069035
357.52306359,0.00415726
357.73740237,0.00587584
357.95175660,-0.00249725
358.16612628,0.00339653
358.38051142,-0.00129688
358.59491199,-0.00175792
358.80932801,0.00724281
359.02375946,0.00208066
359.23820634,0.00560506
359.45266865,0.00290697
359.66714638,-0.00077834
359.88163954,0.00407713
360.09614811,0.00355102
360.31067209,0.01350960
360.52521147,0.00497687
360.73976626,0.00678295
360.95433645,0.00805445
361.16892203,0.00454480
361.38352301,-0.00342538
361.59813937,0.00496909
361.81277111,0.00800327
362.02741824,-0.00175085
362.24208074,-0.00667225
362.45675860,0.00918065
362.67145184,0.00670200
362.88616044,0.00132758
363.10088439,-0.00322063
363.31562370,0.00227796
363.53037836,0.00371115
363.74514837,0.00137883
363.95993372,0.00121788
364.17473441,-0.00243774
364.38955043,0.00382797
364.60438178,0.00488142
364.81922846,0.00363090
365.03409046,0.01556401
365.24896778,0.00346302
365.46386041,-0.00078559
365.67876835,0.00308236
365.89369159,-0.00006911
366.10863014,0.00343355
366.32358399,0.00741866
366.53855313,0.00129832
366.75353756,-0.00026678
366.96853727,0.00148107
367.18355227,-0.00164117
367.39858254,-0.00764438
367.61362809,0.00671679
367.82868890,0.00712584
368.04376498,-0.00063933
368.25885632,0.00015781
368.47396292,0.00338959
368.68908477,0.00370382
368.90422187,0.00293625
369.11937422,0.00455231
369.33454180,0.00708232
369.54972463,0.00561252
369.76492268,0.01444553
369.98013597,-0.00236506
370.19536448,-0.00088092
370.41060820,0.00827384
370.62586715,0.01032127
370.84114131,-0.00335240
371.05643067,0.00085245
371.27173524,0.00871268
371.48705501,0.00289248
371.70238998,-0.00009843
371.91774014,0.01118425
372.13310548,0.00310468
372.34848602,0.00420864
372.56388173,0.00621204
372.77929261,0.00164917
372.99471867,0.00047920
373.21015989,0.00625609
373.42561628,0.00088878
373.64108783,0.00907842
373.85657454,-0.00473436
374.07207639,0.00151047
374.28759340,-0.00254069
374.50312554,0.01378744
374.71867283,0.00535655
374.93423525,0.00725040
375.14981280,0.00183201
375.36540548,0.00404062
375.58101328,-0.00132663
375.79663621,0.00238048
376.01227424,0.00360211
376.22792739,0.01100148
376.44359564,0.01468647
376.65927900,0.00211026
376.87497746,0.00001121
377.09069101,0.00802534
377.30641965,0.00034048
377.52216337,0.00089602
377.73792218,-0.00211623
377.95369607,0.00601430
378.16948503,0.00684821
378.38528907,0.00306084
378.60110817,0.00916620
378.81694233,0.00161258
379.03279155,0.00793748
379.24865582,0.00929802
379.46453514,0.00474257
379.68042951,-0.00465341
379.89633893,0.00132032
380.11226337,0.00174431
380.32820286,0.00429626
380.54415737,0.00353562
380.76012691,0.00352137
380.97611147,0.00272437
381.19211105,0.00249754
381.40812564,0.00476435
381.62415524,0.00192688
381.84019984,0.00756478
382.05625945,0.00191991
382.27233405,0.00099120
382.48842365,0.00659956
382.70452824,0.00146683
382.92064781,0.00638004
383.13678236,0.00507848
383.35293189,0.00499084
383.56909639,-0.00006191
383.78527586,0.00219008
384.00147030,0.00733094
384.21767970,0.00864698
384.43390405,0.00284843
384.65014336,0.01195954
384.86639761,0.00521032
385.08266681,0.00804001
385.29895095,0.00527624
385.51525002,0.00439106
385.73156403,0.00877126
385.94789297,0.00041419
386.16423683,0.00913704
386.38059561,0.00585345
386.59696931,0.01081136
386.81335791,0.00431126
387.02976143,0.00840559
387.24617985,0.00407708
387.46261317,0.00596314
387.67906139,0.01016787
387.89552449,-0.00059545
388.11200249,0.00411357
388.32849537,0.00072799
388.54500313,0.00094743
388.76152576,0.00771113
388.97806327,-0.00272333
389.19461564,0.00748404
389.41118288,0.01399924
389.62776497,0.00361652
389.84436192,0.00477850
390.06097372,0.00529061
390.27760037,-0.00186735
390.49424186,-0.00218961
390.71089819,0.00143037
390.92756936,0.00371855
391.14425536,0.01002148
391.36095618,0.00378442
391.57767182,0.00049402
391.79440229,0.01647109
392.01114757,-0.00518767
392.22790766,-0.00477777
392.44468255,0.00540776
392.66147225,0.00459569
392.87827675,0.00309709
393.09509604,0.01021198
393.31193012,0.00216112
393.52877899,0.00595591
393.74564264,0.00046485
393.96252107,-0.00491668
394.17941427,0.00581738
394.39632224,-0.00469031
394.61324498,0.00939273
394.83018248,0.00162002
395.04713474,0.00415009
395.26410175,0.00361628
395.48108351,0.00330202
395.69808001,0.00197094
395.91509126,0.00688474
396.13211725,0.00779138
396.34915796,0.00657023
396.56621341,0.00428191
396.78328359,0.01032859
397.00036848,0.00451541
397.21746809,0.00235156
397.43458242,0.00243131
397.65171145,0.00473473
397.86885519,0.00104967
398.08601363,0.01573221
398.30318677,0.00350624
398.52037460,0.00163464
398.73757711,0.00651906
398.95479432,0.00691385
399.17202620,0.00246093
399.38927276,0.00560498
399.60653400,0.00799643
399.82380990,0.00722084
400.04110046,0.00070573
400.25840569,0.00343365
400.47572557,0.00080825
400.69306011,0.00979498
400.91040929,0.01168120
401.12777312,0.00580980
401.34515158,0.00616806
401.56254469,0.00912957
401.77995242,0.00209520
401.99737478,0.01441573
402.21481177,0.00550259
402.43226338,0.00096911
402.64972960,0.00375562
402.86721043,0.00842026
403.08470588,0.00757196
403.30221592,0.00618269
403.51974057,0.00327958
403.73727981,0.00423794
403.95483364,0.00092526
404.17240206,0.00322847
404.38998506,0.00140818
404.60758264,0.00625562
404.82519479,0.00754263
405.04282152,0.00336054
405.26046282,0.01358241
405.47811867,0.00684813
405.69578909,0.01114053
405.91347406,0.01211320
406.13117358,0.00687754
406.34888765,0.00346294
406.56661626,0.00121054
406.78435941,0.00716272
407.00211710,0.00475727
407.21988931,0.00858077
407.43767605,0.01049723
407.65547732,0.00202204
407.87329310,0.00314079
408.09112340,0.01276389
408.30896820,0.00636571
408.52682751,0.01070907
408.74470133,0.00518101
408.96258964,0.00896154
409.18049245,0.01132293
409.39840974,0.00893243
409.61634153,0.00759391
409.83428779,0.00828889
410.05224853,0.00906383
410.27022375,0.00404028
410.48821343,0.01649297
410.70621758,0.00640247
410.92423620,0.00140825
411.14226927,0.01184213
411.36031679,0.00732341
411.57837876,0.01081132
411.79645518,0.00870515
412.01454604,0.00499827
412.23265133,0.01299714
412.45077106,0.01511770
412.66890522,0.00999966
412.88705380,0.01149152
413.10521681,0.00689176
413.32339423,0.01056989
413.54158606,0.00591949
413.75979230,0.01557129
413.97801295,0.01059178
414.19624800,0.00980234
414.41449744,0.00707492
414.63276128,0.00915142
414.85103950,0.01021938
415.06933211,0.01239041
415.28763910,0.01444524
415.50596047,0.01295382
415.72429620,0.00986812
415.94264631,0.01111105
416.16101078,0.01533014
416.37938961,0.00684774
416.59778280,0.00600725
416.81619033,0.01579064
417.03461222,0.01359745
417.25304845,0.00597818
417.47149902,0.00622652
417.68996392,0.00854448
417.90844316,0.01032133
418.12693673,0.00549523
418.34544461,0.01200998
418.56396682,0.00679699
418.78250334,0.00681180
419.00105418,0.00755020
419.21961932,0.02512100
419.43819876,0.01306387
419.65679251,0.01105238
419.87540054,0.01288784
420.09402287,0.01573997
420.31265949,0.00566344
420.53131039,0.01549827
420.74997557,0.00718494
420.96865502,0.01684385
421.18734874,0.01082556
421.40605674,0.00669444
421.62477899,0.01546902
421.84351550,0.01750178
422.06226627,0.00826645
422.28103128,0.00276832
422.49981055,0.01220763
422.71860405,0.00757884
422.93741179,0.00656322
423.15623377,0.01396238
423.37506998,0.00850076
423.59392041,0.00466913
423.81278507,0.01321663
424.03166394,0.02096768
424.25055703,0.01060669
424.46946433,0.00480785
424.68838583,0.01415983
424.90732154,0.01456978
425.12627144,0.02197671
425.34523554,0.00948824
425.56421382,0.01350918
425.78320629,0.00999170
426.00221295,0.01174772
426.22123378,0.00546620
426.44026878,0.00945163
426.65931795,0.01927124
426.87838129,0.00993347
427.09745879,0.01894229
427.31655045,0.00733087
427.53565626,0.01309996
427.75477621,0.01076016
427.97391032,0.00791566
428.19305856,0.01121332
428.41222094,0.00639480
428.63139746,0.00825219
428.85058810,0.00832509
429.06979287,-0.00125364
429.28901175,0.01593697
429.50824476,0.01864264
429.72749187,0.01010936
429.94675310,0.00884450
430.16602843,0.01271982
430.38531786,0.01484019
430.60462138,0.00651901
430.82393900,0.01380955
431.04327071,0.01280751
431.26261649,0.01519894
431.48197636,0.00678210
431.70135031,0.01455490
431.92073833,0.01695341
432.14014041,0.01301943
432.35955656,0.01239105
432.57898677,0.00923922
432.79843103,0.01127911
433.01788935,0.01590029
433.23736171,0.01680009
433.45684812,0.01272720
433.67634857,0.01551279
433.89586305,0.01368483
434.11539156,0.02013430
434.33493410,0.01620751
434.55449066,0.01755265
434.77406125,0.01516952
434.99364584,0.01051840
435.21324445,0.00880769
435.43285707,0.00746220
435.65248368,0.01295355
435.87212430,0.01531609
436.09177891,0.02060194
436.31144752,0.02508463
436.53113010,0.02480691
436.75082668,0.02051402
436.97053723,0.01438691
437.19026175,0.01501560
437.41000024,0.00729403
437.62975270,0.01622203
437.84951913,0.01418263
438.06929951,0.00926119
438.28909385,0.00929748
438.50890213,0.00473516
438.72872436,0.02632012
438.94856054,0.01746503
439.16841065,0.01542533
439.38827469,0.01946907
439.60815267,0.01263918
439.82804457,0.01916128
440.04795039,0.01280028
440.26787013,0.01579082
440.48780379,0.01870825
440.70775135,0.01981272
440.92771282,0.01949066
441.14768819,0.02017841
441.36767746,0.02380520
441.58768062,0.01553513
441.80769767,0.01619989
442.02772860,0.01911779
442.24777342,0.02307332
442.46783211,0.01353118
442.68790468,0.01236909
442.90799111,0.02067499
443.12809141,0.01853996
443.34820557,0.02275895
443.56833359,0.01987823
443.78847546,0.02061708
444.00863118,0.02229074
444.22880074,0.01935919
444.44898415,0.02570589
444.66918139,0.01738486
444.88939246,0.02252465
445.10961736,0.01974657
445.32985609,0.02183065
445.55010863,0.01654391
445.77037499,0.02295680
445.99065517,0.01928620
446.21094915,0.02381955
446.43125693,0.02439669
446.65157852,0.02114301
446.87191390,0.02546473
447.09226307,0.02469702
447.31262604,0.02577166
447.53300278,0.01995858
447.75339331,0.01222967
447.97379760,0.02185967
448.19421568,0.02468241
448.41464752,0.01935920
448.63509312,0.01800639
448.85555248,0.02245223
449.07602560,0.02177234
449.29651246,0.02312466
449.51701308,0.02721941
449.73752744,0.01863485
449.95805553,0.02273760
450.17859737,0.02204315
450.39915293,0.02633456
450.61972222,0.02175748
450.84030523,0.02222516
451.06090197,0.02359294
451.28151241,0.01913969
451.50213657,0.02304430
451.72277443,0.01988534
451.94342600,0.02281795
452.16409126,0.01309986
452.38477022,0.02777562
452.60546287,0.01336293
452.82616921,0.02456515
453.04688922,0.02887261
453.26762292,0.02599892
453.48837029,0.01372904
453.70913133,0.00784264
453.92990604,0.02355611
454.15069440,0.02088014
454.37149643,0.02003171
454.59231211,0.02124555
454.81314144,0.02117969
455.03398441,0.01742124
455.25484103,0.01255216
455.47571128,0.02318328
455.69659517,0.01863497
455.91749269,0.01423337
456.13840383,0.02212254
456.35932859,0.02494516
456.58026698,0.02036835
456.80121897,0.01616377
457.02218457,0.02737321
457.24316378,0.01525694
457.46415659,0.02158173
457.68516300,0.01904510
457.90618300,0.01496439
458.12721659,0.02936192
458.34826376,0.01640530
458.56932451,0.02101163
458.79039884,0.01851109
459.01148675,0.02434646
459.23258822,0.02279594
459.45370325,0.02275900
459.67483185,0.02673694
459.89597400,0.02728537
460.11712971,0.02259110
460.33829896,0.01894221
460.55948176,0.01558566
460.78067810,0.01560776
461.00188797,0.02349034
461.22311138,0.01878838
461.44434831,0.01814500
461.66559877,0.02859407
461.88686275,0.01697487
462.10814024,0.01550545
462.32943125,0.03214814
462.55073576,0.02517922
462.77205378,0.01913964
462.99338530,0.02179391
463.21473031,0.01579056
463.43608881,0.01934463
463.65746080,0.02312450
463.87884628,0.02135483
464.10024523,0.01703372
464.32165766,0.03369055
464.54308356,0.02529639
464.76452293,0.02423613
464.98597576,0.02742399
465.20744205,0.02393662
465.42892179,0.01728247
465.65041498,0.01986361
465.87192163,0.02688289
466.09344171,0.02383341
466.31497523,0.03325955
466.53652219,0.02916407
466.75808258,0.02977892
466.97965639,0.02909873
467.20124363,0.02550095
467.42284429,0.02995425
467.64445836,0.02158177
467.86608584,0.02266420
468.08772672,0.02645896
468.30938101,0.03264506
468.53104870,0.03622795
468.75272978,0.03747872
468.97442425,0.02930340
469.19613211,0.01952734
469.41785334,0.03135098
469.63958796,0.02632002
469.86133595,0.03742722
470.08309731,0.03561374
470.30487204,0.02874784
470.52666012,0.02938408
470.74846157,0.03517430
470.97027636,0.03397566
471.19210451,0.03235975
471.41394600,0.03507969
471.63580084,0.03235284
471.85766901,0.02470398
472.07955051,0.04121443
472.30144535,0.03527021
472.52335351,0.03376362
472.74527499,0.03505830
472.96720978,0.03048809
473.18915789,0.03297460
473.41111931,0.03831909
473.63309403,0.04177045
473.85508206,0.03671799
474.07708338,0.03712736
474.29909799,0.04178484
474.52112589,0.03403449
474.74316707,0.04316728
474.96522154,0.04440993
475.18728928,0.03704763
475.40937030,0.04172631
475.63146458,0.03766764
475.85357213,0.03473639
476.07569294,0.03828989
476.29782700,0.03265226
476.51997431,0.03872176
476.74213488,0.03827524
476.96430868,0.04466614
477.18649573,0.04079835
477.40869601,0.03589920
477.63090953,0.03556994
477.85313627,0.03801910
478.07537624,0.03760222
478.29762942,0.03484634
478.51989582,0.05035501
478.74217543,0.03406319
478.96446825,0.04131745
479.18677427,0.04487063
479.40909350,0.04856356
479.63142591,0.04112683
479.85377152,0.04364976
480.07613032,0.04066695
480.29850229,0.04076083
480.52088745,0.03832667
480.74328578,0.04851197
480.96569729,0.04403734
481.18812196,0.03950390
481.41055979,0.03965016
481.63301078,0.04150045
481.85547492,0.03603018
482.07795222,0.03788740
482.30044266,0.04136101
482.52294625,0.04217971
482.74546297,0.04089317
482.96799283,0.03975258
483.19053581,0.03841430
483.41309193,0.04009616
483.63566116,0.03987648
483.85824352,0.04971114
484.08083899,0.04367852
484.30344756,0.04149993
484.52606925,0.03798304
484.74870403,0.04895883
484.97135192,0.04053493
485.19401289,0.03773463
485.41668696,0.04519943
485.63937411,0.03474336
485.86207435,0.03793135
486.08478766,0.04402954
486.30751404,0.03712004
486.53025350,0.03720794
486.75300601,0.03416601
486.97577160,0.04071035
487.19855023,0.03245454
487.42134192,0.04239966
487.64414666,0.03865525
487.86696445,0.04257486
488.08979527,0.04276515
488.31263914,0.04452728
488.53549603,0.03741240
488.75836596,0.03755877
488.98124891,0.03513897
489.20414487,0.03785874
489.42705386,0.03975966
489.64997586,0.03895555
489.87291087,0.04416144
490.09585888,0.03889697
490.31881989,0.04457143
490.54179390,0.05716220
490.76478090,0.04102456
490.98778089,0.03450966
491.21079386,0.04081325
491.43381981,0.04356939
491.65685874,0.04454880
491.87991064,0.03812932
492.10297551,0.04217262
492.32605334,0.04657441
492.54914413,0.04422758
492.77224788,0.03722948
492.99536458,0.03116037
493.21849423,0.04139057
493.44163682,0.04838076
493.66479235,0.03751489
493.88796081,0.04478344
494.11114221,0.04418361
494.33433654,0.03649179
494.55754378,0.05076431
494.78076395,0.05012136
495.00399703,0.04294046
495.22724302,0.04976260
495.45050192,0.04470981
495.67377373,0.04201155
495.89705843,0.04630395
496.12035602,0.04930965
496.34366651,0.04122981
496.56698988,0.04816899
496.79032614,0.03883064
497.01367528,0.03625716
497.23703729,0.04795701
497.46041217,0.05180275
497.68379991,0.05489579
497.90720052,0.05083045
498.13061399,0.05455927
498.35404031,0.04637010
498.57747948,0.04729848
498.80093150,0.04824914
499.02439636,0.05274597
499.24787406,0.04990124
499.47136459,0.05148052
499.69486795,0.04796406
499.91838414,0.05248269
500.14191314,0.04747357
500.36545497,0.05121758
500.58900961,0.04277211
500.81257706,0.05689902
501.03615732,0.06166638
501.25975037,0.05654127
501.48335623,0.05913655
501.70697488,0.05825941
501.93060631,0.05212459
502.15425054,0.06063572
502.37790754,0.05847131
502.60157732,0.05370351
502.82525987,0.05303144
503.04895520,0.05717703
503.27266328,0.05616062
503.49638413,0.05899052
503.72011774,0.05726498
503.94386410,0.05728717
504.16762320,0.05348477
504.39139505,0.06023344
504.61517965,0.06056222
504.83897697,0.06295324
505.06278703,0.05513673
505.28660982,0.06788979
505.51044534,0.06382265
505.73429357,0.06201733
505.95815452,0.06359706
506.18202818,0.07044081
506.40591456,0.07389262
506.62981363,0.06375107
506.85372540,0.06638323
507.07764988,0.06445278
507.30158704,0.06095003
507.52553689,0.06001420
507.74949942,0.06919770
507.97347464,0.07007554
508.19746253,0.06975330
508.42146309,0.06745788
508.64547632,0.06230328
508.86950221,0.06984808
509.09354076,0.06688042
509.31759197,0.07153789
509.54165582,0.07512773
509.76573233,0.07270090
509.98982148,0.07344625
510.21392326,0.07283229
510.43803769,0.06494260
510.66216474,0.07759210
510.88630442,0.07867521
511.11045673,0.07916446
511.33462165,0.06386780
511.55879919,0.07131141
511.78298933,0.07353425
512.00719209,0.08037767
512.23140744,0.07140602
512.45563540,0.07795042
512.67987595,0.07357805
512.90412909,0.06881034
513.12839482,0.07702999
513.35267313,0.08129975
513.57696401,0.07346056
513.80126748,0.07623922
514.02558351,0.07813334
514.24991211,0.08484612
514.47425327,0.08073681
514.69860698,0.07315361
514.92297325,0.08436331
515.14735208,0.08271075
515.37174344,0.07850623
515.59614735,0.08624261
515.82056380,0.07340338
516.04499278,0.07351935
516.26943429,0.08273299
516.49388832,0.08375634
516.71835488,0.08249866
516.94283395,0.08378524
517.16732554,0.07946399
517.39182964,0.07308797
517.61634624,0.08136545
517.84087534,0.09115651
518.06541694,0.08053904
518.28997104,0.08312749
518.51453762,0.08692984
518.73911668,0.08586193
518.96370823,0.08907241
519.18831226,0.08290120
519.41292875,0.08865568
519.63755772,0.07826509
519.86219915,0.08890423
520.08685304,0.08292324
520.31151939,0.08641784
520.53619819,0.07879245
520.76088944,0.07116484
520.98559313,0.08526183
521.21030926,0.07926647
521.43503783,0.08769761
521.65977883,0.08395396
521.88453226,0.07396562
522.10929811,0.07985152
522.33407639,0.08455316
522.55886708,0.07832389
522.78367018,0.08746321
523.00848568,0.08454606
523.23331360,0.08004156
523.45815391,0.08179626
523.68300662,0.08524097
523.90787172,0.08391787
524.13274920,0.07513527
524.35763907,0.08578208
524.58254132,0.08480175
524.80745595,0.07792185
525.03238294,0.08178242
525.25732230,0.08225724
525.48227403,0.08359586
525.70723812,0.08360327
525.93221456,0.08578891
526.15720335,0.09014038
526.38220449,0.08409269
526.60721797,0.08692239
526.83224379,0.08996409
527.05728194,0.08279059
527.28233243,0.07832326
527.50739524,0.07613018
527.73247037,0.08356649
527.95755782,0.07612222
528.18265759,0.07947904
528.40776967,0.08705468
528.63289405,0.07938351
528.85803074,0.08165786
529.08317972,0.08412957
529.30834100,0.09022033
529.53351457,0.07455035
529.75870043,0.08446543
529.98389856,0.08701761
530.20910898,0.08283489
530.43433166,0.08094775
530.65956662,0.08189191
530.88481385,0.08261564
531.11007333,0.08395429
531.33534507,0.07942754
531.56062907,0.08497031
531.78592532,0.08550354
532.01123381,0.08970086
532.23655454,0.07965409
532.46188751,0.08091922
532.68723271,0.08293782
532.91259015,0.08297431
533.13795980,0.08493336
533.36334168,0.09022769
533.58873578,0.08815004
533.81414209,0.08018046
534.03956060,0.08449523
534.26499133,0.08576719
534.49043425,0.08387355
534.71588937,0.08755085
534.94135668,0.08886021
535.16683618,0.09574084
535.39232787,0.10035522
535.61783174,0.08938673
535.84334778,0.08234487
536.06887599,0.08314917
536.29441638,0.08714941
536.51996892,0.08522554
536.74553363,0.09008185
536.97111050,0.07853603
537.19669951,0.09662536
537.42230068,0.08824654
537.64791398,0.08806362
537.87353943,0.08326667
538.09917702,0.09245742
538.32482673,0.08487522
538.55048857,0.09413220
538.77616254,0.09193106
539.00184863,0.09225280
539.22754683,0.08987648
539.45325714,0.08899115
539.67897956,0.09734974
539.90471409,0.09332869
540.13046071,0.09252357
540.35621943,0.09738618
540.58199024,0.09508302
540.80777314,0.09726883
541.03356812,0.09807347
541.25937518,0.09811825
541.48519431,0.10476356
541.71102552,0.10136329
541.93686879,0.09566003
542.16272412,0.10653298
542.38859152,0.09969687
542.61447097,0.10398889
542.84036246,0.10306706
543.06626601,0.10249812
543.29218160,0.10622646
543.51810922,0.10569964
543.74404888,0.09804414
543.97000058,0.11236790
544.19596429,0.10735165
544.42194003,0.10607236
544.64792779,0.10953894
544.87392756,0.11228072
545.09993934,0.11440845
545.32596313,0.11712111
545.55199892,0.11181960
545.77804671,0.11288724
546.00410649,0.12101093
546.23017826,0.12338071
546.45626202,0.11971659
546.68235775,0.11503020
546.90846547,0.11584827
547.13458516,0.10884336
547.36071682,0.11962262
547.58686044,0.11138829
547.81301603,0.12623156
548.03918357,0.12376714
548.26536307,0.12418433
548.49155451,0.12371741
548.71775790,0.12897415
548.94397323,0.12754060
549.17020050,0.12954343
549.39643970,0.12425060
549.62269083,0.12367304
549.84895388,0.12303626
550.07522886,0.13270992
550.30151575,0.12504747
550.52781456,0.12781847
550.75412527,0.13726584
550.98044789,0.13829748
551.20678240,0.12824324
551.43312882,0.14405089
551.65948713,0.13505862
551.88585732,0.13703224
552.11223940,0.13498528
552.33863336,0.14259674
552.56503919,0.13677625
552.79145690,0.13833362
553.01788648,0.14286667
553.24432792,0.14735705
553.47078122,0.15138587
553.69724637,0.14392701
553.92372338,0.15057335
554.15021223,0.14304242
554.37671293,0.14534524
554.60322547,0.14914769
554.82974984,0.15468361
555.05628604,0.15245187
555.28283408,0.14702790
555.50939393,0.15295046
555.73596561,0.15315472
555.96254909,0.15210918
556.18914440,0.15721319
556.41575150,0.15554578
556.64237041,0.15338183
556.86900112,0.16209747
557.09564363,0.15482191
557.32229792,0.15347593
557.54896401,0.15853605
557.77564187,0.15492396
558.00233152,0.14993799
558.22903293,0.15278243
558.45574612,0.16139518
558.68247108,0.15792310
558.90920780,0.15278211
559.13595627,0.17019195
559.36271650,0.15346901
559.58948848,0.17130395
559.81627221,0.15871207
560.04306768,0.16732583
560.26987489,0.15780528
560.49669383,0.16265343
560.72352450,0.17464450
560.95036690,0.16599467
561.17722102,0.16262403
561.40408685,0.16620032
561.63096440,0.15961854
561.85785366,0.17058701
562.08475463,0.15520903
562.31166730,0.16682952
562.53859166,0.16757446
562.76552772,0.16176157
562.99247547,0.16413025
563.21943490,0.17621780
563.44640601,0.17223240
563.67338881,0.16191443
563.90038327,0.16862076
564.12738940,0.15080720
564.35440720,0.16046694
564.58143666,0.16756723
564.80847778,0.16871496
565.03553055,0.16174668
565.26259497,0.16367640
565.48967103,0.16369929
565.71675873,0.16297483
565.94385807,0.16158539
566.17096905,0.16301918
566.39809165,0.16429160
566.62522587,0.15866883
566.85237172,0.15763685
567.07952918,0.17474703
567.30669826,0.15896095
567.53387894,0.16106681
567.76107123,0.15909942
567.98827512,0.16154860
568.21549060,0.16713624
568.44271767,0.16461317
568.66995634,0.16094251
568.89720658,0.16277784
569.12446841,0.15534852
569.35174181,0.15407685
569.57902679,0.15749105
569.80632333,0.16109623
570.03363143,0.15390902
570.26095110,0.16424656
570.48828232,0.15656311
570.71562509,0.16164455
570.94297941,0.16146823
571.17034527,0.17403827
571.39772267,0.16168853
571.62511161,0.15936388
571.85251208,0.15015817
572.07992407,0.16641147
572.30734759,0.15980907
572.53478263,0.15501261
572.76222918,0.15771093
572.98968724,0.15234320
573.21715681,0.17225421
573.44463788,0.16127883
573.67213045,0.16310599
573.89963452,0.14878238
574.12715007,0.16276381
574.35467712,0.16259486
574.58221564,0.16068689
574.80976564,0.15330891
575.03732712,0.15679553
575.26490007,0.15917298
575.49248448,0.14977019
575.72008036,0.15683980
575.94768769,0.15818498
576.17530648,0.15752814
576.40293671,0.15413559
576.63057840,0.15050062
576.85823152,0.15306026
577.08589608,0.15737494
577.31357208,0.15929701
577.54125951,0.15784209
577.76895836,0.15163418
577.99666863,0.15113681
578.22439032,0.15941459
578.45212343,0.16064266
578.67986794,0.16865630
578.90762386,0.15439068
579.13539118,0.15744716
579.36316989,0.15155407
579.59096000,0.15362310
579.81876150,0.16109643
580.04657439,0.16493426
580.27439865,0.15679632
580.50223429,0.16063522
580.73008131,0.15915752
580.95793969,0.16407169
581.18580944,0.15209522
581.41369055,0.15792919
581.64158301,0.15581634
581.86948683,0.16203226
582.09740200,0.16226582
582.32532851,0.15934787
582.55326636,0.16434289
582.78121555,0.15965523
583.00917606,0.17095969
583.23714791,0.16852490
583.46513108,0.17277343
583.69312558,0.16684268
583.92113138,0.16601081
584.14914850,0.16518318
584.37717693,0.16379382
584.60521666,0.17159622
584.83326769,0.16813055
585.06133002,0.17100394
585.28940364,0.17122327
585.51748854,0.17498879
585.74558473,0.16445130
585.97369220,0.16460523
586.20181094,0.17015505
586.42994096,0.16775721
586.65808224,0.17326337
586.88623479,0.16867120
587.11439859,0.17139090
587.34257365,0.16755947
587.57075997,0.17099565
587.79895752,0.17512791
588.02716633,0.18054499
588.25538637,0.18273241
588.48361764,0.18497663
588.71186015,0.18467773
588.94011388,0.17911936
589.16837883,0.18162046
589.39665501,0.17734350
589.62494239,0.18426838
589.85324099,0.19138174
590.08155080,0.19326850
590.30987180,0.19393500
590.53820401,0.20042707
590.76654741,0.19039502
590.99490200,0.19405076
591.22326778,0.19661087
591.45164473,0.19219372
591.68003287,0.18651973
591.90843218,0.19321050
592.13684266,0.20044092
592.36526431,0.20516630
592.59369711,0.19766452
592.82214108,0.21097220
593.05059620,0.19715088
593.27906246,0.20225478
593.50753988,0.21051025
593.73602843,0.20769559
593.96452813,0.20783453
594.19303895,0.21085448
594.42156091,0.21057011
594.65009399,0.21048060
594.87863819,0.21166600
595.10719351,0.21167300
595.33575994,0.20809777
595.56433748,0.21150543
595.79292613,0.21281428
596.02152587,0.20820786
596.25013672,0.20600624
596.47875865,0.21946138
596.70739168,0.21777129
596.93603579,0.22512736
597.16469098,0.22059416
597.39335724,0.23295090
597.62203458,0.22485693
597.85072299,0.22384828
598.07942246,0.22789141
598.30813299,0.22721871
598.53685458,0.22112059
598.76558722,0.23182474
598.99433091,0.23666717
599.22308564,0.22797874
599.45185141,0.22974888
599.68062822,0.24342146
599.90941606,0.23078695
600.13821493,0.23406996
600.36702482,0.23261502
600.59584573,0.24300576
600.82467766,0.24178373
601.05352060,0.23756417
601.28237455,0.23469133
601.51123949,0.23728772
601.74011544,0.24948263
601.96900239,0.23982536
602.19790032,0.24681509
602.42680925,0.24261829
602.65572915,0.24813139
602.88466004,0.25164858
603.11360190,0.23795192
603.34255473,0.23833952
603.57151853,0.26056921
603.80049329,0.25412715
604.02947901,0.25190458
604.25847568,0.25934019
604.48748331,0.25154512
604.71650188,0.25606570
604.94553140,0.25583065
605.17457185,0.26644773
605.40362324,0.25849311
605.63268555,0.25472002
605.86175880,0.26494168
606.09084296,0.26438531
606.31993805,0.26223585
606.54904405,0.25514370
606.77816096,0.26238943
607.00728877,0.27289032
607.23642749,0.26663160
607.46557710,0.26932898
607.69473761,0.27287494
607.92390901,0.27013397
608.15309130,0.26788778
608.38228446,0.26549126
608.61148851,0.26880218
608.84070342,0.26845852
609.06992921,0.27304334
609.29916586,0.27599807
609.52841338,0.26605965
609.75767175,0.27029318
609.98694097,0.27774423
610.21622105,0.27648777
610.44551196,0.27209991
610.67481372,0.27427167
610.90412632,0.28130587
611.13344975,0.28427482
611.36278401,0.27664758
611.59212909,0.27329864
611.82148500,0.29120098
612.05085172,0.27650854
612.28022925,0.27447666
612.50961760,0.28612539
612.73901674,0.27917096
612.96842669,0.28741787
613.19784743,0.26808632
613.42727897,0.27633382
613.65672130,0.29420486
613.88617441,0.28103539
614.11563829,0.27605619
614.34511296,0.27983626
614.57459840,0.28267227
614.80409460,0.27394313
615.03360157,0.27994585
615.26311930,0.28348402
615.49264779,0.28441432
615.72218703,0.28356540
615.95173701,0.28368290
616.18129774,0.28120461
616.41086921,0.28180314
616.64045141,0.27967575
616.87004435,0.27665501
617.09964801,0.27440312
617.32926240,0.28054617
617.55888750,0.28490315
617.78852332,0.28522592
618.01816986,0.28908664
618.24782710,0.28510878
618.47749504,0.27367964
618.70717368,0.28418695
618.93686302,0.27600595
619.16656305,0.28115333
619.39627376,0.28954629
619.62599516,0.28224266
619.85572723,0.28692876
620.08546998,0.28001825
620.31522341,0.27051321
620.54498749,0.27901699
620.77476224,0.28643205
621.00454765,0.28316308
621.23434372,0.27742325
621.46415043,0.27924402
621.69396779,0.27383271
621.92379579,0.27911852
622.15363443,0.27760591
622.38348371,0.27969014
622.61334361,0.27046171
622.84321414,0.27773028
623.07309530,0.26873597
623.30298707,0.26553479
623.53288945,0.26162888
623.76280244,0.27057871
623.99272604,0.26588483
624.22266024,0.27334332
624.45260504,0.27277322
624.68256044,0.27264054
624.91252642,0.27222370
625.14250299,0.26657235
625.37249013,0.27710117
625.60248786,0.27936134
625.83249616,0.26364724
626.06251503,0.27086409
626.29254446,0.28755819
626.52258446,0.27427852
626.75263501,0.26958412
626.98269611,0.26702593
627.21276777,0.26452466
627.44284996,0.25919403
627.67294270,0.26965118
627.90304598,0.26979667
628.13315979,0.27209237
628.36328412,0.26399859
628.59341899,0.27262662
628.82356437,0.26670451
629.05372027,0.27173410
629.28388668,0.26840010
629.51406360,0.26723726
629.74425102,0.27186230
629.97444894,0.27746796
630.20465736,0.27023874
630.43487627,0.26973021
630.66510567,0.26323095
630.89534556,0.27290152
631.12559592,0.25863225
631.35585676,0.26978863
631.58612807,0.26307448
631.81640985,0.26956072
632.04670209,0.26034355
632.27700479,0.25574332
632.50731795,0.25162169
632.73764156,0.26830897
632.96797562,0.26273198
633.19832012,0.25258982
633.42867505,0.26718419
633.65904043,0.25236410
633.88941623,0.25772156
634.11980247,0.24136269
634.35019912,0.23446558
634.58060620,0.24448647
634.81102369,0.24208372
635.04145159,0.23812392
635.27188989,0.23050576
635.50233860,0.23748104
635.73279771,0.23681065
635.96326722,0.23275323
636.19374711,0.24047161
636.42423739,0.24162452
636.65473805,0.24344663
636.88524909,0.23929382
637.11577051,0.23417451
637.34630230,0.24598358
637.57684445,0.25691993
637.80739696,0.25327750
638.03795984,0.26917486
638.26853306,0.26002397
638.49911664,0.25630843
638.72971056,0.25245012
638.96031483,0.25181445
639.19092943,0.24428817
639.42155436,0.24942119
639.65218963,0.23862373
639.88283522,0.25044128
640.11349113,0.24066278
640.34415737,0.23807839
640.57483391,0.25112006
640.80552076,0.24042279
641.03621792,0.24366290
641.26692538,0.23953554
641.49764314,0.24826194
641.72837119,0.23997936
641.95910953,0.24093187
642.18985815,0.24865700
642.42061706,0.24473559
642.65138624,0.24027621
642.88216570,0.24271659
643.11295542,0.24050398
643.34375541,0.24771892
643.57456566,0.24080564
643.80538617,0.25623352
644.03621693,0.24396471
644.26705794,0.24201909
644.49790919,0.25800869
644.72877068,0.24491615
644.95964241,0.25091467
645.19052437,0.25391986
645.42141656,0.26533121
645.65231897,0.25528200
645.88323161,0.25830596
646.11415446,0.25422258
646.34508752,0.26100218
646.57603079,0.25282206
646.80698426,0.25602520
647.03794794,0.24862943
647.26892181,0.26271149
647.49990587,0.26134384
647.73090011,0.25882846
647.96190455,0.26798317
648.19291916,0.26456194
648.42394395,0.27227542
648.65497890,0.26735389
648.88602403,0.26097038
649.11707932,0.26271827
649.34814477,0.27448340
649.57922037,0.26481040
649.81030613,0.27321760
650.04140203,0.27945579
650.27250807,0.27486480
650.50362426,0.27386220
650.73475058,0.27188881
650.96588703,0.27289629
651.19703360,0.27858647
651.42819030,0.28422409
651.65935712,0.28290803
651.89053405,0.28322210
652.12172110,0.28409262
652.35291825,0.28913786
652.58412550,0.28665890
652.81534285,0.29007275
653.04657029,0.29006584
653.27780783,0.29176221
653.50905545,0.28578812
653.74031315,0.30147343
653.97158093,0.29372892
654.20285879,0.29514131
654.43414671,0.29892820
654.66544470,0.29554981
654.89675276,0.29785329
655.12807087,0.29113339
655.35939903,0.29871517
655.59073725,0.30049337
655.82208551,0.30803114
656.05344381,0.30964040
656.28481214,0.30822917
656.51619052,0.30915003
656.74757892,0.32002342
656.97897735,0.31154899
657.21038579,0.31898474
657.44180426,0.31677820
657.67323274,0.31701874
657.90467122,0.31518184
658.13611972,0.32107646
658.36757821,0.32225283
658.59904670,0.31408544
658.83052518,0.32041836
659.06201365,0.32108407
659.29351211,0.31592139
659.52502055,0.32675813
659.75653896,0.32585112
659.98806735,0.32856246
660.21960570,0.32013990
660.45115402,0.33615280
660.68271230,0.33108733
660.91428054,0.33385013
661.14585873,0.33608839
661.37744686,0.34696843
661.60904494,0.34027027
661.84065296,0.33650410
662.07227092,0.33635740
662.30389881,0.34943905
662.53553663,0.33676808
662.76718437,0.34088479
662.99884203,0.35267847
663.23050960,0.34589336
663.46218709,0.35511464
663.69387449,0.35060842
663.92557178,0.35288347
664.15727898,0.35376079
664.38899608,0.34954906
664.62072306,0.34707787
664.85245993,0.33956122
665.08420669,0.35518671
665.31596332,0.35895329
665.54772983,0.35815643
665.77950621,0.35624746
666.01129246,0.36041553
666.24308857,0.35786336
666.47489454,0.35986686
666.70671037,0.35663453
666.93853604,0.36440720
667.17037156,0.35741683
667.40221693,0.36232339
667.63407213,0.35863120
667.86593717,0.36856108
668.09781204,0.36282824
668.32969673,0.36700363
668.56159125,0.36194371
668.79349559,0.36555601
669.02540974,0.36196560
669.25733370,0.36717275
669.48926746,0.36303227
669.72121103,0.37216465
669.95316440,0.37282379
670.18512756,0.36391789
670.41710051,0.37329831
670.64908324,0.36663810
670.88107576,0.37556532
671.11307806,0.36089049
671.34509012,0.37393444
671.57711196,0.37555066
671.80914357,0.36755950
672.04118493,0.36905705
672.27323606,0.37100995
672.50529693,0.37290533
672.73736756,0.36490353
672.96944793,0.36567406
673.20153804,0.36699600
673.43363789,0.37462873
673.66574747,0.36653589
673.89786679,0.36388813
674.12999582,0.36893423
674.36213458,0.36449482
674.59428305,0.36803444
674.82644124,0.36991411
675.05860914,0.36367502
675.29078674,0.37321873
675.52297404,0.37042486
675.75517104,0.36840677
675.98737773,0.37634084
676.21959410,0.38040642
676.45182017,0.36294476
676.68405591,0.37653195
676.91630133,0.37224578
677.14855642,0.36695263
677.38082118,0.36770590
677.61309560,0.36611889
677.84537969,0.36285790
678.07767343,0.36456805
678.30997682,0.36136580
678.54228986,0.36195870
678.77461254,0.36352930
679.00694487,0.36508918
679.23928682,0.35352764
679.47163842,0.35112749
679.70399963,0.35356356
679.93637047,0.35444321
680.16875094,0.35078447
680.40114101,0.34965789
680.63354070,0.34873056
680.86594999,0.35400251
681.09836889,0.36089677
681.33079739,0.35230645
681.56323548,0.36036428
681.79568316,0.35445505
682.02814043,0.34873808
682.26060729,0.34946897
682.49308372,0.34758970
682.72556973,0.34506598
682.95806530,0.34949037
683.19057045,0.34705538
683.42308516,0.34947542
683.65560942,0.35404630
683.88814324,0.35487252
684.12068661,0.34633311
684.35323953,0.35548008
684.58580199,0.35222467
684.81837398,0.35096710
685.05095551,0.33605922
685.28354658,0.33707439
685.51614716,0.35342341
685.74875727,0.33213950
685.98137690,0.34364177
686.21400604,0.34704870
686.44664469,0.33496167
686.67929285,0.34467965
686.91195051,0.33995582
687.14461767,0.35098225
687.37729432,0.33774794
687.60998046,0.33342530
687.84267608,0.33710338
688.07538119,0.33863268
688.30809577,0.34019005
688.54081983,0.33183302
688.77355336,0.33339723
689.00629635,0.33187665
689.23904880,0.33569996
689.47181071,0.33217490
689.70458208,0.33355761
689.93736289,0.34439470
690.17015314,0.32735720
690.40295284,0.33667267
690.63576198,0.32460017
690.86858054,0.32949991
691.10140854,0.32228321
691.33424596,0.31973718
691.56709280,0.33531999
691.79994906,0.34539598
692.03281473,0.32601943
692.26568981,0.32405281
692.49857429,0.32624555
692.73146817,0.32503914
692.96437145,0.32716779
693.19728413,0.32098130
693.43020619,0.33312585
693.66313763,0.32386241
693.89607845,0.33184635
694.12902865,0.31686497
694.36198822,0.31327384
694.59495716,0.32852735
694.82793547,0.32632616
695.06092313,0.31767656
695.29392015,0.31983272
695.52692652,0.32476046
695.75994223,0.31488238
695.99296729,0.31433391
696.22600169,0.32552115
696.45904543,0.31147589
696.69209850,0.32230424
696.92516089,0.31491211
697.15823261,0.31412275
697.39131364,0.31203964
697.62440399,0.31912331
697.85750366,0.30951566
698.09061262,0.31910904
698.32373090,0.31584155
698.55685847,0.31828316
698.78999533,0.30928315
699.02314149,0.31935913
699.25629693,0.31559298
699.48946166,0.31695257
699.72263566,0.30489513
699.95581894,0.31345682
700.18901149,0.32272131
700.42221330,0.30550989
700.65542438,0.30697903
700.88864471,0.31552765
701.12187430,0.31227251
701.35511314,0.30542840
701.58836123,0.30685381
701.82161856,0.31363174
702.05488512,0.31205313
702.28816092,0.28817840
702.52144595,0.31067103
702.75474021,0.30784138
702.98804368,0.30931857
703.22135638,0.30205793
703.45467828,0.30683963
703.68800940,0.30735061
703.92134972,0.30371025
704.15469925,0.29280072
704.38805797,0.31111008
704.62142589,0.30563309
704.85480299,0.31225752
705.08818928,0.31607501
705.32158475,0.29793339
705.55498940,0.31217784
705.78840322,0.31235355
706.02182620,0.30691936
706.25525836,0.30195425
706.48869967,0.30288928
706.72215015,0.31174614
706.95560977,0.31316508
707.18907854,0.30944219
707.42255646,0.30535525
707.65604352,0.30858766
707.88953971,0.31261669
708.12304504,0.31239732
708.35655949,0.30685286
708.59008307,0.31408603
708.82361577,0.30242320
709.05715759,0.31516801
709.29070852,0.30959573
709.52426855,0.31377959
709.75783769,0.30519441
709.99141593,0.30753424
710.22500327,0.31731143
710.45859969,0.31836426
710.69220521,0.31392450
710.92581981,0.30680302
711.15944349,0.30621031
711.39307624,0.31480272
711.62671807,0.30810533
711.86036896,0.31154939
712.09402892,0.31941585
712.32769793,0.31129999
712.56137600,0.30760700
712.79506312,0.31165861
713.02875929,0.32155102
713.26246451,0.31400437
713.49617876,0.31800416
713.72990204,0.32195382
713.96363436,0.31710545
714.19737571,0.32105451
714.43112607,0.31535062
714.66488546,0.31268975
714.89865386,0.32227552
715.13243127,0.32481270
715.36621769,0.32544164
715.60001311,0.32203379
715.83381753,0.32560887
716.06763094,0.32316661
716.30145334,0.32544833
716.53528473,0.32331362
716.76912510,0.33096297
717.00297445,0.32578456
717.23683278,0.33046515
717.47070007,0.33167843
717.70457633,0.32379554
717.93846155,0.31910198
718.17235573,0.32568302
718.40625887,0.32972644
718.64017095,0.33549532
718.87409198,0.32594567
719.10802195,0.33341238
719.34196086,0.33354293
719.57590870,0.33123299
719.80986547,0.33239525
720.04383117,0.33422240
720.27780579,0.33313432
720.51178932,0.33122579
720.74578177,0.33879374
720.97978313,0.33856647
721.21379339,0.33637322
721.44781255,0.34212037
721.68184062,0.33725007
721.91587757,0.34259632
722.14992341,0.33502695
722.38397814,0.34349598
722.61804175,0.34862873
722.85211423,0.34030668
723.08619559,0.33953196
723.32028582,0.35058635
723.55438491,0.35290489
723.78849286,0.34612674
724.02260966,0.35506854
724.25673532,0.34502970
724.49086983,0.34461285
724.72501318,0.34599580
724.95916538,0.34319503
725.19332640,0.35414762
725.42749627,0.35977946
725.66167495,0.35419264
725.89586247,0.35557468
726.13005880,0.35885773
726.36426395,0.36600902
726.59847791,0.35756273
726.83270067,0.35214571
727.06693225,0.35839020
727.30117262,0.35408312
727.53542178,0.36145407
727.76967974,0.36023945
728.00394648,0.35741086
728.23822201,0.36403452
728.47250632,0.36701818
728.70679940,0.35797354
728.94110126,0.36257179
729.17541188,0.36279874
729.40973126,0.36581794
729.64405941,0.36214801
729.87839630,0.36961370
730.11274195,0.36802661
730.34709635,0.36782153
730.58145949,0.36418186
730.81583137,0.37570462
731.05021198,0.37234854
731.28460132,0.35983118
731.51899939,0.37095136
731.75340618,0.37867278
731.98782169,0.36969469
732.22224591,0.36013004
732.45667885,0.37141924
732.69112049,0.37082076
732.92557083,0.37005883
733.16002987,0.37716605
733.39449761,0.37376730
733.62897403,0.37030799
733.86345914,0.38082387
734.09795294,0.37577009
734.33245541,0.37661757
734.56696655,0.37978436
734.80148637,0.38888111
735.03601485,0.37593160
735.27055199,0.37324816
735.50509779,0.37692652
735.73965224,0.37448959
735.97421534,0.37629796
736.20878709,0.38948809
736.44336748,0.38052293
736.67795650,0.36927052
736.91255416,0.37443340
737.14716045,0.37763540
737.38177536,0.37689567
737.61639889,0.37751035
737.85103105,0.38189173
738.08567181,0.38274538
738.32032118,0.38564962
738.55497916,0.39085470
738.78964574,0.37824967
739.02432091,0.37807294
739.25900468,0.38005513
739.49369703,0.37855769
739.72839797,0.37832929
739.96310749,0.38346962
740.19782559,0.38088864
740.43255226,0.38583190
740.66728750,0.37758995
740.90203130,0.37856395
741.13678366,0.38466075
741.37154458,0.37723350
741.60631405,0.38185338
741.84109207,0.37867352
742.07587863,0.37376713
742.31067373,0.38706709
742.54547737,0.38540082
742.78028953,0.38268735
743.01511023,0.38364508
743.24993945,0.37893686
743.48477719,0.38335966
743.71962345,0.37607787
743.95447821,0.38830380
744.18934149,0.37726224
744.42421326,0.38297952
744.65909354,0.37982758
744.89398231,0.38298764
745.12887957,0.37207015
745.36378532,0.38383474
745.59869955,0.38897512
745.83362227,0.37285340
746.06855345,0.38793050
746.30349311,0.37735686
746.53844123,0.37775179
746.77339782,0.37879674
747.00836287,0.38284043
747.24333636,0.37509031
747.47831832,0.37089278
747.71330871,0.37600499
747.94830755,0.37583548
748.18331483,0.37970344
748.41833054,0.38129194
748.65335468,0.37341528
748.88838725,0.37738634
749.12342824,0.37204213
749.35847765,0.37308681
749.59353547,0.36834973
749.82860170,0.37414690
750.06367634,0.37326130
750.29875938,0.36388883
750.53385082,0.36643257
750.76895065,0.37035173
751.00405887,0.37841810
751.23917548,0.37390611
751.47430047,0.36959181
751.70943383,0.36702468
751.94457557,0.36783751
752.17972568,0.37060095
752.41488416,0.36793790
752.65005099,0.36680672
752.88522618,0.36954139
753.12040973,0.36219737
753.35560162,0.37051326
753.59080186,0.36135860
753.82601044,0.36418080
754.06122736,0.35633460
754.29645261,0.36345038
754.53168619,0.36219960
754.76692809,0.35997647
755.00217832,0.36107342
755.23743686,0.34810869
755.47270371,0.35319114
755.70797887,0.35354121
755.94326234,0.35150888
756.17855410,0.36021784
756.41385417,0.35402463
756.64916252,0.35029556
756.88447917,0.33843536
757.11980409,0.34750883
757.35513730,0.35166244
757.59047878,0.34983411
757.82582854,0.34200329
758.06118656,0.34424759
758.29655285,0.34286617
758.53192740,0.33947260
758.76731020,0.33844292
759.00270125,0.35285388
759.23810055,0.33738904
759.47350810,0.34388980
759.70892388,0.34116167
759.94434790,0.33410706
760.17978015,0.34305623
760.41522063,0.33854485
760.65066934,0.33997882
760.88612626,0.33621996
761.12159139,0.33854437
761.35706474,0.33318451
761.59254629,0.33786454
761.82803605,0.33656356
762.06353401,0.32472441
762.29904016,0.33474309
762.53455450,0.31746347
762.77007703,0.32212916
763.00560774,0.32540547
763.24114663,0.31772801
763.47669369,0.32294761
763.71224893,0.31763044
763.94781233,0.31421722
764.18338389,0.31830552
764.41896362,0.31855228
764.65455149,0.31782939
764.89014752,0.31165920
765.12575169,0.30610825
765.36136400,0.31300349
765.59698446,0.30790725
765.83261304,0.32261886
766.06824976,0.31252109
766.30389460,0.31311306
766.53954756,0.31324606
766.77520865,0.30691284
767.01087784,0.30310314
767.24655515,0.29774355
767.48224056,0.30607914
767.71793407,0.30553846
767.95363568,0.29568856
768.18934538,0.30804641
768.42506317,0.30409777
768.66078905,0.30035461
768.89652301,0.29255828
769.13226504,0.30421512
769.36801515,0.30939855
769.60377333,0.29476027
769.83953957,0.29829188
770.07531387,0.29549893
770.31109623,0.29429927
770.54688665,0.28867633
770.78268511,0.29093575
771.01849161,0.28499178
771.25430616,0.29391919
771.49012874,0.29058473
771.72595936,0.27669931
771.96179800,0.29734796
772.19764467,0.28564153
772.43349936,0.28867622
772.66936207,0.28379143
772.90523278,0.28118912
773.14111151,0.27709404
773.37699824,0.28578814
773.61289297,0.28403371
773.84879569,0.28087432
774.08470641,0.28334608
774.32062512,0.27487114
774.55655180,0.28065482
774.79248647,0.28678966
775.02842912,0.28157615
775.26437973,0.28548809
775.50033832,0.27573428
775.73630486,0.28306827
775.97227937,0.27296993
776.20826183,0.27525163
776.44425224,0.27579972
776.68025060,0.27325552
776.91625691,0.28890233
777.15227115,0.28088958
777.38829333,0.27467439
777.62432344,0.27606368
777.86036147,0.26970860
778.09640743,0.27169808
778.33246131,0.27063050
778.56852310,0.27055730
778.80459280,0.27049950
779.04067041,0.27903265
779.27675592,0.26771200
779.51284933,0.27125294
779.74895064,0.26594401
779.98505984,0.27195316
780.22117692,0.26167983
780.45730188,0.26909426
780.69343472,0.27171211
780.92957544,0.26265335
781.16572403,0.26967973
781.40188048,0.26244147
781.63804479,0.27044678
781.87421697,0.26475908
782.11039699,0.25706708
782.34658487,0.27000134
782.58278059,0.27031615
782.81898416,0.26039371
783.05519556,0.26300459
783.29141479,0.27147878
783.52764186,0.26362558
783.76387675,0.26781587
784.00011946,0.25548764
784.23636999,0.26551221
784.47262833,0.26646883
784.70889448,0.26478730
784.94516844,0.26048185
785.18145020,0.26592098
785.41773975,0.26056953
785.65403710,0.25330092
785.89034224,0.25643055
786.12665516,0.25975742
786.36297586,0.26662302
786.59930434,0.25773926
786.83564059,0.25814086
787.07198461,0.26176844
787.30833640,0.25467544
787.54469594,0.25763613
787.78106325,0.25884301
788.01743830,0.25150978
788.25382110,0.25591116
788.49021165,0.25289134
788.72660994,0.24676459
788.96301596,0.26536621
789.19942972,0.24614243
789.43585120,0.25814175
789.67228041,0.24968171
789.90871734,0.25161910
790.14516198,0.25062471
790.38161434,0.24660403
790.61807440,0.25165595
790.85454217,0.24563136
791.09101764,0.25350532
791.32750080,0.25197026
791.56399165,0.25197675
791.80049019,0.25366691
792.03699642,0.24881891
792.27351032,0.24571062
792.51003190,0.24808045
792.74656115,0.25324178
792.98309807,0.24381664
793.21964265,0.24913185
793.45619489,0.24651482
793.69275479,0.24492063
793.92932234,0.24393377
794.16589753,0.23885181
794.40248036,0.24447529
794.63907084,0.24687260
794.87566895,0.24360494
795.11227469,0.25470492
795.34888806,0.24612779
795.58550905,0.24598149
795.82213765,0.24441639
796.05877388,0.24348870
796.29541771,0.24169606
796.53206915,0.24633296
796.76872819,0.24068759
797.00539483,0.23187684
797.24206906,0.23657803
797.47875088,0.24616450
797.71544029,0.25004693
797.95213729,0.25173501
798.18884186,0.24854831
798.42555400,0.24367929
798.66227371,0.24697541
798.89900099,0.24025571
799.13573583,0.24283016
799.37247823,0.24470186
799.60922818,0.24086983
799.84598568,0.23763128
800.08275073,0.24877427
800.31952332,0.24122156
800.55630344,0.25554511
800.79309110,0.23888132
801.02988629,0.23896928
801.26668900,0.24658133
801.50349923,0.24821171
801.74031698,0.24135311
801.97714225,0.24467240
802.21397502,0.24217875
802.45081530,0.24112658
802.68766308,0.23967125
802.92451835,0.24573291
803.16138112,0.24240543
803.39825138,0.24344415
803.63512912,0.24424823
803.87201434,0.23431203
804.10890704,0.24476074
804.34580721,0.24322430
804.58271485,0.24680751
804.81962995,0.24136002
805.05655251,0.24269102
805.29348253,0.23748422
805.53042000,0.24361966
805.76736492,0.24210562
806.00431728,0.23695865
806.24127709,0.24160164
806.47824433,0.25392215
806.71521900,0.25229900
806.95220109,0.23819359
807.18919062,0.24564415
807.42618756,0.24553590
807.66319192,0.24562356
807.90020368,0.25358575
808.13722286,0.23452366
808.37424944,0.24471563
808.61128342,0.24315807
808.84832479,0.25179452
809.08537356,0.26005663
809.32242971,0.24148535
809.55949325,0.24507514
809.79656416,0.24458497
810.03364245,0.24605423
810.27072811,0.24669696
810.50782114,0.24628123
810.74492153,0.24761194
810.98202928,0.25635682
811.21914438,0.24102468
811.45626683,0.25654000
811.69339663,0.24304917
811.93053378,0.24859945
812.16767826,0.24829872
812.40483008,0.25093976
812.64198922,0.24981251
812.87915569,0.25100566
813.11632949,0.25083601
813.35351060,0.24918390
813.59069903,0.24246468
813.82789477,0.24885430
814.06509781,0.24514808
814.30230815,0.24522784
814.53952580,0.25111511
814.77675073,0.25327871
815.01398296,0.24873786
815.25122247,0.24670492
815.48846926,0.25544302
815.72572333,0.25795006
815.96298468,0.24667698
816.20025329,0.25227082
816.43752917,0.25534087
816.67481231,0.25573630
816.91210271,0.24544750
817.14940036,0.25432426
817.38670526,0.25761549
817.62401741,0.25599964
817.86133679,0.24643457
818.09866342,0.26084644
818.33599727,0.25501872
818.57333836,0.26774163
818.81068667,0.26091969
819.04804220,0.26682918
819.28540495,0.25441181
819.52277491,0.25478512
819.76015207,0.26007120
819.99753645,0.25321982
820.23492802,0.25992493
820.47232679,0.25233542
820.70973275,0.25719091
820.94714590,0.26894806
821.18456624,0.25605835
821.42199375,0.27098891
821.65942844,0.26423104
821.89687031,0.26560024
822.13431934,0.26529159
822.37177553,0.26565822
822.60923889,0.26139555
822.84670940,0.26691660
823.08418706,0.26752339
823.32167187,0.27038259
823.55916382,0.26731776
823.79666291,0.26214760
824.03416914,0.27257582
824.27168250,0.27569015
824.50920299,0.26896417
824.74673060,0.27106910
824.98426533,0.26962787
825.22180717,0.27575599
825.45935613,0.27827838
825.69691219,0.27950054
825.93447536,0.26779377
826.17204563,0.27210655
826.40962299,0.27334365
826.64720744,0.28533541
826.88479897,0.28078635
827.12239759,0.27460798
827.36000329,0.27944120
827.59761607,0.28808453
827.83523591,0.27210701
828.07286282,0.27753968
828.31049680,0.26486207
828.54813783,0.27088602
828.78578591,0.27659788
829.02344105,0.28145223
829.26110323,0.27159638
829.49877246,0.28711210
829.73644872,0.28276074
829.97413202,0.28303203
830.21182234,0.28408460
830.44951970,0.27945664
830.68722407,0.28509401
830.92493546,0.27713138
831.16265387,0.28190551
831.40037928,0.27922912
831.63811171,0.28564183
831.87585113,0.26856863
832.11359755,0.27084248
832.35135096,0.27667055
832.58911137,0.27222514
832.82687875,0.28042215
833.06465312,0.27811089
833.30243447,0.28696446
833.54022279,0.27702900
833.77801808,0.28197812
834.01582034,0.28088109
834.25362955,0.27976305
834.49144572,0.28199229
834.72926885,0.28349968
834.96709892,0.27925896
835.20493594,0.27968212
835.44277990,0.27492951
835.68063080,0.28409963
835.91848862,0.26996536
836.15635338,0.28173798
836.39422506,0.26774104
836.63210366,0.26902852
836.86998918,0.27478301
837.10788161,0.27504800
837.34578095,0.27898799
837.58368719,0.28049354
837.82160034,0.27661219
838.05952038,0.27223955
838.29744731,0.27514130
838.53538112,0.28052361
838.77332183,0.28099108
839.01126941,0.28605123
839.24922387,0.26699770
839.48718520,0.27842513
839.72515340,0.28249047
839.96312846,0.26962147
840.20111038,0.27689762
840.43909915,0.27818379
840.67709478,0.28104291
840.91509725,0.27670624
841.15310657,0.28210936
841.39112273,0.27121530
841.62914572,0.26110259
841.86717555,0.26279832
842.10521220,0.27815541
842.34325567,0.26928572
842.58130596,0.25690520
842.81936307,0.25754190
843.05742699,0.26026824
843.29549771,0.26255087
843.53357524,0.27091528
843.77165957,0.26825342
844.00975069,0.26583325
844.24784860,0.26367684
844.48595329,0.25925248
844.72406477,0.27033103
844.96218303,0.27060792
845.20030807,0.26252167
845.43843987,0.26566483
845.67657844,0.26891874
845.91472377,0.26458308
846.15287586,0.25688339
846.39103470,0.26516141
846.62920029,0.26483993
846.86737263,0.25356438
847.10555171,0.25213825
847.34373753,0.25684101
847.58193008,0.26304825
847.82012936,0.25000323
848.05833537,0.25637113
848.29654810,0.25891598
848.53476755,0.25049301
848.77299371,0.25796535
849.01122658,0.24700481
849.24946615,0.25085142
849.48771242,0.25911367
849.72596540,0.24863601
849.96422506,0.25038366
850.20249142,0.25553018
850.44076446,0.25363731
850.67904418,0.24572550
850.91733058,0.25090944
851.15562365,0.24969591
851.39392338,0.24085620
851.63222979,0.25476270
851.87054285,0.24814576
852.10886257,0.23801118
852.34718895,0.23761659
852.58552197,0.24465138
852.82386164,0.24108243
853.06220794,0.24791886
853.30056088,0.24247165
853.53892046,0.24487104
853.77728666,0.23852279
854.01565949,0.24208414
854.25403894,0.24109729
854.49242500,0.24384659
854.73081768,0.24223084
854.96921696,0.23309059
855.20762285,0.23978832
855.44603533,0.23150281
855.68445442,0.23618984
855.92288009,0.23689151
856.16131235,0.23551747
856.39975120,0.23493360
856.63819662,0.23233022
856.87664862,0.23598571
857.11510719,0.22335762
857.35357233,0.24462846
857.59204403,0.22637026
857.83052229,0.22847632
858.06900711,0.22456434
858.30749848,0.22558801
858.54599639,0.23161334
858.78450085,0.22068239
859.02301184,0.23367540
859.26152937,0.23129075
859.50005344,0.22840421
859.73858402,0.22477721
859.97712113,0.22043343
860.21566476,0.23001980
860.45421491,0.21983323
860.69277156,0.21934404
860.93133472,0.21589272
861.16990439,0.21709179
861.40848055,0.21803471
861.64706320,0.21945287
861.88565235,0.21211985
862.12424798,0.22190221
862.36285009,0.21418956
862.60145869,0.21857548
862.84007375,0.21954026
863.07869529,0.21849472
863.31732329,0.21509560
863.55595775,0.22585890
863.79459867,0.21299637
864.03324605,0.21339894
864.27189987,0.21507367
864.51056014,0.21492733
864.74922685,0.22074038
864.98790000,0.21197294
865.22657958,0.21836304
865.46526559,0.21068603
865.70395803,0.20505594
865.94265689,0.21173201
866.18136216,0.21261653
866.42007385,0.20961879
866.65879195,0.21583418
866.89751645,0.21287924
867.13624735,0.21288673
867.37498465,0.20891713
867.61372834,0.20909937
867.85247842,0.20928237
868.09123489,0.20340345
868.32999773,0.20361508
868.56876696,0.20520952
868.80754255,0.20299409
869.04632451,0.20060326
869.28511284,0.20341048
869.52390753,0.19754594
869.76270857,0.19344372
870.00151597,0.19952115
870.24032971,0.19922779
870.47914980,0.20826573
870.71797623,0.19764822
870.95680899,0.19708499
871.19564809,0.19968134
871.43449352,0.19863657
871.67334526,0.19479740
871.91220333,0.18790824
872.15106771,0.19096588
872.38993841,0.20473422
872.62881541,0.19427749
872.86769872,0.19109021
873.10658832,0.18429676
873.34548422,0.19335660
873.58438641,0.17924402
873.82329489,0.18548887
874.06220965,0.19336479
874.30113070,0.19209180
874.54005801,0.18394639
874.77899160,0.19156536
875.01793145,0.18242528
875.25687757,0.19280779
875.49582995,0.17635562
875.73478858,0.18575229
875.97375346,0.17538379
876.21272459,0.17898799
876.45170196,0.19147071
876.69068557,0.17795656
876.92967541,0.18526222
877.16867148,0.17923769
877.40767378,0.18517363
877.64668231,0.18329488
877.88569705,0.18638115
878.12471800,0.17702160
878.36374517,0.17747524
878.60277854,0.17985125
878.84181811,0.18534251
879.08086388,0.17350469
879.31991585,0.17945577
879.55897400,0.17971931
879.79803834,0.18099899
880.03710886,0.17871087
880.27618556,0.17166203
880.51526844,0.17614399
880.75435748,0.16661567
880.99345269,0.17764970
881.23255406,0.17234912
881.47166159,0.17574908
881.71077527,0.17128875
881.94989510,0.17897367
882.18902107,0.17098826
882.42815319,0.17082087
882.66729144,0.16894172
882.90643583,0.17463086
883.14558634,0.17522222
883.38474298,0.16720162
883.62390574,0.17804582
883.86307462,0.17134064
884.10224961,0.16848894
884.34143071,0.16457658
884.58061791,0.16878804
884.81981121,0.16851772
885.05901061,0.16854648
885.29821611,0.16421826
885.53742769,0.16894231
885.77664535,0.15538472
886.01586910,0.16624396
886.25509892,0.17555204
886.49433482,0.15626258
886.73357678,0.16843064
886.97282480,0.16632399
887.21207889,0.16735440
887.45133903,0.17341701
887.69060522,0.16848805
887.92987747,0.16715772
888.16915575,0.16812977
888.40844008,0.15965507
888.64773044,0.16141046
888.88702683,0.16046746
889.12632925,0.16306276
889.36563769,0.16521312
889.60495215,0.16331862
889.84427263,0.16037904
890.08359912,0.16500091
890.32293161,0.16494084
890.56227011,0.15469719
890.80161461,0.15819213
891.04096510,0.15717041
891.28032159,0.15291420
891.51968406,0.16840017
891.75905251,0.16908720
891.99842694,0.15212428
892.23780735,0.15709556
892.47719373,0.15709616
892.71658607,0.15933287
892.95598438,0.16063520
893.19538864,0.15713208
893.43479886,0.15851477
893.67421503,0.15823008
893.91363715,0.15673041
894.15306521,0.15876363
894.39249920,0.15115845
894.63193914,0.15651861
894.87138500,0.14894969
895.11083678,0.15895344
895.35029449,0.14906771
895.58975812,0.14772980
895.82922766,0.14745136
896.06870311,0.14960877
896.30818447,0.15143636
896.54767172,0.15110021
896.78716488,0.15578047
897.02666393,0.14983533
897.26616886,0.15251909
897.50567969,0.15407626
897.74519639,0.15082226
897.98471898,0.15531936
898.22424743,0.14560150
898.46378176,0.15281188
898.70332195,0.14136844
898.94286800,0.14546210
899.18241990,0.14072410
899.42197767,0.14257434
899.66154128,0.15044191
899.90111073,0.14270650
900.14068602,0.15503417
900.38026716,0.14324718
900.61985412,0.14494423
900.85944691,0.14468009
901.09904553,0.14038802
901.33864997,0.15025906
901.57826023,0.14306442
901.81787629,0.14577057
902.05749817,0.14184313
902.29712585,0.13643990
902.53675933,0.14135331
902.77639860,0.15095351
903.01604367,0.14758277
903.25569453,0.14729042
903.49535117,0.13555577
903.73501359,0.14654395
903.97468178,0.15066170
904.21435575,0.13992725
904.45403548,0.14360487
904.69372098,0.14173375
904.93341224,0.14524307
905.17310926,0.14296211
905.41281202,0.13279754
905.65252053,0.13913013
905.89223479,0.14477528
906.13195478,0.14367868
906.37168052,0.14257449
906.61141198,0.14460013
906.85114917,0.13580288
907.09089208,0.13704697
907.33064071,0.13834784
907.57039505,0.13968681
907.81015511,0.13673890
908.04992088,0.13307590
908.28969234,0.14223716
908.52946951,0.14114188
908.76925237,0.14090694
909.00904092,0.14028607
909.24883515,0.14329167
909.48863507,0.15314143
909.72844067,0.14087078
909.96825194,0.14193875
910.20806889,0.14564541
910.44789149,0.14754658
910.68771977,0.13358781
910.92755369,0.13850115
911.16739328,0.13345543
911.40723851,0.13924689
911.64708939,0.14028513
911.88694591,0.14585786
912.12680807,0.13567212
912.36667586,0.14472440
912.60654928,0.14335740
912.84642833,0.14570388
913.08631300,0.13802668
913.32620329,0.13460470
913.56609919,0.14101690
913.80600070,0.13821676
914.04590781,0.13230093
914.28582053,0.13979616
914.52573884,0.13559867
914.76566275,0.13978173
915.00559225,0.13568657
915.24552733,0.13407779
915.48546799,0.13425234
915.72541423,0.14370083
915.96536604,0.13487427
916.20532342,0.14514143
916.44528637,0.13633702
916.68525488,0.12715312
916.92522894,0.14021185
917.16520855,0.13145311
917.40519372,0.12762867
917.64518443,0.12902529
917.88518068,0.12623941
918.12518246,0.14090044
918.36518978,0.13932718
918.60520263,0.14048985
918.84522100,0.13692932
919.08524489,0.13570871
919.32527429,0.13966402
919.56530921,0.13921855
919.80534964,0.13114502
920.04539557,0.13587668
920.28544700,0.12942692
920.52550392,0.13181140
920.76556634,0.13634461
921.00563425,0.13610355
921.24570764,0.12930983
921.48578650,0.13450914
921.72587085,0.13343361
921.96596066,0.13687897
922.20605595,0.13669598
922.44615669,0.13279076
922.68626290,0.13008476
922.92637456,0.13163667
923.16649167,0.13222816
923.40661423,0.13268183
923.64674223,0.13210416
923.88687567,0.13236681
924.12701454,0.13516718
924.36715885,0.13298124
924.60730858,0.12740166
924.84746374,0.13548853
925.08762431,0.13600845
925.32779030,0.12952225
925.56796170,0.14571870
925.80813851,0.13439224
926.04832072,0.12680948
926.28850832,0.12723284
926.52870133,0.13094156
926.76889972,0.12869660
927.00910349,0.12553002
927.24931265,0.12694104
927.48952719,0.12315361
927.72974710,0.12520048
927.96997239,0.13111680
928.21020303,0.13596468
928.45043904,0.12686778
928.69068041,0.13170064
928.93092713,0.12166948
929.17117920,0.13379985
929.41143662,0.12968309
929.65169938,0.13359635
929.89196747,0.12025066
930.13224090,0.12993205
930.37251966,0.12677294
930.61280374,0.12509877
930.85309315,0.12736542
931.09338787,0.12294818
931.33368790,0.11736249
931.57399325,0.12602013
931.81430390,0.12514996
932.05461985,0.12248805
932.29494109,0.12926604
932.53526763,0.12385562
932.77559946,0.12099635
933.01593657,0.12566191
933.25627897,0.11878099
933.49662664,0.12482771
933.73697958,0.12177833
933.97733779,0.11978301
934.21770127,0.12702140
934.45807001,0.12238586
934.69844400,0.12305800
934.93882324,0.11575396
935.17920774,0.11808665
935.41959747,0.12112922
935.65999245,0.12590951
935.90039266,0.11441618
936.14079811,0.12203535
936.38120878,0.11885397
936.62162468,0.11893488
936.86204580,0.11766231
937.10247213,0.12226098
937.34290367,0.13435523
937.58334043,0.12496016
937.82378238,0.11481045
938.06422954,0.12274433
938.30468189,0.11398431
938.54513943,0.12262014
938.78560216,0.11584928
939.02607007,0.12006006
939.26654316,0.12259695
939.50702143,0.11634645
939.74750486,0.11421909
939.98799347,0.12097498
940.22848724,0.12336585
940.46898616,0.11442365
940.70949024,0.11785243
940.94999948,0.11633199
941.19051386,0.11227322
941.43103338,0.12052820
941.67155804,0.11462067
941.91208783,0.11657973
942.15262276,0.11325360
942.39316281,0.11776496
942.63370798,0.11012318
942.87425828,0.11277773
943.11481368,0.11862772
943.35537420,0.11303473
943.59593982,0.10608771
943.83651055,0.11815964
944.07708637,0.11049661
944.31766729,0.11450303
944.55825329,0.10944455
944.79884439,0.10846371
945.03944056,0.11206863
945.28004181,0.10614624
945.52064814,0.10722087
945.76125953,0.12039719
946.00187600,0.11354606
946.24249752,0.10598423
946.48312410,0.10875545
946.72375573,0.10698709
946.96439241,0.11511784
947.20503414,0.11212048
947.44568091,0.10325731
947.68633272,0.10166364
947.92698956,0.10763746
948.16765142,0.11715733
948.40831832,0.10415653
948.64899023,0.11837875
948.88966716,0.09638443
949.13034911,0.10102021
949.37103606,0.10812721
949.61172802,0.11467190
949.85242498,0.10262182
950.09312693,0.10501960
950.33383388,0.10379846
950.57454581,0.10139271
950.81526273,0.09114875
951.05598463,0.10520244
951.29671151,0.09457871
951.53744336,0.09861422
951.77818017,0.10265772
952.01892195,0.10386460
952.25966870,0.09968919
952.50042039,0.10311832
952.74117704,0.10723575
952.98193864,0.10104248
953.22270518,0.09361292
953.46347666,0.09666190
953.70425307,0.09437339
953.94503442,0.09693267
954.18582070,0.09696879
954.42661189,0.10834639
954.66740801,0.09821270
954.90820904,0.09625985
955.14901499,0.09888488
955.38982584,0.10083731
955.63064160,0.10123186
955.87146225,0.09772273
956.11228780,0.09136103
956.35311824,0.10349171
956.59395357,0.09870202
956.83479378,0.09704929
957.07563887,0.09571075
957.31648883,0.09764165
957.55734366,0.09505464
957.79820336,0.09865065
958.03906793,0.09038138
958.27993735,0.09578451
958.52081163,0.09303510
958.76169076,0.09841012
959.00257473,0.09541889
959.24346354,0.09448271
959.48435720,0.09940429
959.72525569,0.09466549
959.96615901,0.09197442
960.20706715,0.09560134
960.44798012,0.09450499
960.68889790,0.08967177
960.92982050,0.08102177
961.17074791,0.09535295
961.41168012,0.09419804
961.65261714,0.08619140
961.89355895,0.08399013
962.13450556,0.08328868
962.37545696,0.09234081
962.61641314,0.08745622
962.85737410,0.08817960
963.09833984,0.08484556
963.33931036,0.08421767
963.58028564,0.08517474
963.82126569,0.07319766
964.06225050,0.07909138
964.30324007,0.08815130
964.54423439,0.08328082
964.78523346,0.08385856
965.02623727,0.08679089
965.26724583,0.08566498
965.50825912,0.07973451
965.74927714,0.07896745
965.99029990,0.09038865
966.23132737,0.07999816
966.47235957,0.08158435
966.71339649,0.07283897
966.95443811,0.08156210
967.19548445,0.08655692
967.43653549,0.07766523
967.67759123,0.07401696
967.91865167,0.07517923
968.15971679,0.07107002
968.40078661,0.07863773
968.64186111,0.06956379
968.88294029,0.08903553
969.12402415,0.07533993
969.36511268,0.07293414
969.60620587,0.07327825
969.84730373,0.08206039
970.08840625,0.07864471
970.32951343,0.07320569
970.57062526,0.07517922
970.81174173,0.07623945
971.05286285,0.07274404
971.29398861,0.06982011
971.53511900,0.07285350
971.77625402,0.08461959
972.01739367,0.06596599
972.25853795,0.07406104
972.49968684,0.07408269
972.74084035,0.07926677
972.98199847,0.07404601
973.22316119,0.07549386
973.46432852,0.06825495
973.70550045,0.06617121
973.94667697,0.06671143
974.18785809,0.06739958
974.42904379,0.06262485
974.67023407,0.06754611
974.91142893,0.07251786
975.15262837,0.06860596
975.39383237,0.06557106
975.63504094,0.06486916
975.87625408,0.06637594
976.11747177,0.06645582
976.35869402,0.06783866
976.59992081,0.06535228
976.84115216,0.06876620
977.08238804,0.06829207
977.32362846,0.06992948
977.56487342,0.07052901
977.80612291,0.06764770
978.04737692,0.06193795
978.28863545,0.07328486
978.52989850,0.06274870
978.77116607,0.06505941
979.01243814,0.06342241
979.25371472,0.05312591
979.49499581,0.06723117
979.73628138,0.06159293
979.97757146,0.05983127
980.21886602,0.05418677
980.46016506,0.06439361
980.70146859,0.06270427
980.94277660,0.05804020
981.18408907,0.05121759
981.42540602,0.06100172
981.66672743,0.05385745
981.90805330,0.06177618
982.14938363,0.05299446
982.39071841,0.05697179
982.63205764,0.05436908
982.87340132,0.06052571
983.11474943,0.05855095
983.35610198,0.07149414
983.59745897,0.05795874
983.83882038,0.05983076
984.08018622,0.05685507
984.32155647,0.05925392
984.56293115,0.05597791
984.80431023,0.04823428
985.04569372,0.05061776
985.28708162,0.05701645
985.52847392,0.06540292
985.76987061,0.05080101
986.01127170,0.05171459
986.25267717,0.05125444
986.49408703,0.04962379
986.73550126,0.04471030
986.97691987,0.04342312
987.21834285,0.04432231
987.45977021,0.05043567
987.70120192,0.04222396
987.94263799,0.04499562
988.18407842,0.04517068
988.42552320,0.05183917
988.66697233,0.04226071
988.90842580,0.04435180
989.14988360,0.04594575
989.39134575,0.05039884
989.63281222,0.04467361
989.87428302,0.04903889
990.11575815,0.05172910
990.35723759,0.05354284
990.59872135,0.04112688
990.84020942,0.04171917
991.08170179,0.05200722
991.32319847,0.04134642
991.56469945,0.03964241
991.80620472,0.04125120
992.04771428,0.05338254
992.28922813,0.04625272
992.53074625,0.04095125
992.77226866,0.04795649
993.01379534,0.05156139
993.25532629,0.04362069
993.49686151,0.03658673
993.73840099,0.03875800
993.97994473,0.05091788
994.22149272,0.04687443
994.46304496,0.04085675
994.70460145,0.03790209
994.94616218,0.04654512
995.18772714,0.04410289
995.42929634,0.04289598
995.67086977,0.04156526
995.91244742,0.04699156
996.15402930,0.04328406
996.39561539,0.03524830
996.63720570,0.03887481
996.87880021,0.04903830
997.12039893,0.03707682
997.36200185,0.03716394
997.60360897,0.04749563
997.84522028,0.03863355
998.08683578,0.03118296
998.32845547,0.03840030
998.57007933,0.04876034
998.81170738,0.03764633
999.05333959,0.03516013
999.29497597,0.03283524
999.53661652,0.03733910
999.77826123,0.04199695
1000.01991010,0.03663032
1000.26156311,0.03678363
1000.50322028,0.04525115
1000.74488159,0.03503639
1000.98654704,0.03284271
1001.22821662,0.03217718
1001.46989034,0.04486280
1001.71156819,0.04119349
1001.95325016,0.03475850
1002.19493625,0.03608842
1002.43662645,0.03855287
1002.67832077,0.04044687
1002.92001919,0.03692260
1003.16172172,0.03248379
1003.40342835,0.03053214
1003.64513908,0.03762429
1003.88685389,0.03263038
1004.12857279,0.02331518
1004.37029578,0.04027165
1004.61202284,0.03595043
1004.85375399,0.03146726
1005.09548920,0.03028318
1005.33722848,0.02980041
1005.57897182,0.02676592
1005.82071922,0.03003452
1006.06247067,0.03224336
1006.30422618,0.02764360
1006.54598573,0.02384138
1006.78774933,0.02150131
1007.02951696,0.02905519
1007.27128863,0.02966972
1007.51306433,0.02363656
1007.75484406,0.02583776
1007.99662781,0.02979349
1008.23841558,0.03532129
1008.48020736,0.02408940
1008.72200315,0.02899612
1008.96380295,0.02386338
1009.20560675,0.03130750
1009.44741455,0.01878871
1009.68922634,0.02814082
1009.93104212,0.02107736
1010.17286189,0.02666382
1010.41468564,0.01666083
1010.65651337,0.02128237
1010.89834507,0.02862352
1011.14018074,0.03233846
1011.38202038,0.03690786
1011.62386398,0.02035355
1011.86571154,0.02245916
1012.10756305,0.03124138
1012.34941851,0.03026874
1012.59127791,0.02523070
1012.83314126,0.01764072
1013.07500854,0.03185568
1013.31687976,0.03244012
1013.55875490,0.02967705
1013.80063397,0.01786726
1014.04251696,0.02698552
1014.28440387,0.03714196
1014.52629469,0.02305164
1014.76818942,0.02534806
1015.01008806,0.02939823
1015.25199059,0.03084586
1015.49389703,0.02714637
1015.73580735,0.02061709
1015.97772156,0.01644888
1016.21963966,0.02090188
1016.46156164,0.02295642
1016.70348749,0.01326063
1016.94541722,-0.03178119
1017.18735082,-0.02968283
1017.42928828,-0.03191277
1017.67122959,-0.03031142
1017.91317477,-0.03126198
1018.15512380,-0.03096256
