194.16287968,0.00105425
194.36381481,-0.00066191
194.56476860,-0.00030024
194.76574102,-0.00029325
194.96673208,0.00112525
195.16774177,-0.00091703
195.36877010,0.00086297
195.56981705,0.00049403
195.77088262,0.00045865
195.97196681,0.00040899
196.17306961,0.00147279
196.37419103,0.00004012
196.57533104,0.00018182
196.77648966,0.00004726
196.97766688,0.00004725
197.17886269,0.00005432
197.38007709,0.00086990
197.58131007,-0.00035699
197.78256164,0.00048690
197.98383178,-0.00000249
198.18512050,0.00004729
198.38642778,-0.00001643
198.58775363,0.00162888
198.78909804,-0.00024343
198.99046101,0.00067841
199.19184253,0.00110388
199.39324259,-0.00018676
199.59466121,-0.00004487
199.79609836,0.00056492
199.99755405,0.00035227
200.19902827,0.00056492
200.40052102,-0.00012309
200.60203230,0.00051549
200.80356209,-0.00065487
201.00511040,-0.00003771
201.20667723,-0.00001663
201.40826256,-0.00033578
201.60986639,-0.00049887
201.81148873,0.00080605
202.01312956,-0.00141369
202.21478888,0.00089838
202.41646669,-0.00061943
202.61816298,0.00057204
202.81987776,-0.00052720
203.02161101,0.00110393
203.22336273,0.00018178
203.42513291,0.00097626
203.62692157,-0.00033575
203.82872868,0.00014642
204.03055424,-0.00020806
204.23239826,0.00040177
204.43426072,-0.00033590
204.63614163,0.00053647
204.83804098,-0.00010166
205.03995876,0.00085564
205.24189497,-0.00020093
205.44384961,0.00061467
205.64582267,-0.00066917
205.84781415,0.00108256
206.04982405,0.00055789
206.25185236,0.00106846
206.45389907,-0.00039248
206.65596418,0.00130252
206.85804770,-0.00006611
207.06014960,0.00016072
207.26226990,0.00013939
207.46440859,0.00050821
207.66656565,-0.00087470
207.86874110,0.00073515
208.07093492,-0.00066939
208.27314711,0.00108262
208.47537766,-0.00007341
208.67762658,0.00106850
208.87989385,-0.00017247
209.08217948,0.00048702
209.28448346,-0.00047043
209.48680579,0.00167848
209.68914645,-0.00042790
209.89150545,0.00143732
210.09388279,-0.00054836
210.29627846,0.00154364
210.49869245,-0.00003065
210.70112476,0.00030252
210.90357539,-0.00037841
211.10604434,0.00060759
211.30853159,-0.00038560
211.51103715,0.00051542
211.71356100,0.00084142
211.91610316,0.00063582
212.11866361,0.00000463
212.32124235,0.00106853
212.52383937,-0.00005921
212.72645467,-0.00009466
212.92908825,-0.00026485
213.13174010,0.00012515
213.33441022,-0.00044932
213.53709861,0.00069981
213.73980525,-0.00004505
213.94253016,0.00043728
214.14527331,-0.00048469
214.34803471,0.00056479
214.55081436,-0.00083925
214.75361225,0.00107564
214.95642837,-0.00072584
215.15926273,0.00021029
215.36211531,-0.00022943
215.56498612,0.00025290
215.76787514,-0.00069049
215.97078239,0.00120334
216.17370784,0.00007553
216.37665150,0.00130255
216.57961337,0.00060740
216.78259344,0.00119618
216.98559170,0.00001887
217.18860815,0.00094073
217.39164279,-0.00034268
217.59469561,0.00128129
217.79776661,-0.00036418
218.00085579,0.00030959
218.20396314,-0.00042087
218.40708866,0.00068550
218.61023234,-0.00093136
218.81339417,-0.00005898
219.01657417,0.00004741
219.21977231,0.00077056
219.42298860,-0.00049880
219.62622303,0.00072818
219.82947561,0.00048700
220.03274631,0.00201894
220.23603515,0.00057213
220.43934211,0.00063577
220.64266720,0.00045140
220.84601040,0.00083444
221.04937172,-0.00035707
221.25275115,0.00063575
221.45614869,-0.00004502
221.65956432,0.00074939
221.86299806,-0.00034281
222.06644989,0.00064309
222.26991981,-0.00012997
222.47340781,0.00121042
222.67691390,-0.00045633
222.88043807,0.00137354
223.08398031,0.00083450
223.28754061,0.00070677
223.49111899,0.00033791
223.69471542,0.00132375
223.89832992,0.00014648
224.10196246,0.00091946
224.30561306,0.00014646
224.50928170,0.00050130
224.71296838,0.00004720
224.91667310,0.00047277
225.12039586,-0.00090298
225.32413664,0.00073514
225.52789545,0.00024582
225.73167228,0.00008988
225.93546712,0.00010394
226.13927998,0.00091942
226.34311085,0.00009688
226.54695972,0.00023870
226.75082659,-0.00093168
226.95471146,0.00003321
227.15861432,-0.00024350
227.36253517,0.00044447
227.56647401,-0.00053432
227.77043082,0.00018207
227.97440561,0.00028839
228.17839838,0.00061453
228.38240911,-0.00008760
228.58643780,0.00062888
228.79048446,-0.00038539
228.99454907,-0.00017969
229.19863163,0.00055083
229.40273215,0.00113943
229.60685060,-0.00005201
229.81098700,0.00060756
230.01514133,-0.00067626
230.21931359,0.00082736
230.42350378,0.00051522
230.62771190,0.00109677
230.83193793,-0.00064075
231.03618188,0.00062883
231.24044374,-0.00044219
231.44472351,0.00067118
231.64902118,-0.00073980
231.85333675,0.00064303
232.05767022,-0.00074710
232.26202157,0.00136631
232.46639082,-0.00025780
232.67077794,0.00038062
232.87518295,-0.00012295
233.07960583,0.00052241
233.28404658,-0.00039267
233.48850520,0.00050120
233.69298168,-0.00088891
233.89747602,0.00015367
234.10198822,-0.00015132
234.30651826,0.00126702
234.51106615,0.00056497
234.71563188,0.00160757
234.92021546,0.00023176
235.12481686,0.00084875
235.32943610,-0.00044931
235.53407316,0.00140897
235.73872805,-0.00094567
235.94340075,0.00061472
236.14809126,-0.00027897
236.35279959,0.00097626
236.55752572,-0.00044201
236.76226966,0.00077072
236.96703139,0.00002592
237.17181092,0.00079906
237.37660823,-0.00105902
237.58142333,0.00055060
237.78625621,-0.00022948
237.99110687,0.00079904
238.19597531,0.00002600
238.40086151,-0.00013695
238.60576548,0.00070669
238.81068721,0.00157884
239.01562669,-0.00061946
239.22058393,0.00077078
239.42555892,0.00007567
239.63055166,0.00101878
239.83556213,-0.00018660
240.04059034,0.00124578
240.24563628,-0.00013008
240.45069996,0.00072801
240.65578136,-0.00035692
240.86088047,0.00068558
241.06599731,-0.00004477
241.27113186,0.00087701
241.47628411,-0.00005900
241.68145407,0.00086267
241.88664173,-0.00063377
242.09184709,0.00128127
242.29707014,-0.00002373
242.50231087,0.00104010
242.70756930,0.00044435
242.91284540,0.00005415
243.11813917,-0.00039256
243.32345062,0.00055801
243.52877974,0.00082731
243.73412652,0.00042316
243.93949096,0.00017498
244.14487306,-0.00047752
244.35027281,-0.00042097
244.55569020,0.00084161
244.76112524,0.00014644
244.96657792,0.00108973
245.17204823,-0.00035701
245.37753618,0.00170688
245.58304175,0.00053668
245.78856495,0.00086284
245.99410576,0.00004741
246.19966419,0.00053646
246.40524024,-0.00028610
246.61083388,0.00103995
246.81644513,-0.00047049
247.02207398,0.00116074
247.22772043,0.00014647
247.43338447,0.00045151
247.63906609,-0.00024361
247.84476529,0.00112507
248.05048208,0.00022445
248.25621643,0.00183434
248.46196836,0.00045848
248.66773786,0.00073504
248.87352491,-0.00022223
249.07932953,0.00070684
249.28515170,0.00048689
249.49099142,0.00067847
249.69684869,-0.00092412
249.90272349,0.00094796
250.10861584,-0.00080387
250.31452572,0.00145152
250.52045313,-0.00049891
250.72639807,0.00045163
250.93236052,0.00011107
251.13834050,0.00008977
251.34433799,0.00014647
251.55035299,0.00101174
251.75638549,0.00016063
251.96243550,0.00050105
252.16850300,-0.00014429
252.37458800,0.00049405
252.58069048,-0.00068338
252.78681045,0.00065010
252.99294790,-0.00041382
253.19910283,0.00077064
253.40527523,-0.00066908
253.61146511,0.00057913
253.81767244,0.00016783
254.02389724,0.00047992
254.23013949,-0.00047056
254.43639920,0.00081312
254.64267635,-0.00013716
254.84897095,-0.00014429
255.05528299,-0.00005921
255.26161247,0.00144438
255.46795938,-0.00015117
255.67432372,-0.00010875
255.88070548,-0.00023655
256.08710466,0.00074232
256.29352126,-0.00096672
256.49995527,0.00125291
256.70640669,-0.00052716
256.91287552,0.00085583
257.11936174,-0.00006629
257.32586536,0.00106132
257.53238637,-0.00030027
257.73892477,0.00067824
257.94548055,0.00047284
258.15205371,0.00049413
258.35864425,0.00002579
258.56525216,0.00091956
258.77187744,-0.00032872
258.97852008,0.00021056
259.18518008,-0.00033562
259.39185743,0.00038058
259.59855214,0.00011110
259.80526419,0.00113935
260.01199359,-0.00015835
260.21874032,0.00035212
260.42550440,-0.00110179
260.63228580,-0.00017971
260.83908453,-0.00002379
261.04590058,0.00062881
261.25273395,-0.00031454
261.45958464,0.00062870
261.66645263,-0.00082506
261.87333793,0.00130258
262.08024054,-0.00030025
262.28716044,0.00058641
262.49409764,-0.00081794
262.70105213,0.00104712
262.90802391,-0.00037113
263.11501296,0.00077075
263.32201930,-0.00022926
263.52904291,0.00094790
263.73608379,-0.00032144
263.94314194,0.00152239
264.15021734,0.00098329
264.35731001,0.00021024
264.56441993,-0.00035692
264.77154710,0.00043719
264.97869152,-0.00010179
265.18585317,0.00036644
265.39303207,0.00029547
265.60022820,0.00033085
265.80744155,-0.00013735
266.01467214,0.00043737
266.22191994,-0.00011605
266.42918497,0.00067143
266.63646720,-0.00020811
266.84376665,0.00121051
267.05108330,-0.00006626
267.25841715,0.00100459
267.46576819,0.00006145
267.67313644,0.00083444
267.88052187,-0.00080378
268.08792448,0.00083448
268.29534428,-0.00025068
268.50278125,0.00198338
268.71023540,-0.00067618
268.91770671,0.00060039
269.12519519,-0.00025077
269.33270083,0.00080620
269.54022362,0.00011091
269.74776357,0.00082746
269.95532067,0.00076353
270.16289491,0.00035207
270.37048629,0.00002581
270.57809481,0.00054376
270.78572046,0.00048000
270.99336323,0.00044434
271.20102313,0.00027402
271.40870016,0.00150114
271.61639429,0.00047284
271.82410554,0.00077777
272.03183390,-0.00088889
272.23957936,0.00037348
272.44734192,-0.00020099
272.65512157,-0.00059094
272.86291832,-0.00010188
273.07073216,0.00062882
273.27856307,0.00016780
273.48641107,0.00077783
273.69427615,0.00011818
273.90215829,0.00106153
274.11005750,-0.00076825
274.31797377,0.00030951
274.52590711,-0.00081791
274.73385750,0.00097643
274.94182494,-0.00038534
275.14980942,0.00042307
275.35781095,-0.00023648
275.56582952,0.00061452
275.77386512,-0.00008050
275.98191776,0.00077064
276.18998742,0.00031666
276.39807410,0.00078474
276.60617780,-0.00027181
276.81429851,0.00090528
277.02243624,-0.00042799
277.23059097,0.00126708
277.43876271,-0.00069051
277.64695144,0.00015376
277.85515716,-0.00027899
278.06337988,0.00080620
278.27161958,-0.00022227
278.47987627,0.00177050
278.68814993,-0.00035006
278.89644057,0.00003317
279.10474817,0.00065712
279.31307275,0.00011108
279.52141428,-0.00042782
279.72977277,0.00060746
279.93814821,-0.00034293
280.14654061,0.00025295
280.35494995,-0.00049170
280.56337623,0.00083471
280.77181945,-0.00069024
280.98027960,-0.00032149
281.18875668,0.00008972
281.39725068,0.00092676
281.60576161,-0.00014415
281.81428946,0.00023897
282.02283421,0.00018911
282.23139588,0.00028119
282.43997445,0.00039484
282.64856992,0.00067112
282.85718229,0.00035923
283.06581155,0.00094087
283.27445770,0.00022452
283.48312073,0.00002593
283.69180065,-0.00037824
283.90049744,-0.00001666
284.10921110,0.00026000
284.31794163,0.00126004
284.52668903,0.00026004
284.73545328,0.00067132
284.94423439,-0.00068342
285.15303236,0.00148687
285.36184717,0.00061462
285.57067883,0.00074226
285.77952732,0.00019609
285.98839265,0.00089128
286.19727482,0.00011099
286.40617381,0.00074210
286.61508962,-0.00030747
286.82402226,0.00037362
287.03297171,0.00004019
287.24193797,0.00075650
287.45092104,-0.00022934
287.65992091,0.00081312
287.86893758,-0.00078973
288.07797105,0.00142311
288.28702131,0.00017500
288.49608835,0.00123157
288.70517218,0.00013237
288.91427279,0.00121038
289.12339017,-0.00011599
289.33252432,0.00084865
289.54167524,-0.00014430
289.75084293,0.00045149
289.96002737,-0.00037120
290.16922856,-0.00027911
290.37844651,0.00012529
290.58768120,0.00038769
290.79693264,0.00021044
291.00620081,0.00074223
291.21548572,-0.00020818
291.42478736,0.00010403
291.63410573,-0.00029347
291.84344081,0.00112507
292.05279262,-0.00023647
292.26216114,0.00092674
292.47154637,0.00011806
292.68094831,0.00077787
292.89036694,-0.00051307
293.09980228,0.00087699
293.30925431,0.00004012
293.51872303,0.00054350
293.72820843,0.00018915
293.93771052,0.00087693
294.14722928,-0.00068329
294.35676472,0.00118190
294.56631682,-0.00007323
294.77588560,0.00031669
294.98547103,0.00004722
295.19507312,0.00029546
295.40469186,0.00030255
295.61432726,0.00143739
295.82397929,0.00040195
296.03364797,0.00083444
296.24333329,-0.00065491
296.45303524,0.00135226
296.66275381,-0.00034286
296.87248902,0.00133790
297.08224084,-0.00013720
297.29200928,-0.00015839
297.50179433,-0.00003798
297.71159599,0.00134505
297.92141426,-0.00008753
298.13124912,0.00089119
298.34110059,-0.00048460
298.55096864,0.00055086
298.76085328,0.00016763
298.97075451,0.00061466
299.18067232,0.00019635
299.39060670,0.00100473
299.60055766,-0.00078951
299.81052518,0.00018192
300.02050927,0.00032377
300.23050991,0.00084873
300.44052712,-0.00014410
300.65056087,0.00040179
300.86061117,-0.00030736
301.07067802,0.00084169
301.28076140,0.00016786
301.49086133,0.00077045
301.70097778,-0.00025769
301.91111076,0.00076366
302.12126026,0.00023877
302.33142628,0.00010392
302.54160882,0.00007565
302.75180787,0.00012533
302.96202342,0.00019608
303.17225548,0.00093379
303.38250404,-0.00063355
303.59276909,0.00032387
303.80305064,-0.00048467
304.01334867,0.00208255
304.22366318,0.00033806
304.43399417,0.00033815
304.64434164,0.00031666
304.85470557,0.00102586
305.06508598,0.00004022
305.27548284,0.00068542
305.48589617,0.00000466
305.69632594,0.00047980
305.90677217,0.00038055
306.11723485,0.00120332
306.32771396,0.00015374
306.53820952,0.00068542
306.74872151,-0.00090289
306.95924993,0.00110400
307.16979477,-0.00094548
307.38035604,0.00112524
307.59093372,0.00034505
307.80152782,0.00072811
308.01213833,-0.00031440
308.22276524,0.00114644
308.43340856,0.00056513
308.64406827,0.00076343
308.85474438,0.00026009
309.06543687,0.00103314
309.27614575,0.00021026
309.48687102,0.00024578
309.69761266,-0.00031441
309.90837067,0.00059336
310.11914505,0.00008276
310.32993580,0.00130253
310.54074290,-0.00005915
310.75156637,-0.00042787
310.96240618,-0.00053446
311.17326235,0.00121746
311.38413486,0.00055772
311.59502371,0.00094087
311.80592890,-0.00004494
312.01685042,0.00059337
312.22778827,0.00008969
312.43874244,0.00076346
312.64971294,-0.00054854
312.86069975,0.00111823
313.07170287,-0.00005920
313.28272230,0.00056494
313.49375804,-0.00058392
313.70481007,0.00064297
313.91587840,0.00099754
314.12696302,0.00026708
314.33806394,0.00052237
314.54918113,0.00137317
314.76031460,-0.00017254
314.97146435,0.00088410
315.18263038,-0.00098116
315.39381267,0.00096205
315.60501122,-0.00056278
315.81622603,0.00119618
316.02745710,-0.00088195
316.23870442,0.00040174
316.44996799,0.00044455
316.66124780,0.00102591
316.87254384,-0.00028620
317.08385613,0.00001887
317.29518464,-0.00087460
317.50652939,0.00046566
317.71789035,-0.00015843
317.92926754,0.00128131
318.14066094,-0.00013713
318.35207055,0.00096919
318.56349636,-0.00010884
318.77493838,0.00121041
318.98639660,-0.00035696
319.19787101,0.00064301
319.40936162,-0.00070466
319.62086841,0.00116073
319.83239138,-0.00022215
320.04393053,0.00047285
320.25548585,0.00021743
320.46705735,0.00102589
320.67864501,-0.00012996
320.89024883,0.00105431
321.10186881,0.00008968
321.31350495,0.00030978
321.52515723,0.00028834
321.73682566,0.00072100
321.94851023,-0.00016558
322.16021094,0.00065716
322.37192779,-0.00036418
322.58366076,0.00045139
322.79540986,-0.00029312
323.00717508,0.00085569
323.21895642,0.00018913
323.43075387,-0.00034292
323.64256743,-0.00110169
323.85439710,0.00135923
324.06624286,0.00001876
324.27810473,0.00134515
324.48998269,0.00052251
324.70187673,0.00108282
324.91378686,0.00003310
325.12571308,0.00059337
325.33765537,-0.00059818
325.54961373,0.00050834
325.76158816,0.00045864
325.97357865,0.00094797
326.18558521,-0.00075416
326.39760782,0.00044433
326.60964649,0.00025987
326.82170120,0.00081321
327.03377196,0.00065719
327.24585876,0.00098356
327.45796159,0.00028849
327.67008046,0.00087702
327.88221536,-0.00056970
328.09436627,0.00157928
328.30653321,-0.00037821
328.51871617,0.00055066
328.73091514,0.00046565
328.94313011,0.00023861
329.15536109,0.00018918
329.36760807,0.00152948
329.57987104,0.00057198
329.79215001,0.00087705
330.00444496,0.00029549
330.21675590,0.00126732
330.42908281,-0.00010169
330.64142570,0.00201164
330.85378457,0.00045137
331.06615940,-0.00008763
331.27855019,-0.00028604
331.49095694,0.00021036
331.70337965,0.00031682
331.91581831,0.00137346
332.12827292,-0.00025057
332.34074346,0.00014643
332.55322995,0.00044441
332.76573237,0.00077053
332.97825073,0.00011808
333.19078501,0.00057206
333.40333521,0.00023890
333.61590133,0.00082015
333.82848337,-0.00032163
334.04108131,0.00069275
334.25369516,-0.00003086
334.46632492,0.00024580
334.67897057,-0.00091024
334.89163212,0.00126006
335.10430956,-0.00003790
335.31700288,0.00103995
335.52971208,-0.00065479
335.74243717,0.00113930
335.95517813,-0.00061925
336.16793495,0.00052948
336.38070765,0.00001881
336.59349620,0.00122460
336.80630061,0.00018909
337.01912088,0.00055063
337.23195699,0.00065705
337.44480895,0.00106144
337.65767676,0.00031674
337.87056040,0.00101173
338.08345987,0.00033091
338.29637517,0.00181304
338.50930630,-0.00010895
338.72225325,0.00133803
338.93521602,0.00023150
339.14819459,0.00111099
339.36118898,-0.00037821
339.57419918,0.00141596
339.78722517,0.00023873
340.00026696,0.00034516
340.21332454,0.00039468
340.42639792,0.00045867
340.63948707,0.00016779
340.85259201,0.00176349
341.06571272,0.00003298
341.27884921,0.00128130
341.49200146,-0.00016560
341.70516948,0.00052241
341.91835326,0.00099755
342.13155280,0.00112529
342.34476809,-0.00034994
342.55799912,-0.00017262
342.77124590,0.00025288
342.98450842,0.00109659
343.19778668,0.00012532
343.41108066,0.00120331
343.62439038,-0.00032146
343.83771582,0.00094779
344.05105698,0.00053654
344.26441385,0.00010385
344.47778644,-0.00002357
344.69117473,0.00129554
344.90457873,0.00014653
345.11799842,0.00130946
345.33143382,0.00004725
345.54488490,0.00086278
345.75835167,0.00017482
345.97183412,0.00145851
346.18533225,-0.00018690
346.39884606,0.00158606
346.61237554,0.00073525
346.82592069,0.00059327
347.03948149,0.00136631
347.25305796,0.00113231
347.46665008,-0.00008031
347.68025786,0.00083447
347.89388127,-0.00015125
348.10752034,0.00104021
348.32117504,-0.00077563
348.53484537,0.00109682
348.74853134,-0.00010170
348.96223293,0.00152233
349.17595014,0.00100458
349.38968297,0.00081318
349.60343142,-0.00034991
349.81719548,0.00096927
350.03097514,0.00050120
350.24477040,0.00099765
350.45858126,0.00013231
350.67240772,0.00031692
350.88624977,0.00016793
351.10010740,0.00087707
351.31398061,0.00034506
351.52786940,0.00076363
351.74177377,0.00064307
351.95569370,0.00122463
352.16962920,0.00035228
352.38358026,0.00097639
352.59754688,0.00030943
352.81152905,0.00082022
353.02552677,0.00077770
353.23954004,0.00131682
353.45356884,0.00012525
353.66761319,0.00191251
353.88167307,-0.00015135
354.09574847,0.00151529
354.30983940,-0.00015834
354.52394585,0.00100464
354.73806782,0.00135932
354.95220530,0.00069957
355.16635829,0.00050802
355.38052679,0.00086998
355.59471078,0.00000480
355.80891027,0.00120331
356.02312526,0.00101874
356.23735573,0.00131670
356.45160169,0.00121760
356.66586312,0.00138064
356.88014004,0.00114640
357.09443242,0.00166435
357.30874027,0.00066437
357.52306359,0.00151544
357.73740237,0.00077063
357.95175660,0.00106853
358.16612628,0.00122456
358.38051142,0.00089832
358.59491199,0.00038056
358.80932801,0.00135208
359.02375946,0.00040192
359.23820634,0.00111103
359.45266865,0.00052247
359.66714638,0.00085563
359.88163954,0.00038766
360.09614811,0.00091953
360.31067209,0.00089133
360.52521147,0.00135930
360.73976626,0.00072818
360.95433645,0.00137361
361.16892203,0.00095519
361.38352301,0.00117493
361.59813937,0.00043739
361.81277111,0.00130959
362.02741824,0.00095512
362.24208074,0.00170689
362.45675860,0.00124567
362.67145184,0.00160744
362.88616044,0.00035229
363.10088439,0.00115348
363.31562370,0.00047270
363.53037836,0.00170669
363.74514837,0.00014658
363.95993372,0.00194073
364.17473441,0.00072808
364.38955043,0.00082025
364.60438178,0.00086283
364.81922846,0.00201890
365.03409046,0.00084877
365.24896778,0.00207548
365.46386041,0.00072802
365.67876835,0.00246573
365.89369159,0.00078476
366.10863014,0.00214640
366.32358399,0.00101895
366.53855313,0.00221742
366.75353756,0.00113946
366.96853727,0.00189810
367.18355227,0.00139484
367.39858254,0.00111093
367.61362809,0.00157907
367.82868890,0.00243706
368.04376498,0.00095516
368.25885632,0.00196214
368.47396292,0.00080615
368.68908477,0.00183437
368.90422187,0.00089125
369.11937422,0.00192671
369.33454180,0.00151527
369.54972463,0.00239475
369.76492268,0.00155081
369.98013597,0.00187704
370.19536448,0.00133101
370.41060820,0.00220332
370.62586715,0.00130956
370.84114131,0.00274234
371.05643067,0.00110378
371.27173524,0.00177059
371.48705501,0.00139486
371.70238998,0.00315370
371.91774014,0.00211820
372.13310548,0.00257901
372.34848602,0.00163585
372.56388173,0.00314651
372.77929261,0.00125987
372.99471867,0.00288406
373.21015989,0.00150116
373.42561628,0.00255080
373.64108783,0.00146581
373.85657454,0.00237333
374.07207639,0.00191237
374.28759340,0.00253653
374.50312554,0.00191262
374.71867283,0.00241611
374.93423525,0.00212521
375.14981280,0.00322448
375.36540548,0.00180606
375.58101328,0.00277051
375.79663621,0.00216081
376.01227424,0.00254351
376.22792739,0.00237339
376.44359564,0.00303303
376.65927900,0.00167851
376.87497746,0.00278478
377.09069101,0.00205436
377.30641965,0.00185566
377.52216337,0.00215350
377.73792218,0.00216788
377.95369607,0.00133791
378.16948503,0.00340179
378.38528907,0.00172791
378.60110817,0.00203996
378.81694233,0.00131681
379.03279155,0.00218905
379.24865582,0.00277780
379.46453514,0.00306133
379.68042951,0.00269248
379.89633893,0.00350111
380.11226337,0.00230240
380.32820286,0.00245146
380.54415737,0.00164996
380.76012691,0.00267834
380.97611147,0.00208975
381.19211105,0.00250831
381.40812564,0.00200466
381.62415524,0.00321739
381.84019984,0.00223865
382.05625945,0.00325989
382.27233405,0.00151535
382.48842365,0.00329551
382.70452824,0.00274939
382.92064781,0.00326699
383.13678236,0.00294792
383.35293189,0.00369972
383.56909639,0.00333096
383.78527586,0.00331665
384.00147030,0.00223175
384.21767970,0.00382022
384.43390405,0.00289839
384.65014336,0.00365709
384.86639761,0.00213954
385.08266681,0.00270670
385.29895095,0.00343730
385.51525002,0.00452232
385.73156403,0.00401166
385.94789297,0.00423874
386.16423683,0.00371377
386.38059561,0.00433083
386.59696931,0.00388385
386.81335791,0.00471370
387.02976143,0.00384856
387.24617985,0.00430942
387.46261317,0.00401899
387.67906139,0.00478476
387.89552449,0.00338063
388.11200249,0.00550819
388.32849537,0.00415362
388.54500313,0.00466414
388.76152576,0.00423145
388.97806327,0.00493384
389.19461564,0.00445152
389.41118288,0.00561468
389.62776497,0.00483439
389.84436192,0.00594800
390.06097372,0.00452236
390.27760037,0.00540181
390.49424186,0.00507563
390.71089819,0.00563568
390.92756936,0.00572811
391.14425536,0.00667111
391.36095618,0.00552955
391.57767182,0.00616779
391.79440229,0.00580600
392.01114757,0.00626001
392.22790766,0.00561467
392.44468255,0.00633087
392.66147225,0.00667845
392.87827675,0.00669258
393.09509604,0.00585557
393.31193012,0.00705411
393.52877899,0.00578460
393.74564264,0.00736620
393.96252107,0.00538762
394.17941427,0.00757198
394.39632224,0.00607544
394.61324498,0.00714635
394.83018248,0.00613948
395.04713474,0.00732401
395.26410175,0.00503288
395.48108351,0.00698327
395.69808001,0.00708966
395.91509126,0.00786990
396.13211725,0.00684157
396.34915796,0.00639472
396.56621341,0.00611097
396.78328359,0.00711821
397.00036848,0.00571388
397.21746809,0.00754366
397.43458242,0.00670686
397.65171145,0.00710379
397.86885519,0.00699743
398.08601363,0.00766415
398.30318677,0.00636635
398.52037460,0.00799033
398.73757711,0.00602580
398.95479432,0.00740890
399.17202620,0.00653659
399.38927276,0.00804015
399.60653400,0.00607540
399.82380990,0.00784133
400.04110046,0.00571377
400.25840569,0.00667831
400.47572557,0.00707550
400.69306011,0.00763582
400.91040929,0.00769257
401.12777312,0.00826715
401.34515158,0.00618200
401.56254469,0.00730940
401.77995242,0.00592649
401.99737478,0.00787702
402.21481177,0.00881313
402.43226338,0.00706139
402.64972960,0.00869252
402.86721043,0.00675661
403.08470588,0.00752938
403.30221592,0.00734508
403.51974057,0.00850083
403.73727981,0.00701163
403.95483364,0.00864281
404.17240206,0.00782006
404.38998506,0.00811111
404.60758264,0.00789110
404.82519479,0.00810399
405.04282152,0.00736627
405.26046282,0.00808966
405.47811867,0.00739467
405.69578909,0.00899728
405.91347406,0.00778482
406.13117358,0.00783428
406.34888765,0.00815358
406.56661626,0.00918887
406.78435941,0.00775637
407.00211710,0.00925987
407.21988931,0.00888395
407.43767605,0.00981297
407.65547732,0.00792669
407.87329310,0.00944437
408.09112340,0.00998355
408.30896820,0.01015357
408.52682751,0.00963586
408.74470133,0.01011803
408.96258964,0.00893370
409.18049245,0.01112504
409.39840974,0.01033772
409.61634153,0.01227432
409.83428779,0.01033799
410.05224853,0.01064997
410.27022375,0.01042995
410.48821343,0.01184854
410.70621758,0.01213207
410.92423620,0.01250800
411.14226927,0.01208974
411.36031679,0.01320293
411.57837876,0.01243706
411.79645518,0.01347253
412.01454604,0.01145869
412.23265133,0.01360033
412.45077106,0.01375646
412.66890522,0.01337360
412.88705380,0.01381314
413.10521681,0.01418892
413.32339423,0.01325956
413.54158606,0.01399037
413.75979230,0.01378461
413.97801295,0.01516758
414.19624800,0.01447256
414.41449744,0.01460029
414.63276128,0.01531646
414.85103950,0.01496189
415.06933211,0.01472069
415.28763910,0.01610375
415.50596047,0.01589101
415.72429620,0.01623835
415.94264631,0.01525267
416.16101078,0.01665705
416.37938961,0.01658605
416.59778280,0.01734484
416.81619033,0.01650811
417.03461222,0.01779158
417.25304845,0.01700441
417.47149902,0.01751536
417.68996392,0.01725279
417.90844316,0.01748669
418.12693673,0.01698312
418.34544461,0.01878474
418.56396682,0.01835195
418.78250334,0.01853636
419.00105418,0.01857894
419.21961932,0.01853636
419.43819876,0.01816053
419.65679251,0.02082016
419.87540054,0.01861430
420.09402287,0.02034487
420.31265949,0.01776320
420.53131039,0.01831671
420.74997557,0.01822440
420.96865502,0.01880558
421.18734874,0.01668526
421.40605674,0.01808237
421.62477899,0.01860734
421.84351550,0.01872790
422.06226627,0.01846539
422.28103128,0.01984851
422.49981055,0.01928120
422.71860405,0.01885558
422.93741179,0.01779876
423.15623377,0.01867103
423.37506998,0.01805401
423.59392041,0.01787659
423.81278507,0.01905402
424.03166394,0.01949383
424.25055703,0.01857189
424.46946433,0.01802567
424.68838583,0.01799736
424.90732154,0.01917474
425.12627144,0.01803997
425.34523554,0.01823160
425.56421382,0.01746540
425.78320629,0.01832354
426.00221295,0.01903269
426.22123378,0.01823141
426.44026878,0.01653659
426.65931795,0.01947254
426.87838129,0.01814630
427.09745879,0.01869947
427.31655045,0.01749389
427.53565626,0.01912491
427.75477621,0.01774923
427.97391032,0.01816743
428.19305856,0.01753637
428.41222094,0.01860740
428.63139746,0.01780603
428.85058810,0.01885546
429.06979287,0.01784843
429.28901175,0.01953623
429.50824476,0.01845835
429.72749187,0.01865696
429.94675310,0.01794058
430.16602843,0.01796214
430.38531786,0.01882683
430.60462138,0.01992649
430.82393900,0.01958570
431.04327071,0.02021731
431.26261649,0.01958595
431.48197636,0.01999753
431.70135031,0.02053630
431.92073833,0.02057174
432.14014041,0.02091931
432.35955656,0.02082727
432.57898677,0.01878455
432.79843103,0.01918875
433.01788935,0.01958625
433.23736171,0.02091234
433.45684812,0.01990523
433.67634857,0.02115348
433.89586305,0.02097587
434.11539156,0.02196880
434.33493410,0.02174877
434.55449066,0.02171351
434.77406125,0.02172802
434.99364584,0.02184140
435.21324445,0.02216756
435.43285707,0.02392633
435.65248368,0.02274193
435.87212430,0.02280583
436.09177891,0.02294771
436.31144752,0.02374936
436.53113010,0.02310359
436.75082668,0.02517470
436.97053723,0.02353621
437.19026175,0.02507524
437.41000024,0.02428082
437.62975270,0.02456475
437.84951913,0.02537313
438.06929951,0.02596891
438.28909385,0.02454348
438.50890213,0.02726678
438.72872436,0.02671354
438.94856054,0.02833042
439.16841065,0.02794769
439.38827469,0.02940170
439.60815267,0.02803970
439.82804457,0.02938725
440.04795039,0.02837309
440.26787013,0.02949361
440.48780379,0.03045820
440.70775135,0.03258588
440.92771282,0.03113915
441.14768819,0.03251490
441.36767746,0.03206090
441.58768062,0.03368511
441.80769767,0.03100450
442.02772860,0.03250765
442.24777342,0.03390495
442.46783211,0.03444374
442.68790468,0.03386233
442.90799111,0.03560716
443.12809141,0.03404692
443.34820557,0.03486247
443.56833359,0.03481277
443.78847546,0.03506091
444.00863118,0.03469245
444.22880074,0.03707516
444.44898415,0.03616013
444.66918139,0.03530181
444.88939246,0.03736583
445.10961736,0.03647244
445.32985609,0.03546519
445.55010863,0.03769925
445.77037499,0.03748651
445.99065517,0.03741556
446.21094915,0.03715308
446.43125693,0.03965668
446.65157852,0.03755042
446.87191390,0.03659293
447.09226307,0.03675575
447.31262604,0.03943719
447.53300278,0.03685543
447.75339331,0.03786941
447.97379760,0.03875580
448.19421568,0.03831659
448.41464752,0.03789802
448.63509312,0.04032362
448.85555248,0.03945826
449.07602560,0.03998987
449.29651246,0.03674890
449.51701308,0.03997599
449.73752744,0.03854333
449.95805553,0.04013897
450.17859737,0.03725245
450.39915293,0.03898281
450.61972222,0.03879149
450.84030523,0.03979848
451.06090197,0.03679853
451.28151241,0.03862845
451.50213657,0.03729499
451.72277443,0.03887671
451.94342600,0.03682002
452.16409126,0.03658567
452.38477022,0.03633071
452.60546287,0.03849356
452.82616921,0.03680550
453.04688922,0.03714611
453.26762292,0.03699003
453.48837029,0.03775610
453.70913133,0.03825246
453.92990604,0.03857156
454.15069440,0.03667085
454.37149643,0.03926653
454.59231211,0.03707512
454.81314144,0.03723118
455.03398441,0.03780568
455.25484103,0.03677008
455.47571128,0.03582709
455.69659517,0.03703253
455.91749269,0.03596881
456.13840383,0.03668510
456.35932859,0.03731637
456.58026698,0.03708203
456.80121897,0.03674197
457.02218457,0.03817442
457.24316378,0.03586224
457.46415659,0.03552932
457.68516300,0.03591201
457.90618300,0.03869903
458.12721659,0.03759985
458.34826376,0.03657151
458.56932451,0.03725965
458.79039884,0.03630897
459.01148675,0.03723832
459.23258822,0.03850784
459.45370325,0.03730928
459.67483185,0.03810357
459.89597400,0.03931652
460.11712971,0.03690498
460.33829896,0.03845120
460.55948176,0.03845796
460.78067810,0.03946501
461.00188797,0.03892598
461.22311138,0.03944379
461.44434831,0.03872044
461.66559877,0.04200441
461.88686275,0.03948639
462.10814024,0.03881264
462.32943125,0.04093295
462.55073576,0.04056439
462.77205378,0.04064992
462.99338530,0.04329502
463.21473031,0.04283382
463.43608881,0.04109644
463.65746080,0.04132320
463.87884628,0.04378420
464.10024523,0.04118165
464.32165766,0.04386237
464.54308356,0.04330215
464.76452293,0.04703948
464.98597576,0.04352885
465.20744205,0.04471326
465.42892179,0.04555024
465.65041498,0.04757139
465.87192163,0.04696130
466.09344171,0.04792639
466.31497523,0.04696153
466.53652219,0.04784822
466.75808258,0.04750063
466.97965639,0.04962118
467.20124363,0.04943644
467.42284429,0.05174858
467.64445836,0.04884795
467.86608584,0.05275565
468.08772672,0.05156448
468.30938101,0.05336583
468.53104870,0.05347221
468.75272978,0.05403955
468.97442425,0.05159263
469.19613211,0.05381251
469.41785334,0.05477711
469.63958796,0.05594698
469.86133595,0.05630874
470.08309731,0.05762108
470.30487204,0.05661377
470.52666012,0.05887644
470.74846157,0.05573432
470.97027636,0.05633015
471.19210451,0.05801822
471.41394600,0.06099012
471.63580084,0.05655726
471.85766901,0.05938687
472.07955051,0.06200386
472.30144535,0.06571331
472.52335351,0.06320981
472.74527499,0.06499690
472.96720978,0.06214597
473.18915789,0.06475567
473.41111931,0.06619531
473.63309403,0.06818115
473.85508206,0.06713869
474.07708338,0.06875564
474.29909799,0.06915280
474.52112589,0.07080499
474.74316707,0.06746483
474.96522154,0.06975559
475.18728928,0.07310999
475.40937030,0.07360681
475.63146458,0.06847231
475.85357213,0.07179077
476.07569294,0.07310313
476.29782700,0.07335164
476.51997431,0.07454289
476.74213488,0.07384074
476.96430868,0.07396846
477.18649573,0.07430146
477.40869601,0.07286907
477.63090953,0.07138672
477.85313627,0.07227300
478.07537624,0.07515977
478.29762942,0.07153571
478.51989582,0.07555715
478.74217543,0.07540816
478.96446825,0.07636556
479.18677427,0.07422337
479.40909350,0.07583364
479.63142591,0.07367077
479.85377152,0.07508193
480.07613032,0.07134432
480.29850229,0.07312437
480.52088745,0.07378389
480.74328578,0.07776248
480.96569729,0.07447192
481.18812196,0.07420242
481.41055979,0.07596854
481.63301078,0.07245077
481.85547492,0.07293290
482.07795222,0.07402519
482.30044266,0.07545761
482.52294625,0.07327368
482.74546297,0.07505356
482.96799283,0.07618113
483.19053581,0.07281960
483.41309193,0.07667035
483.63566116,0.07352832
483.85824352,0.07451466
484.08083899,0.07435149
484.30344756,0.07364213
484.52606925,0.07336536
484.74870403,0.07493262
484.97135192,0.07215961
485.19401289,0.07432974
485.41668696,0.07549301
485.63937411,0.07352141
485.86207435,0.07401101
486.08478766,0.07470577
486.30751404,0.07466323
486.53025350,0.07546484
486.75300601,0.07530179
486.97577160,0.07381226
487.19855023,0.07234434
487.42134192,0.07562802
487.64414666,0.07558554
487.86696445,0.07662816
488.08979527,0.07709625
488.31263914,0.07452859
488.53549603,0.07416684
488.75836596,0.07204649
488.98124891,0.06748605
489.20414487,0.07143623
489.42705386,0.07095428
489.64997586,0.07453590
489.87291087,0.07554305
490.09585888,0.07457853
490.31881989,0.07364208
490.54179390,0.07927332
490.76478090,0.07801079
490.98778089,0.07545759
491.21079386,0.07462101
491.43381981,0.07391867
491.65685874,0.07604651
491.87991064,0.07359939
492.10297551,0.07201093
492.32605334,0.07608175
492.54914413,0.07745040
492.77224788,0.07788332
492.99536458,0.07701771
493.21849423,0.07750723
493.44163682,0.07797541
493.66479235,0.07620256
493.88796081,0.07734407
494.11114221,0.07964914
494.33433654,0.07917398
494.55754378,0.08287591
494.78076395,0.07988321
495.00399703,0.08140086
495.22724302,0.07600391
495.45050192,0.07803914
495.67377373,0.07828044
495.89705843,0.08247876
496.12035602,0.08338666
496.34366651,0.08862778
496.56698988,0.08594010
496.79032614,0.08424466
497.01367528,0.08464184
497.23703729,0.08524511
497.46041217,0.08452144
497.68379991,0.08545769
497.90720052,0.08302489
498.13061399,0.08500335
498.35404031,0.08686849
498.57747948,0.09086175
498.80093150,0.08625857
499.02439636,0.09164144
499.24787406,0.08937230
499.47136459,0.08723801
499.69486795,0.08904644
499.91838414,0.08909580
500.14191314,0.08869848
500.36545497,0.09457077
500.58900961,0.09447847
500.81257706,0.09754257
501.03615732,0.09297539
501.25975037,0.09384069
501.48335623,0.09438673
501.70697488,0.09804629
501.93060631,0.09563472
502.15425054,0.10006046
502.37790754,0.09638614
502.60157732,0.10147845
502.82525987,0.09746449
503.04895520,0.10389000
503.27266328,0.10144310
503.49638413,0.10544297
503.72011774,0.10813825
503.94386410,0.11049996
504.16762320,0.10963438
504.39139505,0.10996799
504.61517965,0.10781184
504.83897697,0.10879768
505.06278703,0.11200323
505.28660982,0.11598929
505.51044534,0.11704617
505.73429357,0.11508127
505.95815452,0.11179772
506.18202818,0.11210232
506.40591456,0.11630146
506.62981363,0.11983295
506.85372540,0.12358473
507.07764988,0.12133686
507.30158704,0.12071219
507.52553689,0.11621608
507.74949942,0.11669133
507.97347464,0.11538582
508.19746253,0.11685415
508.42146309,0.12381160
508.64547632,0.12228008
508.86950221,0.12619458
509.09354076,0.11974786
509.31759197,0.12587563
509.54165582,0.12693224
509.76573233,0.13364141
509.98982148,0.13104578
510.21392326,0.12937194
510.43803769,0.12696785
510.66216474,0.13335789
510.88630442,0.13388252
511.11045673,0.13842158
511.33462165,0.14409553
511.55879919,0.13814472
511.78298933,0.13687524
512.00719209,0.14164839
512.23140744,0.13759178
512.45563540,0.14012340
512.67987595,0.14074020
512.90412909,0.13888987
513.12839482,0.13709526
513.35267313,0.13922323
513.57696401,0.13413768
513.80126748,0.14103832
514.02558351,0.14450646
514.24991211,0.14491071
514.47425327,0.13878347
514.69860698,0.14061999
514.92297325,0.14117341
515.14735208,0.14201031
515.37174344,0.14774768
515.59614735,0.14437931
515.82056380,0.14047145
516.04499278,0.13649213
516.26943429,0.13969085
516.49388832,0.14283287
516.71835488,0.14488260
516.94283395,0.13898898
517.16732554,0.14714474
517.39182964,0.14283981
517.61634624,0.13949923
517.84087534,0.13931508
518.06541694,0.14579751
518.28997104,0.14757758
518.51453762,0.15186106
518.73911668,0.14944955
518.96370823,0.15165520
519.18831226,0.14814495
519.41292875,0.14609532
519.63755772,0.14608782
519.86219915,0.15291761
520.08685304,0.14752809
520.31151939,0.14603148
520.53619819,0.14945013
520.76088944,0.14892515
520.98559313,0.14665589
521.21030926,0.14911612
521.43503783,0.14502423
521.65977883,0.14865535
521.88453226,0.14883270
522.10929811,0.14988929
522.33407639,0.14929385
522.55886708,0.14708822
522.78367018,0.14637206
523.00848568,0.14538610
523.23331360,0.13815900
523.45815391,0.13814503
523.68300662,0.13417308
523.90787172,0.13779743
524.13274920,0.13538596
524.35763907,0.14607358
524.58254132,0.14370540
524.80745595,0.14262032
525.03238294,0.13996041
525.25732230,0.13586106
525.48227403,0.13950655
525.70723812,0.14017989
525.93221456,0.14255640
526.15720335,0.14113775
526.38220449,0.13923700
526.60721797,0.14328664
526.83224379,0.14726520
527.05728194,0.14792496
527.28233243,0.14143560
527.50739524,0.14486796
527.73247037,0.14110925
527.95755782,0.14018030
528.18265759,0.13768423
528.40776967,0.14000279
528.63289405,0.14357743
528.85803074,0.14909547
529.08317972,0.14668354
529.30834100,0.14438574
529.53351457,0.14049243
529.75870043,0.14220882
529.98389856,0.14564841
530.20910898,0.14332910
530.43433166,0.14389631
530.65956662,0.14438599
530.88481385,0.14284734
531.11007333,0.14134310
531.33534507,0.13669099
531.56062907,0.14171934
531.78592532,0.13668378
532.01123381,0.14031500
532.23655454,0.13860608
532.46188751,0.14403837
532.68723271,0.14542858
532.91259015,0.14675450
533.13795980,0.14422261
533.36334168,0.14232249
533.58873578,0.14659159
533.81414209,0.14530048
534.03956060,0.14719418
534.26499133,0.14643554
534.49043425,0.14768374
534.71588937,0.14676179
534.94135668,0.14581137
535.16683618,0.15451364
535.39232787,0.15282539
535.61783174,0.15011653
535.84334778,0.14740729
536.06887599,0.15032224
536.29441638,0.14171908
536.51996892,0.14849923
536.74553363,0.15325828
536.97111050,0.15710936
537.19669951,0.15680423
537.42230068,0.15949223
537.64791398,0.15225114
537.87353943,0.15330083
538.09917702,0.15757717
538.32482673,0.15871909
538.55048857,0.16106639
538.77616254,0.16253476
539.00184863,0.15862665
539.22754683,0.15752045
539.45325714,0.15751310
539.67897956,0.16589625
539.90471409,0.16193201
540.13046071,0.16459142
540.35621943,0.16151337
540.58199024,0.17079017
540.80777314,0.17899589
541.03356812,0.17752736
541.25937518,0.17044301
541.48519431,0.17011629
541.71102552,0.17300971
541.93686879,0.17330737
542.16272412,0.18061264
542.38859152,0.19081098
542.61447097,0.18958442
542.84036246,0.18591739
543.06626601,0.17910898
543.29218160,0.17710194
543.51810922,0.17897427
543.74404888,0.18754833
543.97000058,0.18739223
544.19596429,0.18135715
544.42194003,0.18912281
544.64792779,0.19381118
544.87392756,0.19310192
545.09993934,0.19298134
545.32596313,0.19911586
545.55199892,0.19896006
545.77804671,0.19805910
546.00410649,0.19454865
546.23017826,0.19822218
546.45626202,0.20084614
546.68235775,0.19142771
546.90846547,0.20152714
547.13458516,0.20880365
547.36071682,0.21484669
547.58686044,0.20984591
547.81301603,0.20929342
548.03918357,0.21166883
548.26536307,0.21242071
548.49155451,0.20839256
548.71775790,0.20657696
548.94397323,0.20328600
549.17020050,0.21346315
549.39643970,0.22020070
549.62269083,0.22257674
549.84895388,0.22440629
550.07522886,0.23130649
550.30151575,0.22770453
550.52781456,0.22270420
550.75412527,0.23088132
550.98044789,0.23566128
551.20678240,0.23207270
551.43312882,0.23025694
551.65948713,0.23066859
551.88585732,0.23023567
552.11223940,0.23251261
552.33863336,0.23881737
552.56503919,0.23959769
552.79145690,0.24254796
553.01788648,0.24417179
553.24432792,0.26022172
553.47078122,0.25902251
553.69724637,0.26025627
553.92372338,0.25483880
554.15021223,0.25169665
554.37671293,0.24170327
554.60322547,0.24648420
554.82974984,0.24761893
555.05628604,0.25288088
555.28283408,0.25668267
555.50939393,0.25463280
555.73596561,0.25615803
555.96254909,0.26148401
556.18914440,0.26466805
556.41575150,0.26897359
556.64237041,0.27044828
556.86900112,0.26660420
557.09564363,0.25759777
557.32229792,0.26403023
557.54896401,0.26598696
557.77564187,0.26878883
558.00233152,0.26756175
558.22903293,0.27420709
558.45574612,0.28008642
558.68247108,0.28311443
558.90920780,0.26489504
559.13595627,0.27041969
559.36271650,0.26593769
559.58948848,0.27209353
559.81627221,0.27673869
560.04306768,0.28744806
560.26987489,0.27874616
560.49669383,0.29072517
560.72352450,0.29128475
560.95036690,0.28072535
561.17722102,0.27136333
561.40408685,0.26845526
561.63096440,0.28212175
561.85785366,0.29173162
562.08475463,0.28985919
562.31166730,0.28071770
562.53859166,0.27534161
562.76552772,0.28273913
562.99247547,0.28588761
563.21943490,0.28697994
563.44640601,0.27974626
563.67338881,0.27975323
563.90038327,0.28406496
564.12738940,0.29754757
564.35440720,0.29409340
564.58143666,0.28766078
564.80847778,0.28605865
565.03553055,0.29918535
565.26259497,0.30066776
565.48967103,0.30650501
565.71675873,0.29377476
565.94385807,0.28574546
566.17096905,0.28929211
566.39809165,0.29103028
566.62522587,0.28293796
566.85237172,0.28688148
567.07952918,0.28173879
567.30669826,0.28574645
567.53387894,0.29031331
567.76107123,0.29291630
567.98827512,0.28630641
568.21549060,0.29169603
568.44271767,0.29051234
568.66995634,0.28446267
568.89720658,0.28572482
569.12446841,0.28522822
569.35174181,0.28375295
569.57902679,0.28176001
569.80632333,0.27865388
570.03363143,0.28398037
570.26095110,0.27719291
570.48828232,0.27096628
570.71562509,0.27983170
570.94297941,0.27968258
571.17034527,0.28038432
571.39772267,0.27015005
571.62511161,0.26973907
571.85251208,0.26669627
572.07992407,0.27138473
572.30734759,0.27382431
572.53478263,0.25924250
572.76222918,0.26295961
572.98968724,0.26036321
573.21715681,0.25637044
573.44463788,0.26007288
573.67213045,0.26068265
573.89963452,0.26470404
574.12715007,0.26470382
574.35467712,0.26107262
574.58221564,0.25881752
574.80976564,0.26164712
575.03732712,0.26051882
575.26490007,0.26455478
575.49248448,0.26456883
575.72008036,0.26162583
575.94768769,0.26549825
576.17530648,0.26249747
576.40293671,0.26281059
576.63057840,0.26041276
576.85823152,0.25034211
577.08589608,0.25788131
577.31357208,0.26565381
577.54125951,0.26754758
577.76895836,0.27199435
577.99666863,0.27228521
578.22439032,0.25700869
578.45212343,0.26765408
578.67986794,0.25656900
578.90762386,0.25907291
579.13539118,0.26043410
579.36316989,0.26285937
579.59096000,0.28271762
579.81876150,0.28358965
580.04657439,0.27783828
580.27439865,0.27726357
580.50223429,0.27053343
580.73008131,0.26419334
580.95793969,0.25949763
581.18580944,0.26388858
581.41369055,0.27500114
581.64158301,0.27948369
581.86948683,0.27310051
582.09740200,0.27280955
582.32532851,0.27473923
582.55326636,0.27055425
582.78121555,0.26671032
583.00917606,0.27918603
583.23714791,0.28329223
583.46513108,0.27996618
583.69312558,0.26992380
583.92113138,0.27135637
584.14914850,0.26532774
584.37717693,0.26637000
584.60521666,0.28195181
584.83326769,0.29003012
585.06133002,0.28242698
585.28940364,0.28882372
585.51748854,0.29958988
585.74558473,0.30945529
585.97369220,0.29552550
586.20181094,0.28408667
586.42994096,0.28117890
586.65808224,0.28989508
586.88623479,0.29995879
587.11439859,0.29373185
587.34257365,0.28393041
587.57075997,0.29339802
587.79895752,0.29734133
588.02716633,0.29073185
588.25538637,0.29241927
588.48361764,0.30512139
588.71186015,0.30593024
588.94011388,0.30621389
589.16837883,0.30419968
589.39665501,0.31326372
589.62494239,0.30607171
589.85324099,0.30595163
590.08155080,0.31527756
590.30987180,0.32358916
590.53820401,0.32144765
590.76654741,0.30894457
590.99490200,0.30061064
591.22326778,0.31131324
591.45164473,0.31417137
591.68003287,0.32296559
591.90843218,0.32418527
592.13684266,0.33129176
592.36526431,0.33483720
592.59369711,0.33939100
592.82214108,0.33441939
593.05059620,0.33734154
593.27906246,0.33311437
593.50753988,0.34255395
593.73602843,0.34768925
593.96452813,0.35099344
594.19303895,0.34183007
594.42156091,0.34005049
594.65009399,0.35160357
594.87863819,0.37016366
595.10719351,0.35283043
595.33575994,0.34066803
595.56433748,0.34218499
595.79292613,0.35066009
596.02152587,0.34408550
596.25013672,0.34980208
596.47875865,0.36279487
596.70739168,0.36508525
596.93603579,0.35417094
597.16469098,0.37009931
597.39335724,0.37207140
597.62203458,0.37187297
597.85072299,0.37412054
598.07942246,0.37802221
598.30813299,0.36731941
598.53685458,0.36434812
598.76558722,0.35992250
598.99433091,0.37568810
599.22308564,0.36848301
599.45185141,0.36878736
599.68062822,0.36500747
599.90941606,0.36496508
600.13821493,0.37695034
600.36702482,0.38688714
600.59584573,0.39492182
600.82467766,0.39617710
601.05352060,0.39416327
601.28237455,0.41688658
601.51123949,0.40126198
601.74011544,0.39836191
601.96900239,0.40351088
602.19790032,0.41534751
602.42680925,0.41761742
602.65572915,0.41345401
602.88466004,0.41280870
603.11360190,0.41129811
603.34255473,0.41884387
603.57151853,0.42445314
603.80049329,0.41869494
604.02947901,0.41675126
604.25847568,0.42407741
604.48748331,0.42965944
604.71650188,0.43224047
604.94553140,0.45276548
605.17457185,0.45269386
605.40362324,0.44683583
605.63268555,0.42699991
605.86175880,0.42774454
606.09084296,0.42635408
606.31993805,0.42672295
606.54904405,0.43587217
606.77816096,0.44428325
607.00728877,0.44311353
607.23642749,0.43890667
607.46557710,0.43231843
607.69473761,0.45470875
607.92390901,0.46204201
608.15309130,0.45087195
608.38228446,0.44321933
608.61148851,0.44215643
608.84070342,0.43504233
609.06992921,0.44203576
609.29916586,0.44480046
609.52841338,0.47806965
609.75767175,0.46534680
609.98694097,0.45569436
610.21622105,0.45454506
610.44551196,0.46939531
610.67481372,0.45138272
610.90412632,0.46144602
611.13344975,0.45355243
611.36278401,0.45343976
611.59212909,0.45941124
611.82148500,0.47379433
612.05085172,0.47093504
612.28022925,0.45661607
612.50961760,0.44863108
612.73901674,0.44587225
612.96842669,0.44851725
613.19784743,0.44626182
613.42727897,0.44384366
613.65672130,0.44807039
613.88617441,0.45879399
614.11563829,0.46146084
614.34511296,0.46119666
614.57459840,0.46753783
614.80409460,0.46280813
615.03360157,0.44275825
615.26311930,0.44201354
615.49264779,0.44648808
615.72218703,0.43245406
615.95173701,0.42816260
616.18129774,0.42653109
616.41086921,0.44047522
616.64045141,0.47432593
616.87004435,0.47430349
617.09964801,0.47102760
617.32926240,0.46946003
617.55888750,0.45568729
617.78852332,0.45407735
618.01816986,0.44620555
618.24782710,0.45126189
618.47749504,0.44455949
618.70717368,0.46477223
618.93686302,0.46234699
619.16656305,0.44558112
619.39627376,0.44206365
619.62599516,0.46016914
619.85572723,0.46116905
620.08546998,0.46254509
620.31522341,0.46013390
620.54498749,0.46977970
620.77476224,0.45118385
621.00454765,0.43190023
621.23434372,0.43347481
621.46415043,0.43187898
621.69396779,0.42482917
621.92379579,0.42575135
622.15363443,0.42805583
622.38348371,0.44720556
622.61334361,0.46612715
622.84321414,0.46407071
623.07309530,0.44824781
623.30298707,0.44714871
623.53288945,0.44334702
623.76280244,0.44698550
623.99272604,0.42985105
624.22266024,0.43097806
624.45260504,0.42240343
624.68256044,0.43353119
624.91252642,0.43558776
625.14250299,0.43095694
625.37249013,0.42331838
625.60248786,0.41960299
625.83249616,0.41764511
626.06251503,0.42163781
626.29254446,0.40847517
626.52258446,0.40258197
626.75263501,0.41564478
626.98269611,0.42168753
627.21276777,0.43959500
627.44284996,0.43734737
627.67294270,0.45738938
627.90304598,0.44122660
628.13315979,0.42571596
628.36328412,0.42236115
628.59341899,0.42275099
628.82356437,0.43815559
629.05372027,0.42682221
629.28388668,0.43331149
629.51406360,0.42883689
629.74425102,0.42022625
629.97444894,0.41664998
630.20465736,0.40836464
630.43487627,0.39635312
630.66510567,0.38885917
630.89534556,0.40463510
631.12559592,0.39948230
631.35585676,0.41543053
631.58612807,0.40394210
631.81640985,0.41026364
632.04670209,0.41116300
632.27700479,0.40435069
632.50731795,0.40228897
632.73764156,0.41697059
632.96797562,0.42966700
633.19832012,0.42919208
633.42867505,0.41246627
633.65904043,0.41102097
633.88941623,0.40608179
634.11980247,0.39245703
634.35019912,0.37978696
634.58060620,0.37325949
634.81102369,0.38601793
635.04145159,0.37930941
635.27188989,0.37153063
635.50233860,0.37696713
635.73279771,0.38422786
635.96326722,0.37665987
636.19374711,0.36148207
636.42423739,0.36001397
636.65473805,0.36296745
636.88524909,0.36738425
637.11577051,0.37503980
637.34630230,0.38033324
637.57684445,0.39085197
637.80739696,0.39131610
638.03795984,0.40376428
638.26853306,0.41881787
638.49911664,0.40625407
638.72971056,0.39574687
638.96031483,0.38729077
639.19092943,0.39332572
639.42155436,0.37934332
639.65218963,0.38231400
639.88283522,0.37861592
640.11349113,0.38430385
640.34415737,0.37704188
640.57483391,0.36785948
640.80552076,0.36788218
641.03621792,0.37368957
641.26692538,0.38843091
641.49764314,0.39513138
641.72837119,0.39428552
641.95910953,0.39218822
642.18985815,0.38147110
642.42061706,0.37097534
642.65138624,0.37238844
642.88216570,0.37955894
643.11295542,0.39062385
643.34375541,0.39168607
643.57456566,0.38618080
643.80538617,0.36983946
644.03621693,0.36671025
644.26705794,0.37694296
644.49790919,0.38351158
644.72877068,0.39372624
644.95964241,0.38152912
645.19052437,0.38232372
645.42141656,0.38083481
645.65231897,0.37810584
645.88323161,0.38323626
646.11415446,0.38761971
646.34508752,0.39297469
646.57603079,0.38102999
646.80698426,0.38596516
647.03794794,0.39424888
647.26892181,0.38868848
647.49990587,0.39682986
647.73090011,0.40269507
647.96190455,0.39352523
648.19291916,0.40070171
648.42394395,0.40314808
648.65497890,0.38920589
648.88602403,0.38310000
649.11707932,0.38980868
649.34814477,0.40944672
649.57922037,0.42134038
649.81030613,0.41636884
650.04140203,0.40322700
650.27250807,0.41279444
650.50362426,0.42289355
650.73475058,0.42402787
650.96588703,0.41063137
651.19703360,0.41685088
651.42819030,0.42434062
651.65935712,0.42451717
651.89053405,0.43077259
652.12172110,0.43167331
652.35291825,0.41787897
652.58412550,0.42221233
652.81534285,0.43250312
653.04657029,0.43499287
653.27780783,0.43251005
653.50905545,0.43296485
653.74031315,0.42830473
653.97158093,0.43773007
654.20285879,0.45128978
654.43414671,0.45293548
654.66544470,0.43707061
654.89675276,0.45332546
655.12807087,0.47718355
655.35939903,0.46685806
655.59073725,0.46186422
655.82208551,0.45846067
656.05344381,0.46569400
656.28481214,0.47461635
656.51619052,0.47664491
656.74757892,0.47846035
656.97897735,0.46031852
657.21038579,0.46005608
657.44180426,0.45643213
657.67323274,0.46072927
657.90467122,0.47365898
658.13611972,0.49790683
658.36757821,0.50546640
658.59904670,0.50477953
658.83052518,0.48709826
659.06201365,0.47732518
659.29351211,0.48295082
659.52502055,0.48939014
659.75653896,0.48894929
659.98806735,0.48558808
660.21960570,0.48578613
660.45115402,0.50627491
660.68271230,0.49781470
660.91428054,0.48339614
661.14585873,0.48480063
661.37744686,0.48467969
661.60904494,0.48572910
661.84065296,0.50841024
662.07227092,0.50922554
662.30389881,0.51045242
662.53553663,0.51484932
662.76718437,0.51719667
662.99884203,0.51228902
663.23050960,0.51931725
663.46218709,0.52802742
663.69387449,0.53258726
663.92557178,0.53133841
664.15727898,0.53891338
664.38899608,0.53028253
664.62072306,0.53236024
664.85245993,0.53165804
665.08420669,0.54440955
665.31596332,0.53646684
665.54772983,0.55388439
665.77950621,0.55724671
666.01129246,0.54501254
666.24308857,0.52269284
666.47489454,0.54316214
666.70671037,0.56376432
666.93853604,0.57186338
667.17037156,0.57627487
667.40221693,0.56429547
667.63407213,0.56638059
667.86593717,0.58005480
668.09781204,0.57016119
668.32969673,0.57452152
668.56159125,0.57021121
668.79349559,0.57160716
669.02540974,0.57598357
669.25733370,0.57119621
669.48926746,0.55455837
669.72121103,0.56442393
669.95316440,0.56370006
670.18512756,0.57390521
670.41710051,0.55950124
670.64908324,0.56907652
670.88107576,0.57414647
671.11307806,0.56578623
671.34509012,0.54964344
671.57711196,0.55184900
671.80914357,0.56474217
672.04118493,0.57119733
672.27323606,0.56884154
672.50529693,0.55653006
672.73736756,0.53846620
672.96944793,0.54299125
673.20153804,0.55025365
673.43363789,0.57533850
673.66574747,0.58765039
673.89786679,0.59246502
674.12999582,0.58357186
674.36213458,0.57299822
674.59428305,0.55560184
674.82644124,0.57178522
675.05860914,0.59962877
675.29078674,0.58237444
675.52297404,0.55978611
675.75517104,0.54850100
675.98737773,0.55165741
676.21959410,0.56320348
676.45182017,0.55861507
676.68405591,0.54803369
676.91630133,0.54808324
677.14855642,0.54738819
677.38082118,0.54540245
677.61309560,0.53824669
677.84537969,0.54469281
678.07767343,0.55816162
678.30997682,0.55421763
678.54228986,0.54691929
678.77461254,0.55047272
679.00694487,0.53732455
679.23928682,0.51568667
679.47163842,0.51631773
679.70399963,0.53395603
679.93637047,0.54204818
680.16875094,0.54777153
680.40114101,0.54086394
680.63354070,0.54933891
680.86594999,0.55638093
681.09836889,0.56704041
681.33079739,0.55507656
681.56323548,0.53684945
681.79568316,0.51263748
682.02814043,0.51633864
682.26060729,0.52092765
682.49308372,0.54249444
682.72556973,0.54649493
682.95806530,0.53006248
683.19057045,0.53003376
683.42308516,0.51845219
683.65560942,0.51629656
683.88814324,0.52470034
684.12068661,0.54184220
684.35323953,0.55277807
684.58580199,0.55762197
684.81837398,0.52476479
685.05095551,0.51885678
685.28354658,0.53086381
685.51614716,0.54572201
685.74875727,0.52886358
685.98137690,0.53086975
686.21400604,0.52345900
686.44664469,0.51004121
686.67929285,0.48470870
686.91195051,0.48014058
687.14461767,0.50144620
687.37729432,0.51493484
687.60998046,0.51516168
687.84267608,0.50838904
688.07538119,0.50626105
688.30809577,0.51648097
688.54081983,0.52961572
688.77355336,0.52567962
689.00629635,0.50784912
689.23904880,0.48855239
689.47181071,0.47255927
689.70458208,0.46737480
689.93736289,0.48179385
690.17015314,0.49805595
690.40295284,0.49880684
690.63576198,0.48558004
690.86858054,0.49560181
691.10140854,0.48491419
691.33424596,0.48280023
691.56709280,0.48599162
691.79994906,0.49548829
692.03281473,0.48789259
692.26568981,0.47858089
692.49857429,0.46441752
692.73146817,0.45451712
692.96437145,0.46681526
693.19728413,0.46652366
693.43020619,0.45463117
693.66313763,0.46396416
693.89607845,0.47802801
694.12902865,0.47058758
694.36198822,0.46666609
694.59495716,0.48005588
694.82793547,0.48168627
695.06092313,0.48850925
695.29392015,0.48312701
695.52692652,0.47456669
695.75994223,0.47230399
695.99296729,0.47800555
696.22600169,0.48781470
696.45904543,0.47946062
696.69209850,0.45472270
696.92516089,0.46075837
697.15823261,0.46136066
697.39131364,0.46524774
697.62440399,0.47917691
697.85750366,0.49092796
698.09061262,0.48763745
698.32373090,0.49831065
698.55685847,0.48894960
698.78999533,0.48465146
699.02314149,0.48583576
699.25629693,0.47441760
699.48946166,0.45588585
699.72263566,0.44695674
699.95581894,0.44943225
700.18901149,0.46452407
700.42221330,0.46548092
700.65542438,0.47111924
700.88864471,0.45476526
701.12187430,0.45297104
701.35511314,0.45892146
701.58836123,0.47004910
701.82161856,0.46455905
702.05488512,0.46397776
702.28816092,0.46148776
702.52144595,0.46226133
702.75474021,0.46301283
702.98804368,0.48383567
703.22135638,0.47324054
703.45467828,0.46745312
703.68800940,0.46279387
703.92134972,0.44400696
704.15469925,0.43597071
704.38805797,0.44286484
704.62142589,0.45025449
704.85480299,0.45306342
705.08818928,0.45860941
705.32158475,0.47414771
705.55498940,0.47697787
705.78840322,0.46823352
706.02182620,0.45842502
706.25525836,0.45095581
706.48869967,0.44211301
706.72215015,0.43333306
706.95560977,0.42925430
707.18907854,0.43575062
707.42255646,0.43500670
707.65604352,0.43698525
707.88953971,0.44394987
708.12304504,0.45087189
708.35655949,0.45253811
708.59008307,0.47015503
708.82361577,0.48079238
709.05715759,0.48343186
709.29070852,0.48682884
709.52426855,0.48185046
709.75783769,0.47206259
709.99141593,0.47215553
710.22500327,0.46190030
710.45859969,0.44873017
710.69220521,0.45410545
710.92581981,0.47524670
711.15944349,0.46914138
711.39307624,0.46200649
711.62671807,0.47409798
711.86036896,0.49160097
712.09402892,0.47339671
712.32769793,0.45383683
712.56137600,0.45246708
712.79506312,0.45284343
713.02875929,0.45797737
713.26246451,0.45511970
713.49617876,0.44916989
713.72990204,0.45021234
713.96363436,0.45408461
714.19737571,0.46696380
714.43112607,0.47078664
714.66488546,0.47982189
714.89865386,0.48265168
715.13243127,0.48477263
715.36621769,0.46220579
715.60001311,0.44997775
715.83381753,0.45407751
716.06763094,0.45647414
716.30145334,0.44457375
716.53528473,0.44789983
716.76912510,0.45236125
717.00297445,0.45116224
717.23683278,0.44462297
717.47070007,0.44231855
717.70457633,0.44346796
717.93846155,0.45179373
718.17235573,0.46071567
718.40625887,0.46829010
718.64017095,0.47220450
718.87409198,0.47543822
719.10802195,0.47787833
719.34196086,0.47957362
719.57590870,0.47904851
719.80986547,0.47872247
720.04383117,0.48448819
720.27780579,0.48906992
720.51178932,0.47078589
720.74578177,0.46864416
720.97978313,0.46511928
721.21379339,0.45934743
721.44781255,0.45428989
721.68184062,0.46648811
721.91587757,0.47721238
722.14992341,0.48935454
722.38397814,0.49385751
722.61804175,0.48591392
722.85211423,0.46963763
723.08619559,0.45757350
723.32028582,0.45324082
723.55438491,0.45416240
723.78849286,0.45887869
724.02260966,0.46455257
724.25673532,0.48419110
724.49086983,0.48936089
724.72501318,0.49634642
724.95916538,0.50489901
725.19332640,0.50792107
725.42749627,0.51045254
725.66167495,0.51852380
725.89586247,0.51755118
726.13005880,0.50084259
726.36426395,0.48648801
726.59847791,0.49492125
726.83270067,0.50901269
727.06693225,0.51597094
727.30117262,0.51526092
727.53542178,0.50909030
727.76967974,0.50724725
728.00394648,0.51285623
728.23822201,0.50838154
728.47250632,0.50161613
728.70679940,0.49358049
728.94110126,0.47881474
729.17541188,0.49661535
729.40973126,0.52057324
729.64405941,0.51840224
729.87839630,0.50991381
730.11274195,0.52675023
730.34709635,0.54226070
730.58145949,0.53692023
730.81583137,0.51575033
731.05021198,0.52315463
731.28460132,0.51958739
731.51899939,0.50138202
731.75340618,0.49939505
731.98782169,0.51060119
732.22224591,0.51423974
732.45667885,0.50124734
732.69112049,0.51370084
732.92557083,0.53397041
733.16002987,0.53368595
733.39449761,0.52894123
733.62897403,0.53221122
733.86345914,0.54150889
734.09795294,0.54846711
734.33245541,0.53432438
734.56696655,0.54783539
734.80148637,0.55124652
735.03601485,0.53601967
735.27055199,0.52718294
735.50509779,0.51351713
735.73965224,0.50511897
735.97421534,0.49569383
736.20878709,0.49794826
736.44336748,0.50688473
736.67795650,0.51662310
736.91255416,0.53092779
737.14716045,0.53207561
737.38177536,0.53720452
737.61639889,0.55094166
737.85103105,0.54289181
738.08567181,0.53165783
738.32032118,0.52324677
738.55497916,0.52943857
738.78964574,0.52521830
739.02432091,0.52651652
739.25900468,0.51491341
739.49369703,0.51390700
739.72839797,0.50502724
739.96310749,0.50714099
740.19782559,0.52509795
740.43255226,0.53036698
740.66728750,0.52724672
740.90203130,0.52008385
741.13678366,0.51734574
741.37154458,0.51590011
741.60631405,0.50006249
741.84109207,0.50350206
742.07587863,0.50181456
742.31067373,0.50759373
742.54547737,0.51122552
742.78028953,0.50308410
743.01511023,0.52055871
743.24993945,0.53099167
743.48477719,0.52866522
743.71962345,0.51646701
743.95447821,0.50097040
744.18934149,0.49293462
744.42421326,0.49611939
744.65909354,0.49899853
744.89398231,0.49571520
745.12887957,0.49172940
745.36378532,0.48738262
745.59869955,0.49919060
745.83362227,0.51610500
746.06855345,0.51486436
746.30349311,0.50237453
746.53844123,0.48633152
746.77339782,0.50380012
747.00836287,0.50780739
747.24333636,0.51650843
747.47831832,0.53415398
747.71330871,0.51710539
747.94830755,0.49796338
748.18331483,0.48941033
748.41833054,0.48525374
748.65335468,0.47696332
748.88838725,0.47047419
749.12342824,0.47596333
749.35847765,0.48384267
749.59353547,0.47626128
749.82860170,0.47728264
750.06367634,0.48305546
750.29875938,0.49199833
750.53385082,0.48771485
750.76895065,0.49938905
751.00405887,0.49907066
751.23917548,0.49524762
751.47430047,0.48460185
751.70943383,0.47727564
751.94457557,0.47424765
752.17972568,0.46724050
752.41488416,0.46053773
752.65005099,0.46631826
752.88522618,0.48425405
753.12040973,0.48846744
753.35560162,0.47355194
753.59080186,0.47926096
753.82601044,0.48577184
754.06122736,0.48384986
754.29645261,0.48454427
754.53168619,0.47571508
754.76692809,0.46750230
755.00217832,0.47911986
755.23743686,0.49116905
755.47270371,0.49289957
755.70797887,0.49110543
755.94326234,0.48072265
756.17855410,0.47209858
756.41385417,0.46492860
756.64916252,0.45311247
756.88447917,0.45680106
757.11980409,0.47052365
757.35513730,0.46139645
757.59047878,0.44242421
757.82582854,0.42414141
758.06118656,0.42289287
758.29655285,0.41631840
758.53192740,0.41528346
758.76731020,0.42443967
759.00270125,0.44170169
759.23810055,0.45153832
759.47350810,0.45218356
759.70892388,0.44411259
759.94434790,0.44362356
760.17978015,0.44408440
760.41522063,0.43398506
760.65066934,0.43287164
760.88612626,0.43113394
761.12159139,0.43739762
761.35706474,0.45088626
761.59254629,0.44784361
761.82803605,0.44565920
762.06353401,0.43546083
762.29904016,0.42594329
762.53455450,0.41304245
762.77007703,0.41130448
763.00560774,0.41369515
763.24114663,0.41650313
763.47669369,0.41077268
763.71224893,0.39971564
763.94781233,0.38455324
764.18338389,0.38564565
764.41896362,0.39317063
764.65455149,0.40784395
764.89014752,0.41862447
765.12575169,0.41935428
765.36136400,0.42472271
765.59698446,0.41727606
765.83261304,0.41648140
766.06824976,0.42075850
766.30389460,0.40270904
766.53954756,0.40907748
766.77520865,0.42409253
767.01087784,0.42579492
767.24655515,0.42393550
767.48224056,0.43197143
767.71793407,0.43127669
767.95363568,0.41584394
768.18934538,0.40365963
768.42506317,0.39965206
768.66078905,0.39419876
768.89652301,0.39341181
769.13226504,0.38695702
769.36801515,0.38590763
769.60377333,0.39170927
769.83953957,0.40290746
770.07531387,0.40365277
770.31109623,0.39982318
770.54688665,0.40044659
770.78268511,0.40653188
771.01849161,0.39470903
771.25430616,0.37339033
771.49012874,0.36440487
771.72595936,0.35929121
771.96179800,0.35490810
772.19764467,0.36050381
772.43349936,0.36805747
772.66936207,0.37718505
772.90523278,0.37837613
773.14111151,0.37848278
773.37699824,0.37282951
773.61289297,0.36627025
773.84879569,0.36708537
774.08470641,0.37424902
774.32062512,0.37380830
774.55655180,0.37411395
774.79248647,0.37359629
775.02842912,0.37637622
775.26437973,0.37427649
775.50033832,0.37350381
775.73630486,0.37169560
775.97227937,0.36645451
776.20826183,0.36570275
776.44425224,0.36078093
776.68025060,0.35468894
776.91625691,0.35886634
777.15227115,0.35692935
777.38829333,0.35017124
777.62432344,0.33728414
777.86036147,0.34390796
778.09640743,0.36744693
778.33246131,0.37421367
778.56852310,0.37980857
778.80459280,0.37548912
779.04067041,0.36872335
779.27675592,0.37541865
779.51284933,0.38192204
779.74895064,0.38581620
779.98505984,0.37931173
780.22117692,0.37217736
780.45730188,0.36293660
780.69343472,0.35464598
780.92957544,0.35336920
781.16572403,0.33938354
781.40188048,0.32498693
781.63804479,0.32599331
781.87421697,0.32134091
782.11039699,0.32507121
782.34658487,0.33368088
782.58278059,0.33201529
782.81898416,0.32777361
783.05519556,0.32419282
783.29141479,0.32456056
783.52764186,0.32636231
783.76387675,0.32233428
784.00011946,0.31824186
784.23636999,0.32560338
784.47262833,0.32498684
784.70889448,0.32730567
784.94516844,0.33448969
785.18145020,0.33594405
785.41773975,0.33685101
785.65403710,0.34212144
785.89034224,0.35137588
786.12665516,0.34612046
786.36297586,0.34395746
786.59930434,0.33988684
786.83564059,0.33286557
787.07198461,0.32173795
787.30833640,0.32276644
787.54469594,0.32368850
787.78106325,0.32748269
788.01743830,0.33149053
788.25382110,0.33204315
788.49021165,0.33929129
788.72660994,0.34302948
788.96301596,0.33864666
789.19942972,0.33495763
789.43585120,0.33471692
789.67228041,0.33459634
789.90871734,0.33148290
790.14516198,0.33231262
790.38161434,0.32637673
790.61807440,0.32231293
790.85454217,0.31496570
791.09101764,0.31574531
791.32750080,0.31223462
791.56399165,0.31815664
791.80049019,0.32049062
792.03699642,0.32207830
792.27351032,0.32283041
792.51003190,0.32808592
792.74656115,0.33398662
792.98309807,0.33452581
793.21964265,0.34105044
793.45619489,0.33722795
793.69275479,0.32065332
793.92932234,0.31111460
794.16589753,0.31566091
794.40248036,0.31608618
794.63907084,0.31666046
794.87566895,0.32680991
795.11227469,0.32919228
795.34888806,0.33006529
795.58550905,0.32651132
795.82213765,0.32178053
796.05877388,0.31611456
796.29541771,0.31066758
796.53206915,0.30801486
796.76872819,0.31550536
797.00539483,0.31859635
797.24206906,0.31075964
797.47875088,0.31476708
797.71544029,0.31833472
797.95213729,0.32230586
798.18884186,0.32187324
798.42555400,0.31346181
798.66227371,0.30462502
798.89900099,0.30884505
799.13573583,0.32190866
799.37247823,0.32346914
799.60922818,0.31844080
799.84598568,0.30929898
800.08275073,0.30831269
800.31952332,0.31292320
800.55630344,0.31885946
800.79309110,0.31783070
801.02988629,0.31890194
801.26668900,0.31410043
801.50349923,0.31802977
801.74031698,0.32722779
801.97714225,0.32795086
802.21397502,0.32666720
802.45081530,0.32588043
802.68766308,0.31707184
802.92451835,0.31248274
803.16138112,0.30852578
803.39825138,0.30842676
803.63512912,0.30244124
803.87201434,0.30774566
804.10890704,0.31829906
804.34580721,0.32871043
804.58271485,0.33327054
804.81962995,0.34264589
805.05655251,0.33857488
805.29348253,0.33041199
805.53042000,0.32811423
805.76736492,0.32813559
806.00431728,0.32491561
806.24127709,0.32510099
806.47824433,0.32175969
806.71521900,0.31181675
806.95220109,0.30387385
807.18919062,0.31454723
807.42618756,0.32515008
807.66319192,0.32945483
807.90020368,0.33050409
808.13722286,0.32659674
808.37424944,0.31639118
808.61128342,0.30909318
808.84832479,0.30699411
809.08537356,0.30621375
809.32242971,0.30452619
809.55949325,0.30249040
809.79656416,0.29991634
810.03364245,0.30315681
810.27072811,0.30305785
810.50782114,0.30829174
810.74492153,0.31751877
810.98202928,0.33034812
811.21914438,0.31432003
811.45626683,0.29961782
811.69339663,0.29936303
811.93053378,0.29501527
812.16767826,0.30181701
812.40483008,0.31231972
812.64198922,0.31809298
812.87915569,0.32439123
813.11632949,0.33049746
813.35351060,0.32644083
813.59069903,0.32612172
813.82789477,0.31946894
814.06509781,0.32469573
814.30230815,0.32768182
814.53952580,0.32406492
814.77675073,0.32856093
815.01398296,0.33385183
815.25122247,0.33738425
815.48846926,0.33756134
815.72572333,0.33146224
815.96298468,0.31975966
816.20025329,0.30646236
816.43752917,0.30268974
816.67481231,0.30754035
816.91210271,0.31850432
817.14940036,0.32689472
817.38670526,0.32452564
817.62401741,0.32407902
817.86133679,0.31531294
818.09866342,0.30710725
818.33599727,0.31112149
818.57333836,0.32204390
818.81068667,0.34073841
819.04804220,0.35150369
819.28540495,0.34938368
819.52277491,0.33502227
819.76015207,0.32693708
819.99753645,0.32902891
820.23492802,0.34288038
820.47232679,0.35022757
820.70973275,0.35235544
820.94714590,0.34992276
821.18456624,0.35342608
821.42199375,0.34960346
821.65942844,0.34495802
821.89687031,0.34029120
822.13431934,0.33981616
822.37177553,0.34841201
822.60923889,0.34471654
822.84670940,0.33434763
823.08418706,0.33307853
823.32167187,0.34198645
823.55916382,0.34189413
823.79666291,0.33631291
824.03416914,0.34838351
824.27168250,0.34996476
824.50920299,0.35180215
824.74673060,0.34331278
824.98426533,0.33115698
825.22180717,0.32341229
825.45935613,0.32396521
825.69691219,0.32797901
825.93447536,0.33652566
826.17204563,0.34078801
826.40962299,0.34343358
826.64720744,0.35987229
826.88479897,0.36934826
827.12239759,0.36694374
827.36000329,0.36830531
827.59761607,0.36514963
827.83523591,0.37033398
828.07286282,0.36875203
828.31049680,0.36909214
828.54813783,0.37585181
828.78578591,0.38285173
829.02344105,0.38527649
829.26110323,0.38663840
829.49877246,0.37388693
829.73644872,0.35351166
829.97413202,0.34809977
830.21182234,0.35406416
830.44951970,0.35517029
830.68722407,0.35184483
830.92493546,0.34578090
831.16265387,0.34443298
831.40037928,0.34832717
831.63811171,0.35955990
831.87585113,0.35685904
832.11359755,0.34851095
832.35135096,0.34285127
832.58911137,0.34126288
832.82687875,0.34073058
833.06465312,0.33724152
833.30243447,0.33567522
833.54022279,0.33648255
833.77801808,0.34024889
834.01582034,0.34260309
834.25362955,0.34086526
834.49144572,0.34556842
834.72926885,0.34599372
834.96709892,0.34046842
835.20493594,0.33405032
835.44277990,0.34012830
835.68063080,0.35082304
835.91848862,0.35868836
836.15635338,0.36185168
836.39422506,0.36607849
836.63210366,0.35495788
836.86998918,0.35171671
837.10788161,0.34103627
837.34578095,0.33503644
837.58368719,0.32536216
837.82160034,0.33453280
838.05952038,0.34622072
838.29744731,0.34505767
838.53538112,0.34377396
838.77332183,0.34172395
839.01126941,0.33569601
839.24922387,0.33535565
839.48718520,0.33819880
839.72515340,0.33799379
839.96312846,0.32990132
840.20111038,0.32597944
840.43909915,0.31985947
840.67709478,0.31772440
840.91509725,0.31469582
841.15310657,0.31427040
841.39112273,0.30622808
841.62914572,0.30975992
841.86717555,0.32116422
842.10521220,0.33559657
842.34325567,0.34771010
842.58130596,0.35358897
842.81936307,0.34934795
843.05742699,0.33924166
843.29549771,0.33215694
843.53357524,0.32475241
843.77165957,0.32668850
844.00975069,0.33371749
844.24784860,0.33254702
844.48595329,0.33331305
844.72406477,0.32921354
844.96218303,0.32274548
845.20030807,0.31492320
845.43843987,0.31717838
845.67657844,0.32414294
845.91472377,0.33029161
846.15287586,0.32663929
846.39103470,0.33247579
846.62920029,0.33647538
846.86737263,0.33532700
847.10555171,0.33056811
847.34373753,0.32597250
847.58193008,0.32444027
847.82012936,0.32400083
848.05833537,0.32064669
848.29654810,0.31351886
848.53476755,0.29659010
848.77299371,0.28495908
849.01122658,0.28119994
849.24946615,0.27818583
849.48771242,0.27780986
849.72596540,0.28315014
849.96422506,0.28741304
850.20249142,0.28559708
850.44076446,0.28620675
850.67904418,0.29444818
850.91733058,0.29588041
851.15562365,0.30271762
851.39392338,0.30239112
851.63222979,0.30812171
851.87054285,0.31300796
852.10886257,0.32144052
852.34718895,0.31445525
852.58552197,0.30608650
852.82386164,0.29693721
853.06220794,0.28424924
853.30056088,0.26898707
853.53892046,0.26361899
853.77728666,0.26559766
854.01565949,0.27893022
854.25403894,0.28691616
854.49242500,0.29139842
854.73081768,0.28809371
854.96921696,0.29497967
855.20762285,0.30534145
855.44603533,0.30893055
855.68445442,0.30737020
855.92288009,0.30689466
856.16131235,0.29940575
856.39975120,0.29580293
856.63819662,0.29055423
856.87664862,0.28298045
857.11510719,0.28173165
857.35357233,0.28041978
857.59204403,0.27748382
857.83052229,0.27666772
858.06900711,0.27585955
858.30749848,0.27312243
858.54599639,0.27528488
858.78450085,0.27625673
859.02301184,0.27880309
859.26152937,0.27827785
859.50005344,0.27417895
859.73858402,0.26896604
859.97712113,0.26807946
860.21566476,0.26744884
860.45421491,0.25681759
860.69277156,0.25485289
860.93133472,0.25475345
861.16990439,0.25688123
861.40848055,0.25949876
861.64706320,0.26754780
861.88565235,0.26357594
862.12424798,0.25975368
862.36285009,0.25286720
862.60145869,0.25108723
862.84007375,0.25100180
863.07869529,0.25336370
863.31732329,0.25395221
863.55595775,0.25679576
863.79459867,0.25834954
864.03324605,0.26458357
864.27189987,0.27483884
864.51056014,0.27542754
864.74922685,0.26936354
864.98790000,0.25746951
865.22657958,0.24410878
865.46526559,0.24898118
865.70395803,0.24905824
865.94265689,0.25066172
866.18136216,0.25452692
866.42007385,0.25742736
866.65879195,0.25644837
866.89751645,0.25149068
867.13624735,0.24239206
867.37498465,0.24036391
867.61372834,0.24520775
867.85247842,0.24865388
868.09123489,0.24586727
868.32999773,0.24837743
868.56876696,0.24512267
868.80754255,0.24372528
869.04632451,0.24389517
869.28511284,0.23629258
869.52390753,0.23422933
869.76270857,0.23572526
870.00151597,0.23003035
870.24032971,0.23014372
870.47914980,0.23331426
870.71797623,0.23455494
870.95680899,0.24524976
871.19564809,0.25054776
871.43449352,0.25254050
871.67334526,0.24776033
871.91220333,0.24402991
872.15106771,0.23985248
872.38993841,0.24291727
872.62881541,0.23901609
872.86769872,0.23311542
873.10658832,0.21728642
873.34548422,0.21146349
873.58438641,0.21225078
873.82329489,0.21787433
874.06220965,0.21839195
874.30113070,0.21432199
874.54005801,0.21049861
874.77899160,0.21420112
875.01793145,0.21817944
875.25687757,0.22028593
875.49582995,0.21684588
875.73478858,0.21464719
875.97375346,0.21235709
876.21272459,0.20937796
876.45170196,0.20774026
876.69068557,0.20303748
876.92967541,0.19344225
877.16867148,0.18722913
877.40767378,0.19047766
877.64668231,0.20019386
877.88569705,0.20386010
878.12471800,0.20897349
878.36374517,0.20698088
878.60277854,0.20090976
878.84181811,0.19735714
879.08086388,0.20506590
879.31991585,0.20730028
879.55897400,0.20505214
879.79803834,0.20396681
880.03710886,0.20227856
880.27618556,0.19803776
880.51526844,0.19269027
880.75435748,0.18457667
880.99345269,0.18842816
881.23255406,0.18499548
881.47166159,0.18819375
881.71077527,0.18717310
881.94989510,0.18336448
882.18902107,0.18346356
882.42815319,0.18644227
882.66729144,0.18898090
882.90643583,0.19365463
883.14558634,0.19456239
883.38474298,0.19668340
883.62390574,0.19956287
883.86307462,0.20120082
884.10224961,0.20063381
884.34143071,0.20093801
884.58061791,0.20049192
884.81981121,0.20020830
885.05901061,0.19681809
885.29821611,0.19555516
885.53742769,0.19510194
885.77664535,0.19446319
886.01586910,0.19125065
886.25509892,0.19469004
886.49433482,0.19108063
886.73357678,0.19064761
886.97282480,0.18605932
887.21207889,0.18456242
887.45133903,0.18155566
887.69060522,0.18059858
887.92987747,0.17747041
888.16915575,0.17874750
888.40844008,0.18522239
888.64773044,0.18920120
888.88702683,0.18348462
889.12632925,0.18035007
889.36563769,0.17829333
889.60495215,0.17711576
889.84427263,0.17800227
890.08359912,0.17908106
890.32293161,0.17497413
890.56227011,0.17387483
890.80161461,0.17049898
891.04096510,0.17180419
891.28032159,0.16840020
891.51968406,0.16772639
891.75905251,0.17111653
891.99842694,0.17639952
892.23780735,0.17535719
892.47719373,0.17325791
892.71658607,0.16927915
892.95598438,0.17020127
893.19538864,0.17361937
893.43479886,0.17654888
893.67421503,0.17528614
893.91363715,0.17737865
894.15306521,0.17777618
894.39249920,0.18107376
894.63193914,0.18022882
894.87138500,0.18884651
895.11083678,0.19128567
895.35029449,0.18844245
895.58975812,0.18129328
895.82922766,0.17632851
896.06870311,0.17447032
896.30818447,0.17987470
896.54767172,0.17925803
896.78716488,0.17594606
897.02666393,0.17923660
897.26616886,0.17941416
897.50567969,0.18181109
897.74519639,0.18922241
897.98471898,0.19622244
898.22424743,0.19831417
898.46378176,0.19227192
898.70332195,0.18410205
898.94286800,0.17615134
899.18241990,0.16986145
899.42197767,0.16837895
899.66154128,0.16629375
899.90111073,0.16339300
900.14068602,0.16500269
900.38026716,0.16600988
900.61985412,0.16854869
900.85944691,0.16571863
901.09904553,0.17040004
901.33864997,0.16718710
901.57826023,0.16638537
901.81787629,0.16308092
902.05749817,0.16837215
902.29712585,0.17443538
902.53675933,0.17291726
902.77639860,0.17509497
903.01604367,0.17588194
903.25569453,0.17298105
903.49535117,0.17173266
903.73501359,0.16890292
903.97468178,0.17275445
904.21435575,0.17233589
904.45403548,0.17676116
904.69372098,0.17742799
904.93341224,0.17654148
905.17310926,0.16936444
905.41281202,0.16227202
905.65252053,0.16220886
905.89223479,0.15780416
906.13195478,0.15769799
906.37168052,0.15963405
906.61141198,0.16059846
906.85114917,0.16235727
907.09089208,0.16257718
907.33064071,0.16187510
907.57039505,0.15637165
907.81015511,0.15558412
908.04992088,0.16030766
908.28969234,0.16281162
908.52946951,0.16552063
908.76925237,0.16845661
909.00904092,0.16871159
909.24883515,0.16566952
909.48863507,0.15463411
909.72844067,0.15439347
909.96825194,0.15612291
910.20806889,0.15509543
910.44789149,0.15139309
910.68771977,0.14922263
910.92755369,0.14312313
911.16739328,0.13897435
911.40723851,0.13626554
911.64708939,0.13910944
911.88694591,0.14234348
912.12680807,0.15204574
912.36667586,0.15942137
912.60654928,0.16340714
912.84642833,0.16025825
913.08631300,0.15446376
913.32620329,0.14761984
913.56609919,0.14215231
913.80600070,0.13920176
914.04590781,0.13502418
914.28582053,0.13200980
914.52573884,0.13420886
914.76566275,0.13561291
915.00559225,0.13516653
915.24552733,0.13629404
915.48546799,0.13545701
915.72541423,0.13327962
915.96536604,0.13369789
916.20532342,0.13971266
916.44528637,0.14006687
916.68525488,0.14023726
916.92522894,0.14246377
917.16520855,0.14274075
917.40519372,0.14172666
917.64518443,0.14953479
917.88518068,0.15045707
918.12518246,0.14847116
918.36518978,0.14908080
918.60520263,0.14799595
918.84522100,0.14845660
919.08524489,0.14597437
919.32527429,0.14028701
919.56530921,0.13790409
919.80534964,0.13844991
920.04539557,0.14060586
920.28544700,0.13955613
920.52550392,0.13847084
920.76556634,0.13484712
921.00563425,0.13298887
921.24570764,0.13370501
921.48578650,0.13409517
921.72587085,0.13224467
921.96596066,0.13070485
922.20605595,0.13132933
922.44615669,0.13342869
922.68626290,0.13286089
922.92637456,0.13922274
923.16649167,0.14491072
923.40661423,0.14601725
923.64674223,0.14759844
923.88687567,0.14556294
924.12701454,0.14481129
924.36715885,0.14119418
924.60730858,0.14078991
924.84746374,0.14030104
925.08762431,0.14159158
925.32779030,0.13903870
925.56796170,0.13307412
925.80813851,0.13234358
926.04832072,0.13271940
926.28850832,0.13444285
926.52870133,0.13430069
926.76889972,0.13048501
927.00910349,0.12692517
927.24931265,0.12724436
927.48952719,0.12912362
927.72974710,0.13205305
927.96997239,0.13335054
928.21020303,0.13186818
928.45043904,0.13415179
928.69068041,0.13606675
928.93092713,0.13405272
929.17117920,0.13010926
929.41143662,0.12854933
929.65169938,0.12929361
929.89196747,0.13299580
930.13224090,0.13558423
930.37251966,0.13730087
930.61280374,0.13349221
930.85309315,0.13276897
931.09338787,0.13350686
931.33368790,0.13883288
931.57399325,0.13751382
931.81430390,0.13742142
932.05461985,0.13432176
932.29494109,0.13536482
932.53526763,0.13629372
932.77559946,0.13830828
933.01593657,0.13688991
933.25627897,0.13540734
933.49662664,0.13863394
933.73697958,0.13609525
933.97733779,0.13204564
934.21770127,0.12460624
934.45807001,0.11771260
934.69844400,0.11758490
934.93882324,0.11408874
935.17920774,0.11666310
935.41959747,0.11446423
935.65999245,0.11537916
935.90039266,0.11717331
936.14079811,0.11778355
936.38120878,0.11893250
936.62162468,0.12390399
936.86204580,0.12459853
937.10247213,0.12664172
937.34290367,0.12735763
937.58334043,0.12879060
937.82378238,0.12997502
938.06422954,0.12453503
938.30468189,0.11876228
938.54513943,0.11571246
938.78560216,0.11462025
939.02607007,0.11434371
939.26654316,0.11737904
939.50702143,0.12327273
939.74750486,0.12301019
939.98799347,0.12464827
940.22848724,0.12267002
940.46898616,0.11983297
940.70949024,0.12124438
940.94999948,0.12123057
941.19051386,0.11837923
941.43103338,0.11960611
941.67155804,0.11993960
941.91208783,0.11880461
942.15262276,0.11675485
942.39316281,0.11503872
942.63370798,0.11347849
942.87425828,0.11406700
943.11481368,0.11160615
943.35537420,0.11335062
943.59593982,0.11330153
943.83651055,0.11552831
944.07708637,0.11159917
944.31766729,0.10497490
944.55825329,0.10632939
944.79884439,0.10696084
945.03944056,0.10560653
945.28004181,0.10601780
945.52064814,0.10281207
945.76125953,0.10386176
946.00187600,0.10384026
946.24249752,0.10418116
946.48312410,0.10420922
946.72375573,0.10692517
946.96439241,0.10956379
947.20503414,0.11245726
947.44568091,0.11403149
947.68633272,0.11560634
947.92698956,0.11667693
948.16765142,0.11766288
948.40831832,0.11856333
948.64899023,0.11908860
948.88966716,0.11455623
949.13034911,0.11010274
949.37103606,0.10782623
949.61172802,0.10422337
949.85242498,0.09958508
950.09312693,0.09771966
950.33383388,0.09210298
950.57454581,0.09249279
950.81526273,0.09184016
951.05598463,0.09406734
951.29671151,0.09469836
951.53744336,0.09763463
951.77818017,0.09608867
952.01892195,0.09299693
952.25966870,0.09265604
952.50042039,0.08976980
952.74117704,0.08738699
952.98193864,0.09078372
953.22270518,0.09019527
953.46347666,0.09143651
953.70425307,0.09409589
953.94503442,0.09703910
954.18582070,0.09344356
954.42661189,0.09315245
954.66740801,0.09204612
954.90820904,0.09049287
955.14901499,0.08991147
955.38982584,0.08898249
955.63064160,0.08938675
955.87146225,0.08965621
956.11228780,0.09400338
956.35311824,0.09547148
956.59395357,0.09557811
956.83479378,0.09437955
957.07563887,0.09206759
957.31648883,0.09294696
957.55734366,0.09066313
957.79820336,0.09257835
958.03906793,0.09034401
958.27993735,0.08611747
958.52081163,0.08342940
958.76169076,0.08195412
959.00257473,0.07974850
959.24346354,0.08295395
959.48435720,0.08254989
959.72525569,0.08253589
959.96615901,0.08231579
960.20706715,0.08391154
960.44798012,0.08455675
960.68889790,0.08781930
960.92982050,0.08757816
961.17074791,0.08857125
961.41168012,0.08618105
961.65261714,0.08450024
961.89355895,0.08319514
962.13450556,0.07999650
962.37545696,0.07960657
962.61641314,0.07848607
962.85737410,0.07703219
963.09833984,0.07574133
963.33931036,0.07581212
963.58028564,0.07523784
963.82126569,0.07243655
964.06225050,0.07062814
964.30324007,0.07059256
964.54423439,0.07354273
964.78523346,0.07315262
965.02623727,0.07288331
965.26724583,0.07215252
965.50825912,0.07318110
965.74927714,0.07193261
965.99029990,0.07154990
966.23132737,0.06951441
966.47235957,0.07069875
966.71339649,0.07006063
966.95443811,0.06966365
967.19548445,0.06943633
967.43653549,0.06918818
967.67759123,0.06783365
967.91865167,0.06893998
968.15971679,0.07144359
968.40078661,0.07215310
968.64186111,0.07024507
968.88294029,0.06746471
969.12402415,0.06537308
969.36511268,0.06433719
969.60620587,0.06251456
969.84730373,0.06206765
970.08840625,0.06286916
970.32951343,0.06248611
970.57062526,0.06146500
970.81174173,0.06367047
971.05286285,0.06377722
971.29398861,0.06377695
971.53511900,0.06460678
971.77625402,0.06564223
972.01739367,0.06487620
972.25853795,0.06487621
972.49968684,0.06323812
972.74084035,0.06164218
972.98199847,0.06186905
973.22316119,0.06187662
973.46432852,0.06364248
973.70550045,0.06457106
973.94667697,0.06608881
974.18785809,0.06728787
974.42904379,0.06477719
974.67023407,0.06284797
974.91142893,0.06235858
975.15262837,0.06147933
975.39383237,0.06126648
975.63504094,0.06168498
975.87625408,0.05985501
976.11747177,0.05927370
976.35869402,0.05715318
976.59992081,0.05758540
976.84115216,0.05473437
977.08238804,0.05663537
977.32362846,0.05428065
977.56487342,0.05455012
977.80612291,0.05456433
978.04737692,0.05375605
978.28863545,0.05364957
978.52989850,0.05209653
978.77116607,0.05157149
979.01243814,0.05084765
979.25371472,0.05090460
979.49499581,0.04999009
979.73628138,0.05059268
979.97757146,0.05003266
980.21886602,0.05052156
980.46016506,0.05111781
980.70146859,0.05147210
980.94277660,0.05370619
981.18408907,0.05483394
981.42540602,0.05412483
981.66672743,0.05294730
981.90805330,0.05065655
982.14938363,0.04924520
982.39071841,0.04962831
982.63205764,0.04691209
982.87340132,0.04620963
983.11474943,0.04528090
983.35610198,0.04632319
983.59745897,0.04622381
983.83882038,0.04616032
984.08018622,0.04608903
984.32155647,0.04542977
984.56293115,0.04333017
984.80431023,0.04328771
985.04569372,0.04174188
985.28708162,0.04332332
985.52847392,0.04116002
985.76987061,0.03984829
986.01127170,0.03862824
986.25267717,0.03710349
986.49408703,0.03889041
986.73550126,0.03618878
986.97691987,0.03647942
987.21834285,0.03566376
987.45977021,0.03713186
987.70120192,0.03642987
987.94263799,0.03879152
988.18407842,0.03741553
988.42552320,0.03831631
988.66697233,0.03736600
988.90842580,0.03820288
989.14988360,0.03675633
989.39134575,0.03668523
989.63281222,0.03635189
989.87428302,0.03697556
990.11575815,0.03826667
990.35723759,0.03952912
990.59872135,0.03953588
990.84020942,0.03953623
991.08170179,0.03943670
991.32319847,0.04057856
991.56469945,0.03811058
991.80620472,0.03844401
992.04771428,0.03547957
992.28922813,0.03496173
992.53074625,0.03521710
992.77226866,0.03432317
993.01379534,0.03382727
993.25532629,0.03316042
993.49686151,0.03271371
993.73840099,0.03357166
993.97994473,0.03240136
994.22149272,0.03389080
994.46304496,0.03312485
994.70460145,0.03455735
994.94616218,0.03455017
995.18772714,0.03286954
995.42929634,0.03220290
995.67086977,0.03274202
995.91244742,0.03403280
996.15402930,0.03556438
996.39561539,0.03603967
996.63720570,0.03595462
996.87880021,0.03380583
997.12039893,0.03261434
997.36200185,0.03115322
997.60360897,0.03016761
997.84522028,0.03207532
998.08683578,0.03228802
998.32845547,0.03068514
998.57007933,0.03040848
998.81170738,0.02859276
999.05333959,0.02867792
999.29497597,0.02886957
999.53661652,0.02711768
999.77826123,0.02689802
1000.01991010,0.02761436
1000.26156311,0.02817450
1000.50322028,0.02791223
1000.74488159,0.02705402
1000.98654704,0.02701860
1001.22821662,0.02640184
1001.46989034,0.02574922
1001.71156819,0.02682720
1001.95325016,0.02568525
1002.19493625,0.02723147
1002.43662645,0.02520998
1002.67832077,0.02325967
1002.92001919,0.02262139
1003.16172172,0.02347952
1003.40342835,0.02256473
1003.64513908,0.02267823
1003.88685389,0.02262861
1004.12857279,0.02308945
1004.37029578,0.02188368
1004.61202284,0.02238737
1004.85375399,0.02076331
1005.09548920,0.02167129
1005.33722848,0.02122420
1005.57897182,0.02279873
1005.82071922,0.02365700
1006.06247067,0.02320306
1006.30422618,0.02362838
1006.54598573,0.02367810
1006.78774933,0.02154345
1007.02951696,0.02242276
1007.27128863,0.02021718
1007.51306433,0.02055059
1007.75484406,0.01957180
1007.99662781,0.02050071
1008.23841558,0.01967109
1008.48020736,0.02123125
1008.72200315,0.01988380
1008.96380295,0.02010372
1009.20560675,0.02077750
1009.44741455,0.02128822
1009.68922634,0.02181298
1009.93104212,0.02272077
1010.17286189,0.02170662
1010.41468564,0.02196185
1010.65651337,0.02035176
1010.89834507,0.01917477
1011.14018074,0.01874212
1011.38202038,0.01995483
1011.62386398,0.01959317
1011.86571154,0.02002556
1012.10756305,0.01798331
1012.34941851,0.01918197
1012.59127791,0.01844424
1012.83314126,0.01945827
1013.07500854,0.01779873
1013.31687976,0.01891942
1013.55875490,0.01833791
1013.80063397,0.01825948
1014.04251696,0.01823140
1014.28440387,0.01926695
1014.52629469,0.01740172
1014.76818942,0.01794072
1015.01008806,0.01663582
1015.25199059,0.01628118
1015.49389703,0.01613934
1015.73580735,0.01569938
1015.97772156,0.01533778
1016.21963966,0.01672078
1016.46156164,0.01667828
1016.70348749,0.01017489
1016.94541722,-0.00124349
1017.18735082,-0.00016560
1017.42928828,-0.00058388
1017.67122959,0.00019609
1017.91317477,-0.00076828
1018.15512380,0.00000457
