194,1628797;0,00105425
194,3638148;-0,00066191
194,5647686;-0,00030024
194,765741;-0,00029325
194,9667321;0,00112525
195,1677418;-0,00091703
195,3687701;0,00086297
195,5698171;0,00049403
195,7708826;0,00045865
195,9719668;0,00040899
196,1730696;0,00147279
196,374191;0,00004012
196,575331;0,00018182
196,7764897;0,00004726
196,9776669;0,00004725
197,1788627;0,00005432
197,3800771;0,0008699
197,5813101;-0,00035699
197,7825616;0,0004869
197,9838318;-0,00000249
198,1851205;0,00004729
198,3864278;-0,00001643
198,5877536;0,00162888
198,789098;-0,00024343
198,990461;0,00067841
199,1918425;0,00110388
199,3932426;-0,00018676
199,5946612;-0,00004487
199,7960984;0,00056492
199,9975541;0,00035227
200,1990283;0,00056492
200,400521;-0,00012309
200,6020323;0,00051549
200,8035621;-0,00065487
201,0051104;-0,00003771
201,2066772;-0,00001663
201,4082626;-0,00033578
201,6098664;-0,00049887
201,8114887;0,00080605
202,0131296;-0,00141369
202,2147889;0,00089838
202,4164667;-0,00061943
202,618163;0,00057204
202,8198778;-0,0005272
203,021611;0,00110393
203,2233627;0,00018178
203,4251329;0,00097626
203,6269216;-0,00033575
203,8287287;0,00014642
204,0305542;-0,00020806
204,2323983;0,00040177
204,4342607;-0,0003359
204,6361416;0,00053647
204,838041;-0,00010166
205,0399588;0,00085564
205,241895;-0,00020093
205,4438496;0,00061467
205,6458227;-0,00066917
205,8478142;0,00108256
206,0498241;0,00055789
206,2518524;0,00106846
206,4538991;-0,00039248
206,6559642;0,00130252
206,8580477;-0,00006611
207,0601496;0,00016072
207,2622699;0,00013939
207,4644086;0,00050821
207,6665657;-0,0008747
207,8687411;0,00073515
208,0709349;-0,00066939
208,2731471;0,00108262
208,4753777;-0,00007341
208,6776266;0,0010685
208,8798939;-0,00017247
209,0821795;0,00048702
209,2844835;-0,00047043
209,4868058;0,00167848
209,6891465;-0,0004279
209,8915055;0,00143732
210,0938828;-0,00054836
210,2962785;0,00154364
210,4986925;-0,00003065
210,7011248;0,00030252
210,9035754;-0,00037841
211,1060443;0,00060759
211,3085316;-0,0003856
211,5110372;0,00051542
211,713561;0,00084142
211,9161032;0,00063582
212,1186636;0,00000463
212,3212424;0,00106853
212,5238394;-0,00005921
212,7264547;-0,00009466
212,9290883;-0,00026485
213,1317401;0,00012515
213,3344102;-0,00044932
213,5370986;0,00069981
213,7398053;-0,00004505
213,9425302;0,00043728
214,1452733;-0,00048469
214,3480347;0,00056479
214,5508144;-0,00083925
214,7536123;0,00107564
214,9564284;-0,00072584
215,1592627;0,00021029
215,3621153;-0,00022943
215,5649861;0,0002529
215,7678751;-0,00069049
215,9707824;0,00120334
216,1737078;0,00007553
216,3766515;0,00130255
216,5796134;0,0006074
216,7825934;0,00119618
216,9855917;0,00001887
217,1886082;0,00094073
217,3916428;-0,00034268
217,5946956;0,00128129
217,7977666;-0,00036418
218,0008558;0,00030959
218,2039631;-0,00042087
218,4070887;0,0006855
218,6102323;-0,00093136
218,8133942;-0,00005898
219,0165742;0,00004741
219,2197723;0,00077056
219,4229886;-0,0004988
219,626223;0,00072818
219,8294756;0,000487
220,0327463;0,00201894
220,2360352;0,00057213
220,4393421;0,00063577
220,6426672;0,0004514
220,8460104;0,00083444
221,0493717;-0,00035707
221,2527512;0,00063575
221,4561487;-0,00004502
221,6595643;0,00074939
221,8629981;-0,00034281
222,0664499;0,00064309
222,2699198;-0,00012997
222,4734078;0,00121042
222,6769139;-0,00045633
222,8804381;0,00137354
223,0839803;0,0008345
223,2875406;0,00070677
223,491119;0,00033791
223,6947154;0,00132375
223,8983299;0,00014648
224,1019625;0,00091946
224,3056131;0,00014646
224,5092817;0,0005013
224,7129684;0,0000472
224,9166731;0,00047277
225,1203959;-0,00090298
225,3241366;0,00073514
225,5278955;0,00024582
225,7316723;0,00008988
225,9354671;0,00010394
226,13928;0,00091942
226,3431109;0,00009688
226,5469597;0,0002387
226,7508266;-0,00093168
226,9547115;0,00003321
227,1586143;-0,0002435
227,3625352;0,00044447
227,566474;-0,00053432
227,7704308;0,00018207
227,9744056;0,00028839
228,1783984;0,00061453
228,3824091;-0,0000876
228,5864378;0,00062888
228,7904845;-0,00038539
228,9945491;-0,00017969
229,1986316;0,00055083
229,4027322;0,00113943
229,6068506;-0,00005201
229,810987;0,00060756
230,0151413;-0,00067626
230,2193136;0,00082736
230,4235038;0,00051522
230,6277119;0,00109677
230,8319379;-0,00064075
231,0361819;0,00062883
231,2404437;-0,00044219
231,4447235;0,00067118
231,6490212;-0,0007398
231,8533368;0,00064303
232,0576702;-0,0007471
232,2620216;0,00136631
232,4663908;-0,0002578
232,6707779;0,00038062
232,875183;-0,00012295
233,0796058;0,00052241
233,2840466;-0,00039267
233,4885052;0,0005012
233,6929817;-0,00088891
233,897476;0,00015367
234,1019882;-0,00015132
234,3065183;0,00126702
234,5110662;0,00056497
234,7156319;0,00160757
234,9202155;0,00023176
235,1248169;0,00084875
235,3294361;-0,00044931
235,5340732;0,00140897
235,7387281;-0,00094567
235,9434008;0,00061472
236,1480913;-0,00027897
236,3527996;0,00097626
236,5575257;-0,00044201
236,7622697;0,00077072
236,9670314;0,00002592
237,1718109;0,00079906
237,3766082;-0,00105902
237,5814233;0,0005506
237,7862562;-0,00022948
237,9911069;0,00079904
238,1959753;0,000026
238,4008615;-0,00013695
238,6057655;0,00070669
238,8106872;0,00157884
239,0156267;-0,00061946
239,2205839;0,00077078
239,4255589;0,00007567
239,6305517;0,00101878
239,8355621;-0,0001866
240,0405903;0,00124578
240,2456363;-0,00013008
240,4507;0,00072801
240,6557814;-0,00035692
240,8608805;0,00068558
241,0659973;-0,00004477
241,2711319;0,00087701
241,4762841;-0,000059
241,6814541;0,00086267
241,8866417;-0,00063377
242,0918471;0,00128127
242,2970701;-0,00002373
242,5023109;0,0010401
242,7075693;0,00044435
242,9128454;0,00005415
243,1181392;-0,00039256
243,3234506;0,00055801
243,5287797;0,00082731
243,7341265;0,00042316
243,939491;0,00017498
244,1448731;-0,00047752
244,3502728;-0,00042097
244,5556902;0,00084161
244,7611252;0,00014644
244,9665779;0,00108973
245,1720482;-0,00035701
245,3775362;0,00170688
245,5830418;0,00053668
245,788565;0,00086284
245,9941058;0,00004741
246,1996642;0,00053646
246,4052402;-0,0002861
246,6108339;0,00103995
246,8164451;-0,00047049
247,022074;0,00116074
247,2277204;0,00014647
247,4333845;0,00045151
247,6390661;-0,00024361
247,8447653;0,00112507
248,0504821;0,00022445
248,2562164;0,00183434
248,4619684;0,00045848
248,6677379;0,00073504
248,8735249;-0,00022223
249,0793295;0,00070684
249,2851517;0,00048689
249,4909914;0,00067847
249,6968487;-0,00092412
249,9027235;0,00094796
250,1086158;-0,00080387
250,3145257;0,00145152
250,5204531;-0,00049891
250,7263981;0,00045163
250,9323605;0,00011107
251,1383405;0,00008977
251,344338;0,00014647
251,550353;0,00101174
251,7563855;0,00016063
251,9624355;0,00050105
252,168503;-0,00014429
252,374588;0,00049405
252,5806905;-0,00068338
252,7868105;0,0006501
252,9929479;-0,00041382
253,1991028;0,00077064
253,4052752;-0,00066908
253,6114651;0,00057913
253,8176724;0,00016783
254,0238972;0,00047992
254,2301395;-0,00047056
254,4363992;0,00081312
254,6426764;-0,00013716
254,848971;-0,00014429
255,055283;-0,00005921
255,2616125;0,00144438
255,4679594;-0,00015117
255,6743237;-0,00010875
255,8807055;-0,00023655
256,0871047;0,00074232
256,2935213;-0,00096672
256,4999553;0,00125291
256,7064067;-0,00052716
256,9128755;0,00085583
257,1193617;-0,00006629
257,3258654;0,00106132
257,5323864;-0,00030027
257,7389248;0,00067824
257,9454806;0,00047284
258,1520537;0,00049413
258,3586443;0,00002579
258,5652522;0,00091956
258,7718774;-0,00032872
258,9785201;0,00021056
259,1851801;-0,00033562
259,3918574;0,00038058
259,5985521;0,0001111
259,8052642;0,00113935
260,0119936;-0,00015835
260,2187403;0,00035212
260,4255044;-0,00110179
260,6322858;-0,00017971
260,8390845;-0,00002379
261,0459006;0,00062881
261,252734;-0,00031454
261,4595846;0,0006287
261,6664526;-0,00082506
261,8733379;0,00130258
262,0802405;-0,00030025
262,2871604;0,00058641
262,4940976;-0,00081794
262,7010521;0,00104712
262,9080239;-0,00037113
263,115013;0,00077075
263,3220193;-0,00022926
263,5290429;0,0009479
263,7360838;-0,00032144
263,9431419;0,00152239
264,1502173;0,00098329
264,35731;0,00021024
264,5644199;-0,00035692
264,7715471;0,00043719
264,9786915;-0,00010179
265,1858532;0,00036644
265,3930321;0,00029547
265,6002282;0,00033085
265,8074416;-0,00013735
266,0146721;0,00043737
266,2219199;-0,00011605
266,429185;0,00067143
266,6364672;-0,00020811
266,8437667;0,00121051
267,0510833;-0,00006626
267,2584172;0,00100459
267,4657682;0,00006145
267,6731364;0,00083444
267,8805219;-0,00080378
268,0879245;0,00083448
268,2953443;-0,00025068
268,5027813;0,00198338
268,7102354;-0,00067618
268,9177067;0,00060039
269,1251952;-0,00025077
269,3327008;0,0008062
269,5402236;0,00011091
269,7477636;0,00082746
269,9553207;0,00076353
270,1628949;0,00035207
270,3704863;0,00002581
270,5780948;0,00054376
270,7857205;0,00048
270,9933632;0,00044434
271,2010231;0,00027402
271,4087002;0,00150114
271,6163943;0,00047284
271,8241055;0,00077777
272,0318339;-0,00088889
272,2395794;0,00037348
272,4473419;-0,00020099
272,6551216;-0,00059094
272,8629183;-0,00010188
273,0707322;0,00062882
273,2785631;0,0001678
273,4864111;0,00077783
273,6942762;0,00011818
273,9021583;0,00106153
274,1100575;-0,00076825
274,3179738;0,00030951
274,5259071;-0,00081791
274,7338575;0,00097643
274,9418249;-0,00038534
275,1498094;0,00042307
275,357811;-0,00023648
275,5658295;0,00061452
275,7738651;-0,0000805
275,9819178;0,00077064
276,1899874;0,00031666
276,3980741;0,00078474
276,6061778;-0,00027181
276,8142985;0,00090528
277,0224362;-0,00042799
277,230591;0,00126708
277,4387627;-0,00069051
277,6469514;0,00015376
277,8551572;-0,00027899
278,0633799;0,0008062
278,2716196;-0,00022227
278,4798763;0,0017705
278,6881499;-0,00035006
278,8964406;0,00003317
279,1047482;0,00065712
279,3130728;0,00011108
279,5214143;-0,00042782
279,7297728;0,00060746
279,9381482;-0,00034293
280,1465406;0,00025295
280,35495;-0,0004917
280,5633762;0,00083471
280,7718195;-0,00069024
280,9802796;-0,00032149
281,1887567;0,00008972
281,3972507;0,00092676
281,6057616;-0,00014415
281,8142895;0,00023897
282,0228342;0,00018911
282,2313959;0,00028119
282,4399745;0,00039484
282,6485699;0,00067112
282,8571823;0,00035923
283,0658116;0,00094087
283,2744577;0,00022452
283,4831207;0,00002593
283,6918007;-0,00037824
283,9004974;-0,00001666
284,1092111;0,00026
284,3179416;0,00126004
284,526689;0,00026004
284,7354533;0,00067132
284,9442344;-0,00068342
285,1530324;0,00148687
285,3618472;0,00061462
285,5706788;0,00074226
285,7795273;0,00019609
285,9883927;0,00089128
286,1972748;0,00011099
286,4061738;0,0007421
286,6150896;-0,00030747
286,8240223;0,00037362
287,0329717;0,00004019
287,241938;0,0007565
287,450921;-0,00022934
287,6599209;0,00081312
287,8689376;-0,00078973
288,0779711;0,00142311
288,2870213;0,000175
288,4960884;0,00123157
288,7051722;0,00013237
288,9142728;0,00121038
289,1233902;-0,00011599
289,3325243;0,00084865
289,5416752;-0,0001443
289,7508429;0,00045149
289,9600274;-0,0003712
290,1692286;-0,00027911
290,3784465;0,00012529
290,5876812;0,00038769
290,7969326;0,00021044
291,0062008;0,00074223
291,2154857;-0,00020818
291,4247874;0,00010403
291,6341057;-0,00029347
291,8434408;0,00112507
292,0527926;-0,00023647
292,2621611;0,00092674
292,4715464;0,00011806
292,6809483;0,00077787
292,8903669;-0,00051307
293,0998023;0,00087699
293,3092543;0,00004012
293,518723;0,0005435
293,7282084;0,00018915
293,9377105;0,00087693
294,1472293;-0,00068329
294,3567647;0,0011819
294,5663168;-0,00007323
294,7758856;0,00031669
294,985471;0,00004722
295,1950731;0,00029546
295,4046919;0,00030255
295,6143273;0,00143739
295,8239793;0,00040195
296,033648;0,00083444
296,2433333;-0,00065491
296,4530352;0,00135226
296,6627538;-0,00034286
296,872489;0,0013379
297,0822408;-0,0001372
297,2920093;-0,00015839
297,5017943;-0,00003798
297,711596;0,00134505
297,9214143;-0,00008753
298,1312491;0,00089119
298,3411006;-0,0004846
298,5509686;0,00055086
298,7608533;0,00016763
298,9707545;0,00061466
299,1806723;0,00019635
299,3906067;0,00100473
299,6005577;-0,00078951
299,8105252;0,00018192
300,0205093;0,00032377
300,2305099;0,00084873
300,4405271;-0,0001441
300,6505609;0,00040179
300,8606112;-0,00030736
301,070678;0,00084169
301,2807614;0,00016786
301,4908613;0,00077045
301,7009778;-0,00025769
301,9111108;0,00076366
302,1212603;0,00023877
302,3314263;0,00010392
302,5416088;0,00007565
302,7518079;0,00012533
302,9620234;0,00019608
303,1722555;0,00093379
303,382504;-0,00063355
303,5927691;0,00032387
303,8030506;-0,00048467
304,0133487;0,00208255
304,2236632;0,00033806
304,4339942;0,00033815
304,6443416;0,00031666
304,8547056;0,00102586
305,065086;0,00004022
305,2754828;0,00068542
305,4858962;0,00000466
305,6963259;0,0004798
305,9067722;0,00038055
306,1172349;0,00120332
306,327714;0,00015374
306,5382095;0,00068542
306,7487215;-0,00090289
306,9592499;0,001104
307,1697948;-0,00094548
307,380356;0,00112524
307,5909337;0,00034505
307,8015278;0,00072811
308,0121383;-0,0003144
308,2227652;0,00114644
308,4334086;0,00056513
308,6440683;0,00076343
308,8547444;0,00026009
309,0654369;0,00103314
309,2761458;0,00021026
309,486871;0,00024578
309,6976127;-0,00031441
309,9083707;0,00059336
310,1191451;0,00008276
310,3299358;0,00130253
310,5407429;-0,00005915
310,7515664;-0,00042787
310,9624062;-0,00053446
311,1732624;0,00121746
311,3841349;0,00055772
311,5950237;0,00094087
311,8059289;-0,00004494
312,0168504;0,00059337
312,2277883;0,00008969
312,4387424;0,00076346
312,6497129;-0,00054854
312,8606998;0,00111823
313,0717029;-0,0000592
313,2827223;0,00056494
313,493758;-0,00058392
313,7048101;0,00064297
313,9158784;0,00099754
314,126963;0,00026708
314,3380639;0,00052237
314,5491811;0,00137317
314,7603146;-0,00017254
314,9714644;0,0008841
315,1826304;-0,00098116
315,3938127;0,00096205
315,6050112;-0,00056278
315,816226;0,00119618
316,0274571;-0,00088195
316,2387044;0,00040174
316,449968;0,00044455
316,6612478;0,00102591
316,8725438;-0,0002862
317,0838561;0,00001887
317,2951846;-0,0008746
317,5065294;0,00046566
317,7178904;-0,00015843
317,9292675;0,00128131
318,1406609;-0,00013713
318,3520706;0,00096919
318,5634964;-0,00010884
318,7749384;0,00121041
318,9863966;-0,00035696
319,197871;0,00064301
319,4093616;-0,00070466
319,6208684;0,00116073
319,8323914;-0,00022215
320,0439305;0,00047285
320,2554859;0,00021743
320,4670574;0,00102589
320,678645;-0,00012996
320,8902488;0,00105431
321,1018688;0,00008968
321,313505;0,00030978
321,5251572;0,00028834
321,7368257;0,000721
321,9485102;-0,00016558
322,1602109;0,00065716
322,3719278;-0,00036418
322,5836608;0,00045139
322,7954099;-0,00029312
323,0071751;0,00085569
323,2189564;0,00018913
323,4307539;-0,00034292
323,6425674;-0,00110169
323,8543971;0,00135923
324,0662429;0,00001876
324,2781047;0,00134515
324,4899827;0,00052251
324,7018767;0,00108282
324,9137869;0,0000331
325,1257131;0,00059337
325,3376554;-0,00059818
325,5496137;0,00050834
325,7615882;0,00045864
325,9735787;0,00094797
326,1855852;-0,00075416
326,3976078;0,00044433
326,6096465;0,00025987
326,8217012;0,00081321
327,033772;0,00065719
327,2458588;0,00098356
327,4579616;0,00028849
327,6700805;0,00087702
327,8822154;-0,0005697
328,0943663;0,00157928
328,3065332;-0,00037821
328,5187162;0,00055066
328,7309151;0,00046565
328,9431301;0,00023861
329,1553611;0,00018918
329,3676081;0,00152948
329,579871;0,00057198
329,79215;0,00087705
330,004445;0,00029549
330,2167559;0,00126732
330,4290828;-0,00010169
330,6414257;0,00201164
330,8537846;0,00045137
331,0661594;-0,00008763
331,2785502;-0,00028604
331,4909569;0,00021036
331,7033797;0,00031682
331,9158183;0,00137346
332,1282729;-0,00025057
332,3407435;0,00014643
332,55323;0,00044441
332,7657324;0,00077053
332,9782507;0,00011808
333,190785;0,00057206
333,4033352;0,0002389
333,6159013;0,00082015
333,8284834;-0,00032163
334,0410813;0,00069275
334,2536952;-0,00003086
334,4663249;0,0002458
334,6789706;-0,00091024
334,8916321;0,00126006
335,1043096;-0,0000379
335,3170029;0,00103995
335,5297121;-0,00065479
335,7424372;0,0011393
335,9551781;-0,00061925
336,167935;0,00052948
336,3807077;0,00001881
336,5934962;0,0012246
336,8063006;0,00018909
337,0191209;0,00055063
337,231957;0,00065705
337,444809;0,00106144
337,6576768;0,00031674
337,8705604;0,00101173
338,0834599;0,00033091
338,2963752;0,00181304
338,5093063;-0,00010895
338,7222533;0,00133803
338,935216;0,0002315
339,1481946;0,00111099
339,361189;-0,00037821
339,5741992;0,00141596
339,7872252;0,00023873
340,000267;0,00034516
340,2133245;0,00039468
340,4263979;0,00045867
340,6394871;0,00016779
340,852592;0,00176349
341,0657127;0,00003298
341,2788492;0,0012813
341,4920015;-0,0001656
341,7051695;0,00052241
341,9183533;0,00099755
342,1315528;0,00112529
342,3447681;-0,00034994
342,5579991;-0,00017262
342,7712459;0,00025288
342,9845084;0,00109659
343,1977867;0,00012532
343,4110807;0,00120331
343,6243904;-0,00032146
343,8377158;0,00094779
344,051057;0,00053654
344,2644139;0,00010385
344,4777864;-0,00002357
344,6911747;0,00129554
344,9045787;0,00014653
345,1179984;0,00130946
345,3314338;0,00004725
345,5448849;0,00086278
345,7583517;0,00017482
345,9718341;0,00145851
346,1853323;-0,0001869
346,3988461;0,00158606
346,6123755;0,00073525
346,8259207;0,00059327
347,0394815;0,00136631
347,253058;0,00113231
347,4666501;-0,00008031
347,6802579;0,00083447
347,8938813;-0,00015125
348,1075203;0,00104021
348,321175;-0,00077563
348,5348454;0,00109682
348,7485313;-0,0001017
348,9622329;0,00152233
349,1759501;0,00100458
349,389683;0,00081318
349,6034314;-0,00034991
349,8171955;0,00096927
350,0309751;0,0005012
350,2447704;0,00099765
350,4585813;0,00013231
350,6724077;0,00031692
350,8862498;0,00016793
351,1001074;0,00087707
351,3139806;0,00034506
351,5278694;0,00076363
351,7417738;0,00064307
351,9556937;0,00122463
352,1696292;0,00035228
352,3835803;0,00097639
352,5975469;0,00030943
352,8115291;0,00082022
353,0255268;0,0007777
353,23954;0,00131682
353,4535688;0,00012525
353,6676132;0,00191251
353,8816731;-0,00015135
354,0957485;0,00151529
354,3098394;-0,00015834
354,5239459;0,00100464
354,7380678;0,00135932
354,9522053;0,00069957
355,1663583;0,00050802
355,3805268;0,00086998
355,5947108;0,0000048
355,8089103;0,00120331
356,0231253;0,00101874
356,2373557;0,0013167
356,4516017;0,0012176
356,6658631;0,00138064
356,88014;0,0011464
357,0944324;0,00166435
357,3087403;0,00066437
357,5230636;0,00151544
357,7374024;0,00077063
357,9517566;0,00106853
358,1661263;0,00122456
358,3805114;0,00089832
358,594912;0,00038056
358,809328;0,00135208
359,0237595;0,00040192
359,2382063;0,00111103
359,4526687;0,00052247
359,6671464;0,00085563
359,8816395;0,00038766
360,0961481;0,00091953
360,3106721;0,00089133
360,5252115;0,0013593
360,7397663;0,00072818
360,9543365;0,00137361
361,168922;0,00095519
361,383523;0,00117493
361,5981394;0,00043739
361,8127711;0,00130959
362,0274182;0,00095512
362,2420807;0,00170689
362,4567586;0,00124567
362,6714518;0,00160744
362,8861604;0,00035229
363,1008844;0,00115348
363,3156237;0,0004727
363,5303784;0,00170669
363,7451484;0,00014658
363,9599337;0,00194073
364,1747344;0,00072808
364,3895504;0,00082025
364,6043818;0,00086283
364,8192285;0,0020189
365,0340905;0,00084877
365,2489678;0,00207548
365,4638604;0,00072802
365,6787684;0,00246573
365,8936916;0,00078476
366,1086301;0,0021464
366,323584;0,00101895
366,5385531;0,00221742
366,7535376;0,00113946
366,9685373;0,0018981
367,1835523;0,00139484
367,3985825;0,00111093
367,6136281;0,00157907
367,8286889;0,00243706
368,043765;0,00095516
368,2588563;0,00196214
368,4739629;0,00080615
368,6890848;0,00183437
368,9042219;0,00089125
369,1193742;0,00192671
369,3345418;0,00151527
369,5497246;0,00239475
369,7649227;0,00155081
369,980136;0,00187704
370,1953645;0,00133101
370,4106082;0,00220332
370,6258672;0,00130956
370,8411413;0,00274234
371,0564307;0,00110378
371,2717352;0,00177059
371,487055;0,00139486
371,70239;0,0031537
371,9177401;0,0021182
372,1331055;0,00257901
372,348486;0,00163585
372,5638817;0,00314651
372,7792926;0,00125987
372,9947187;0,00288406
373,2101599;0,00150116
373,4256163;0,0025508
373,6410878;0,00146581
373,8565745;0,00237333
374,0720764;0,00191237
374,2875934;0,00253653
374,5031255;0,00191262
374,7186728;0,00241611
374,9342353;0,00212521
375,1498128;0,00322448
375,3654055;0,00180606
375,5810133;0,00277051
375,7966362;0,00216081
376,0122742;0,00254351
376,2279274;0,00237339
376,4435956;0,00303303
376,659279;0,00167851
376,8749775;0,00278478
377,090691;0,00205436
377,3064197;0,00185566
377,5221634;0,0021535
377,7379222;0,00216788
377,9536961;0,00133791
378,169485;0,00340179
378,3852891;0,00172791
378,6011082;0,00203996
378,8169423;0,00131681
379,0327916;0,00218905
379,2486558;0,0027778
379,4645351;0,00306133
379,6804295;0,00269248
379,8963389;0,00350111
380,1122634;0,0023024
380,3282029;0,00245146
380,5441574;0,00164996
380,7601269;0,00267834
380,9761115;0,00208975
381,1921111;0,00250831
381,4081256;0,00200466
381,6241552;0,00321739
381,8401998;0,00223865
382,0562595;0,00325989
382,2723341;0,00151535
382,4884237;0,00329551
382,7045282;0,00274939
382,9206478;0,00326699
383,1367824;0,00294792
383,3529319;0,00369972
383,5690964;0,00333096
383,7852759;0,00331665
384,0014703;0,00223175
384,2176797;0,00382022
384,4339041;0,00289839
384,6501434;0,00365709
384,8663976;0,00213954
385,0826668;0,0027067
385,298951;0,0034373
385,51525;0,00452232
385,731564;0,00401166
385,947893;0,00423874
386,1642368;0,00371377
386,3805956;0,00433083
386,5969693;0,00388385
386,8133579;0,0047137
387,0297614;0,00384856
387,2461799;0,00430942
387,4626132;0,00401899
387,6790614;0,00478476
387,8955245;0,00338063
388,1120025;0,00550819
388,3284954;0,00415362
388,5450031;0,00466414
388,7615258;0,00423145
388,9780633;0,00493384
389,1946156;0,00445152
389,4111829;0,00561468
389,627765;0,00483439
389,8443619;0,005948
390,0609737;0,00452236
390,2776004;0,00540181
390,4942419;0,00507563
390,7108982;0,00563568
390,9275694;0,00572811
391,1442554;0,00667111
391,3609562;0,00552955
391,5776718;0,00616779
391,7944023;0,005806
392,0111476;0,00626001
392,2279077;0,00561467
392,4446826;0,00633087
392,6614723;0,00667845
392,8782768;0,00669258
393,095096;0,00585557
393,3119301;0,00705411
393,528779;0,0057846
393,7456426;0,0073662
393,9625211;0,00538762
394,1794143;0,00757198
394,3963222;0,00607544
394,613245;0,00714635
394,8301825;0,00613948
395,0471347;0,00732401
395,2641018;0,00503288
395,4810835;0,00698327
395,69808;0,00708966
395,9150913;0,0078699
396,1321173;0,00684157
396,349158;0,00639472
396,5662134;0,00611097
396,7832836;0,00711821
397,0003685;0,00571388
397,2174681;0,00754366
397,4345824;0,00670686
397,6517115;0,00710379
397,8688552;0,00699743
398,0860136;0,00766415
398,3031868;0,00636635
398,5203746;0,00799033
398,7375771;0,0060258
398,9547943;0,0074089
399,1720262;0,00653659
399,3892728;0,00804015
399,606534;0,0060754
399,8238099;0,00784133
400,0411005;0,00571377
400,2584057;0,00667831
400,4757256;0,0070755
400,6930601;0,00763582
400,9104093;0,00769257
401,1277731;0,00826715
401,3451516;0,006182
401,5625447;0,0073094
401,7799524;0,00592649
401,9973748;0,00787702
402,2148118;0,00881313
402,4322634;0,00706139
402,6497296;0,00869252
402,8672104;0,00675661
403,0847059;0,00752938
403,3022159;0,00734508
403,5197406;0,00850083
403,7372798;0,00701163
403,9548336;0,00864281
404,1724021;0,00782006
404,3899851;0,00811111
404,6075826;0,0078911
404,8251948;0,00810399
405,0428215;0,00736627
405,2604628;0,00808966
405,4781187;0,00739467
405,6957891;0,00899728
405,9134741;0,00778482
406,1311736;0,00783428
406,3488877;0,00815358
406,5666163;0,00918887
406,7843594;0,00775637
407,0021171;0,00925987
407,2198893;0,00888395
407,4376761;0,00981297
407,6554773;0,00792669
407,8732931;0,00944437
408,0911234;0,00998355
408,3089682;0,01015357
408,5268275;0,00963586
408,7447013;0,01011803
408,9625896;0,0089337
409,1804925;0,01112504
409,3984097;0,01033772
409,6163415;0,01227432
409,8342878;0,01033799
410,0522485;0,01064997
410,2702238;0,01042995
410,4882134;0,01184854
410,7062176;0,01213207
410,9242362;0,012508
411,1422693;0,01208974
411,3603168;0,01320293
411,5783788;0,01243706
411,7964552;0,01347253
412,014546;0,01145869
412,2326513;0,01360033
412,4507711;0,01375646
412,6689052;0,0133736
412,8870538;0,01381314
413,1052168;0,01418892
413,3233942;0,01325956
413,5415861;0,01399037
413,7597923;0,01378461
413,978013;0,01516758
414,196248;0,01447256
414,4144974;0,01460029
414,6327613;0,01531646
414,8510395;0,01496189
415,0693321;0,01472069
415,2876391;0,01610375
415,5059605;0,01589101
415,7242962;0,01623835
415,9426463;0,01525267
416,1610108;0,01665705
416,3793896;0,01658605
416,5977828;0,01734484
416,8161903;0,01650811
417,0346122;0,01779158
417,2530485;0,01700441
417,471499;0,01751536
417,6899639;0,01725279
417,9084432;0,01748669
418,1269367;0,01698312
418,3454446;0,01878474
418,5639668;0,01835195
418,7825033;0,01853636
419,0010542;0,01857894
419,2196193;0,01853636
419,4381988;0,01816053
419,6567925;0,02082016
419,8754005;0,0186143
420,0940229;0,02034487
420,3126595;0,0177632
420,5313104;0,01831671
420,7499756;0,0182244
420,968655;0,01880558
421,1873487;0,01668526
421,4060567;0,01808237
421,624779;0,01860734
421,8435155;0,0187279
422,0622663;0,01846539
422,2810313;0,01984851
422,4998106;0,0192812
422,7186041;0,01885558
422,9374118;0,01779876
423,1562338;0,01867103
423,37507;0,01805401
423,5939204;0,01787659
423,8127851;0,01905402
424,0316639;0,01949383
424,250557;0,01857189
424,4694643;0,01802567
424,6883858;0,01799736
424,9073215;0,01917474
425,1262714;0,01803997
425,3452355;0,0182316
425,5642138;0,0174654
425,7832063;0,01832354
426,002213;0,01903269
426,2212338;0,01823141
426,4402688;0,01653659
426,659318;0,01947254
426,8783813;0,0181463
427,0974588;0,01869947
427,3165505;0,01749389
427,5356563;0,01912491
427,7547762;0,01774923
427,9739103;0,01816743
428,1930586;0,01753637
428,4122209;0,0186074
428,6313975;0,01780603
428,8505881;0,01885546
429,0697929;0,01784843
429,2890118;0,01953623
429,5082448;0,01845835
429,7274919;0,01865696
429,9467531;0,01794058
430,1660284;0,01796214
430,3853179;0,01882683
430,6046214;0,01992649
430,823939;0,0195857
431,0432707;0,02021731
431,2626165;0,01958595
431,4819764;0,01999753
431,7013503;0,0205363
431,9207383;0,02057174
432,1401404;0,02091931
432,3595566;0,02082727
432,5789868;0,01878455
432,798431;0,01918875
433,0178894;0,01958625
433,2373617;0,02091234
433,4568481;0,01990523
433,6763486;0,02115348
433,8958631;0,02097587
434,1153916;0,0219688
434,3349341;0,02174877
434,5544907;0,02171351
434,7740613;0,02172802
434,9936458;0,0218414
435,2132445;0,02216756
435,4328571;0,02392633
435,6524837;0,02274193
435,8721243;0,02280583
436,0917789;0,02294771
436,3114475;0,02374936
436,5311301;0,02310359
436,7508267;0,0251747
436,9705372;0,02353621
437,1902618;0,02507524
437,4100002;0,02428082
437,6297527;0,02456475
437,8495191;0,02537313
438,0692995;0,02596891
438,2890939;0,02454348
438,5089021;0,02726678
438,7287244;0,02671354
438,9485605;0,02833042
439,1684107;0,02794769
439,3882747;0,0294017
439,6081527;0,0280397
439,8280446;0,02938725
440,0479504;0,02837309
440,2678701;0,02949361
440,4878038;0,0304582
440,7077514;0,03258588
440,9277128;0,03113915
441,1476882;0,0325149
441,3676775;0,0320609
441,5876806;0,03368511
441,8076977;0,0310045
442,0277286;0,03250765
442,2477734;0,03390495
442,4678321;0,03444374
442,6879047;0,03386233
442,9079911;0,03560716
443,1280914;0,03404692
443,3482056;0,03486247
443,5683336;0,03481277
443,7884755;0,03506091
444,0086312;0,03469245
444,2288007;0,03707516
444,4489842;0,03616013
444,6691814;0,03530181
444,8893925;0,03736583
445,1096174;0,03647244
445,3298561;0,03546519
445,5501086;0,03769925
445,770375;0,03748651
445,9906552;0,03741556
446,2109492;0,03715308
446,4312569;0,03965668
446,6515785;0,03755042
446,8719139;0,03659293
447,0922631;0,03675575
447,312626;0,03943719
447,5330028;0,03685543
447,7533933;0,03786941
447,9737976;0,0387558
448,1942157;0,03831659
448,4146475;0,03789802
448,6350931;0,04032362
448,8555525;0,03945826
449,0760256;0,03998987
449,2965125;0,0367489
449,5170131;0,03997599
449,7375274;0,03854333
449,9580555;0,04013897
450,1785974;0,03725245
450,3991529;0,03898281
450,6197222;0,03879149
450,8403052;0,03979848
451,060902;0,03679853
451,2815124;0,03862845
451,5021366;0,03729499
451,7227744;0,03887671
451,943426;0,03682002
452,1640913;0,03658567
452,3847702;0,03633071
452,6054629;0,03849356
452,8261692;0,0368055
453,0468892;0,03714611
453,2676229;0,03699003
453,4883703;0,0377561
453,7091313;0,03825246
453,929906;0,03857156
454,1506944;0,03667085
454,3714964;0,03926653
454,5923121;0,03707512
454,8131414;0,03723118
455,0339844;0,03780568
455,254841;0,03677008
455,4757113;0,03582709
455,6965952;0,03703253
455,9174927;0,03596881
456,1384038;0,0366851
456,3593286;0,03731637
456,580267;0,03708203
456,801219;0,03674197
457,0221846;0,03817442
457,2431638;0,03586224
457,4641566;0,03552932
457,685163;0,03591201
457,906183;0,03869903
458,1272166;0,03759985
458,3482638;0,03657151
458,5693245;0,03725965
458,7903988;0,03630897
459,0114868;0,03723832
459,2325882;0,03850784
459,4537033;0,03730928
459,6748319;0,03810357
459,895974;0,03931652
460,1171297;0,03690498
460,338299;0,0384512
460,5594818;0,03845796
460,7806781;0,03946501
461,001888;0,03892598
461,2231114;0,03944379
461,4443483;0,03872044
461,6655988;0,04200441
461,8868628;0,03948639
462,1081402;0,03881264
462,3294313;0,04093295
462,5507358;0,04056439
462,7720538;0,04064992
462,9933853;0,04329502
463,2147303;0,04283382
463,4360888;0,04109644
463,6574608;0,0413232
463,8788463;0,0437842
464,1002452;0,04118165
464,3216577;0,04386237
464,5430836;0,04330215
464,7645229;0,04703948
464,9859758;0,04352885
465,2074421;0,04471326
465,4289218;0,04555024
465,650415;0,04757139
465,8719216;0,0469613
466,0934417;0,04792639
466,3149752;0,04696153
466,5365222;0,04784822
466,7580826;0,04750063
466,9796564;0,04962118
467,2012436;0,04943644
467,4228443;0,05174858
467,6444584;0,04884795
467,8660858;0,05275565
468,0877267;0,05156448
468,309381;0,05336583
468,5310487;0,05347221
468,7527298;0,05403955
468,9744243;0,05159263
469,1961321;0,05381251
469,4178533;0,05477711
469,639588;0,05594698
469,861336;0,05630874
470,0830973;0,05762108
470,304872;0,05661377
470,5266601;0,05887644
470,7484616;0,05573432
470,9702764;0,05633015
471,1921045;0,05801822
471,413946;0,06099012
471,6358008;0,05655726
471,857669;0,05938687
472,0795505;0,06200386
472,3014454;0,06571331
472,5233535;0,06320981
472,745275;0,0649969
472,9672098;0,06214597
473,1891579;0,06475567
473,4111193;0,06619531
473,633094;0,06818115
473,8550821;0,06713869
474,0770834;0,06875564
474,299098;0,0691528
474,5211259;0,07080499
474,7431671;0,06746483
474,9652215;0,06975559
475,1872893;0,07310999
475,4093703;0,07360681
475,6314646;0,06847231
475,8535721;0,07179077
476,0756929;0,07310313
476,297827;0,07335164
476,5199743;0,07454289
476,7421349;0,07384074
476,9643087;0,07396846
477,1864957;0,07430146
477,408696;0,07286907
477,6309095;0,07138672
477,8531363;0,072273
478,0753762;0,07515977
478,2976294;0,07153571
478,5198958;0,07555715
478,7421754;0,07540816
478,9644683;0,07636556
479,1867743;0,07422337
479,4090935;0,07583364
479,6314259;0,07367077
479,8537715;0,07508193
480,0761303;0,07134432
480,2985023;0,07312437
480,5208875;0,07378389
480,7432858;0,07776248
480,9656973;0,07447192
481,188122;0,07420242
481,4105598;0,07596854
481,6330108;0,07245077
481,8554749;0,0729329
482,0779522;0,07402519
482,3004427;0,07545761
482,5229463;0,07327368
482,745463;0,07505356
482,9679928;0,07618113
483,1905358;0,0728196
483,4130919;0,07667035
483,6356612;0,07352832
483,8582435;0,07451466
484,080839;0,07435149
484,3034476;0,07364213
484,5260693;0,07336536
484,748704;0,07493262
484,9713519;0,07215961
485,1940129;0,07432974
485,416687;0,07549301
485,6393741;0,07352141
485,8620744;0,07401101
486,0847877;0,07470577
486,307514;0,07466323
486,5302535;0,07546484
486,753006;0,07530179
486,9757716;0,07381226
487,1985502;0,07234434
487,4213419;0,07562802
487,6441467;0,07558554
487,8669645;0,07662816
488,0897953;0,07709625
488,3126391;0,07452859
488,535496;0,07416684
488,758366;0,07204649
488,9812489;0,06748605
489,2041449;0,07143623
489,4270539;0,07095428
489,6499759;0,0745359
489,8729109;0,07554305
490,0958589;0,07457853
490,3188199;0,07364208
490,5417939;0,07927332
490,7647809;0,07801079
490,9877809;0,07545759
491,2107939;0,07462101
491,4338198;0,07391867
491,6568587;0,07604651
491,8799106;0,07359939
492,1029755;0,07201093
492,3260533;0,07608175
492,5491441;0,0774504
492,7722479;0,07788332
492,9953646;0,07701771
493,2184942;0,07750723
493,4416368;0,07797541
493,6647924;0,07620256
493,8879608;0,07734407
494,1111422;0,07964914
494,3343365;0,07917398
494,5575438;0,08287591
494,780764;0,07988321
495,003997;0,08140086
495,227243;0,07600391
495,4505019;0,07803914
495,6737737;0,07828044
495,8970584;0,08247876
496,120356;0,08338666
496,3436665;0,08862778
496,5669899;0,0859401
496,7903261;0,08424466
497,0136753;0,08464184
497,2370373;0,08524511
497,4604122;0,08452144
497,6837999;0,08545769
497,9072005;0,08302489
498,130614;0,08500335
498,3540403;0,08686849
498,5774795;0,09086175
498,8009315;0,08625857
499,0243964;0,09164144
499,2478741;0,0893723
499,4713646;0,08723801
499,694868;0,08904644
499,9183841;0,0890958
500,1419131;0,08869848
500,365455;0,09457077
500,5890096;0,09447847
500,8125771;0,09754257
501,0361573;0,09297539
501,2597504;0,09384069
501,4833562;0,09438673
501,7069749;0,09804629
501,9306063;0,09563472
502,1542505;0,10006046
502,3779075;0,09638614
502,6015773;0,10147845
502,8252599;0,09746449
503,0489552;0,10389
503,2726633;0,1014431
503,4963841;0,10544297
503,7201177;0,10813825
503,9438641;0,11049996
504,1676232;0,10963438
504,3913951;0,10996799
504,6151797;0,10781184
504,838977;0,10879768
505,062787;0,11200323
505,2866098;0,11598929
505,5104453;0,11704617
505,7342936;0,11508127
505,9581545;0,11179772
506,1820282;0,11210232
506,4059146;0,11630146
506,6298136;0,11983295
506,8537254;0,12358473
507,0776499;0,12133686
507,301587;0,12071219
507,5255369;0,11621608
507,7494994;0,11669133
507,9734746;0,11538582
508,1974625;0,11685415
508,4214631;0,1238116
508,6454763;0,12228008
508,8695022;0,12619458
509,0935408;0,11974786
509,317592;0,12587563
509,5416558;0,12693224
509,7657323;0,13364141
509,9898215;0,13104578
510,2139233;0,12937194
510,4380377;0,12696785
510,6621647;0,13335789
510,8863044;0,13388252
511,1104567;0,13842158
511,3346217;0,14409553
511,5587992;0,13814472
511,7829893;0,13687524
512,0071921;0,14164839
512,2314074;0,13759178
512,4556354;0,1401234
512,679876;0,1407402
512,9041291;0,13888987
513,1283948;0,13709526
513,3526731;0,13922323
513,576964;0,13413768
513,8012675;0,14103832
514,0255835;0,14450646
514,2499121;0,14491071
514,4742533;0,13878347
514,698607;0,14061999
514,9229733;0,14117341
515,1473521;0,14201031
515,3717434;0,14774768
515,5961474;0,14437931
515,8205638;0,14047145
516,0449928;0,13649213
516,2694343;0,13969085
516,4938883;0,14283287
516,7183549;0,1448826
516,942834;0,13898898
517,1673255;0,14714474
517,3918296;0,14283981
517,6163462;0,13949923
517,8408753;0,13931508
518,0654169;0,14579751
518,289971;0,14757758
518,5145376;0,15186106
518,7391167;0,14944955
518,9637082;0,1516552
519,1883123;0,14814495
519,4129288;0,14609532
519,6375577;0,14608782
519,8621992;0,15291761
520,086853;0,14752809
520,3115194;0,14603148
520,5361982;0,14945013
520,7608894;0,14892515
520,9855931;0,14665589
521,2103093;0,14911612
521,4350378;0,14502423
521,6597788;0,14865535
521,8845323;0,1488327
522,1092981;0,14988929
522,3340764;0,14929385
522,5588671;0,14708822
522,7836702;0,14637206
523,0084857;0,1453861
523,2333136;0,138159
523,4581539;0,13814503
523,6830066;0,13417308
523,9078717;0,13779743
524,1327492;0,13538596
524,3576391;0,14607358
524,5825413;0,1437054
524,807456;0,14262032
525,0323829;0,13996041
525,2573223;0,13586106
525,482274;0,13950655
525,7072381;0,14017989
525,9322146;0,1425564
526,1572034;0,14113775
526,3822045;0,139237
526,607218;0,14328664
526,8322438;0,1472652
527,0572819;0,14792496
527,2823324;0,1414356
527,5073952;0,14486796
527,7324704;0,14110925
527,9575578;0,1401803
528,1826576;0,13768423
528,4077697;0,14000279
528,6328941;0,14357743
528,8580307;0,14909547
529,0831797;0,14668354
529,308341;0,14438574
529,5335146;0,14049243
529,7587004;0,14220882
529,9838986;0,14564841
530,209109;0,1433291
530,4343317;0,14389631
530,6595666;0,14438599
530,8848139;0,14284734
531,1100733;0,1413431
531,3353451;0,13669099
531,5606291;0,14171934
531,7859253;0,13668378
532,0112338;0,140315
532,2365545;0,13860608
532,4618875;0,14403837
532,6872327;0,14542858
532,9125902;0,1467545
533,1379598;0,14422261
533,3633417;0,14232249
533,5887358;0,14659159
533,8141421;0,14530048
534,0395606;0,14719418
534,2649913;0,14643554
534,4904343;0,14768374
534,7158894;0,14676179
534,9413567;0,14581137
535,1668362;0,15451364
535,3923279;0,15282539
535,6178317;0,15011653
535,8433478;0,14740729
536,068876;0,15032224
536,2944164;0,14171908
536,5199689;0,14849923
536,7455336;0,15325828
536,9711105;0,15710936
537,1966995;0,15680423
537,4223007;0,15949223
537,647914;0,15225114
537,8735394;0,15330083
538,099177;0,15757717
538,3248267;0,15871909
538,5504886;0,16106639
538,7761625;0,16253476
539,0018486;0,15862665
539,2275468;0,15752045
539,4532571;0,1575131
539,6789796;0,16589625
539,9047141;0,16193201
540,1304607;0,16459142
540,3562194;0,16151337
540,5819902;0,17079017
540,8077731;0,17899589
541,0335681;0,17752736
541,2593752;0,17044301
541,4851943;0,17011629
541,7110255;0,17300971
541,9368688;0,17330737
542,1627241;0,18061264
542,3885915;0,19081098
542,614471;0,18958442
542,8403625;0,18591739
543,066266;0,17910898
543,2921816;0,17710194
543,5181092;0,17897427
543,7440489;0,18754833
543,9700006;0,18739223
544,1959643;0,18135715
544,42194;0,18912281
544,6479278;0,19381118
544,8739276;0,19310192
545,0999393;0,19298134
545,3259631;0,19911586
545,5519989;0,19896006
545,7780467;0,1980591
546,0041065;0,19454865
546,2301783;0,19822218
546,456262;0,20084614
546,6823578;0,19142771
546,9084655;0,20152714
547,1345852;0,20880365
547,3607168;0,21484669
547,5868604;0,20984591
547,813016;0,20929342
548,0391836;0,21166883
548,2653631;0,21242071
548,4915545;0,20839256
548,7177579;0,20657696
548,9439732;0,203286
549,1702005;0,21346315
549,3964397;0,2202007
549,6226908;0,22257674
549,8489539;0,22440629
550,0752289;0,23130649
550,3015158;0,22770453
550,5278146;0,2227042
550,7541253;0,23088132
550,9804479;0,23566128
551,2067824;0,2320727
551,4331288;0,23025694
551,6594871;0,23066859
551,8858573;0,23023567
552,1122394;0,23251261
552,3386334;0,23881737
552,5650392;0,23959769
552,7914569;0,24254796
553,0178865;0,24417179
553,2443279;0,26022172
553,4707812;0,25902251
553,6972464;0,26025627
553,9237234;0,2548388
554,1502122;0,25169665
554,3767129;0,24170327
554,6032255;0,2464842
554,8297498;0,24761893
555,056286;0,25288088
555,2828341;0,25668267
555,5093939;0,2546328
555,7359656;0,25615803
555,9625491;0,26148401
556,1891444;0,26466805
556,4157515;0,26897359
556,6423704;0,27044828
556,8690011;0,2666042
557,0956436;0,25759777
557,3222979;0,26403023
557,548964;0,26598696
557,7756419;0,26878883
558,0023315;0,26756175
558,2290329;0,27420709
558,4557461;0,28008642
558,6824711;0,28311443
558,9092078;0,26489504
559,1359563;0,27041969
559,3627165;0,26593769
559,5894885;0,27209353
559,8162722;0,27673869
560,0430677;0,28744806
560,2698749;0,27874616
560,4966938;0,29072517
560,7235245;0,29128475
560,9503669;0,28072535
561,177221;0,27136333
561,4040869;0,26845526
561,6309644;0,28212175
561,8578537;0,29173162
562,0847546;0,28985919
562,3116673;0,2807177
562,5385917;0,27534161
562,7655277;0,28273913
562,9924755;0,28588761
563,2194349;0,28697994
563,446406;0,27974626
563,6733888;0,27975323
563,9003833;0,28406496
564,1273894;0,29754757
564,3544072;0,2940934
564,5814367;0,28766078
564,8084778;0,28605865
565,0355306;0,29918535
565,262595;0,30066776
565,489671;0,30650501
565,7167587;0,29377476
565,9438581;0,28574546
566,1709691;0,28929211
566,3980917;0,29103028
566,6252259;0,28293796
566,8523717;0,28688148
567,0795292;0,28173879
567,3066983;0,28574645
567,5338789;0,29031331
567,7610712;0,2929163
567,9882751;0,28630641
568,2154906;0,29169603
568,4427177;0,29051234
568,6699563;0,28446267
568,8972066;0,28572482
569,1244684;0,28522822
569,3517418;0,28375295
569,5790268;0,28176001
569,8063233;0,27865388
570,0336314;0,28398037
570,2609511;0,27719291
570,4882823;0,27096628
570,7156251;0,2798317
570,9429794;0,27968258
571,1703453;0,28038432
571,3977227;0,27015005
571,6251116;0,26973907
571,8525121;0,26669627
572,0799241;0,27138473
572,3073476;0,27382431
572,5347826;0,2592425
572,7622292;0,26295961
572,9896872;0,26036321
573,2171568;0,25637044
573,4446379;0,26007288
573,6721305;0,26068265
573,8996345;0,26470404
574,1271501;0,26470382
574,3546771;0,26107262
574,5822156;0,25881752
574,8097656;0,26164712
575,0373271;0,26051882
575,2649001;0,26455478
575,4924845;0,26456883
575,7200804;0,26162583
575,9476877;0,26549825
576,1753065;0,26249747
576,4029367;0,26281059
576,6305784;0,26041276
576,8582315;0,25034211
577,0858961;0,25788131
577,3135721;0,26565381
577,5412595;0,26754758
577,7689584;0,27199435
577,9966686;0,27228521
578,2243903;0,25700869
578,4521234;0,26765408
578,6798679;0,256569
578,9076239;0,25907291
579,1353912;0,2604341
579,3631699;0,26285937
579,59096;0,28271762
579,8187615;0,28358965
580,0465744;0,27783828
580,2743987;0,27726357
580,5022343;0,27053343
580,7300813;0,26419334
580,9579397;0,25949763
581,1858094;0,26388858
581,4136906;0,27500114
581,641583;0,27948369
581,8694868;0,27310051
582,097402;0,27280955
582,3253285;0,27473923
582,5532664;0,27055425
582,7812156;0,26671032
583,0091761;0,27918603
583,2371479;0,28329223
583,4651311;0,27996618
583,6931256;0,2699238
583,9211314;0,27135637
584,1491485;0,26532774
584,3771769;0,26637
584,6052167;0,28195181
584,8332677;0,29003012
585,06133;0,28242698
585,2894036;0,28882372
585,5174885;0,29958988
585,7455847;0,30945529
585,9736922;0,2955255
586,2018109;0,28408667
586,429941;0,2811789
586,6580822;0,28989508
586,8862348;0,29995879
587,1143986;0,29373185
587,3425737;0,28393041
587,57076;0,29339802
587,7989575;0,29734133
588,0271663;0,29073185
588,2553864;0,29241927
588,4836176;0,30512139
588,7118602;0,30593024
588,9401139;0,30621389
589,1683788;0,30419968
589,396655;0,31326372
589,6249424;0,30607171
589,853241;0,30595163
590,0815508;0,31527756
590,3098718;0,32358916
590,538204;0,32144765
590,7665474;0,30894457
590,994902;0,30061064
591,2232678;0,31131324
591,4516447;0,31417137
591,6800329;0,32296559
591,9084322;0,32418527
592,1368427;0,33129176
592,3652643;0,3348372
592,5936971;0,339391
592,8221411;0,33441939
593,0505962;0,33734154
593,2790625;0,33311437
593,5075399;0,34255395
593,7360284;0,34768925
593,9645281;0,35099344
594,193039;0,34183007
594,4215609;0,34005049
594,650094;0,35160357
594,8786382;0,37016366
595,1071935;0,35283043
595,3357599;0,34066803
595,5643375;0,34218499
595,7929261;0,35066009
596,0215259;0,3440855
596,2501367;0,34980208
596,4787587;0,36279487
596,7073917;0,36508525
596,9360358;0,35417094
597,164691;0,37009931
597,3933572;0,3720714
597,6220346;0,37187297
597,850723;0,37412054
598,0794225;0,37802221
598,308133;0,36731941
598,5368546;0,36434812
598,7655872;0,3599225
598,9943309;0,3756881
599,2230856;0,36848301
599,4518514;0,36878736
599,6806282;0,36500747
599,9094161;0,36496508
600,1382149;0,37695034
600,3670248;0,38688714
600,5958457;0,39492182
600,8246777;0,3961771
601,0535206;0,39416327
601,2823746;0,41688658
601,5112395;0,40126198
601,7401154;0,39836191
601,9690024;0,40351088
602,1979003;0,41534751
602,4268093;0,41761742
602,6557292;0,41345401
602,88466;0,4128087
603,1136019;0,41129811
603,3425547;0,41884387
603,5715185;0,42445314
603,8004933;0,41869494
604,029479;0,41675126
604,2584757;0,42407741
604,4874833;0,42965944
604,7165019;0,43224047
604,9455314;0,45276548
605,1745719;0,45269386
605,4036232;0,44683583
605,6326856;0,42699991
605,8617588;0,42774454
606,090843;0,42635408
606,3199381;0,42672295
606,5490441;0,43587217
606,778161;0,44428325
607,0072888;0,44311353
607,2364275;0,43890667
607,4655771;0,43231843
607,6947376;0,45470875
607,923909;0,46204201
608,1530913;0,45087195
608,3822845;0,44321933
608,6114885;0,44215643
608,8407034;0,43504233
609,0699292;0,44203576
609,2991659;0,44480046
609,5284134;0,47806965
609,7576718;0,4653468
609,986941;0,45569436
610,2162211;0,45454506
610,445512;0,46939531
610,6748137;0,45138272
610,9041263;0,46144602
611,1334498;0,45355243
611,362784;0,45343976
611,5921291;0,45941124
611,821485;0,47379433
612,0508517;0,47093504
612,2802293;0,45661607
612,5096176;0,44863108
612,7390167;0,44587225
612,9684267;0,44851725
613,1978474;0,44626182
613,427279;0,44384366
613,6567213;0,44807039
613,8861744;0,45879399
614,1156383;0,46146084
614,345113;0,46119666
614,5745984;0,46753783
614,8040946;0,46280813
615,0336016;0,44275825
615,2631193;0,44201354
615,4926478;0,44648808
615,722187;0,43245406
615,951737;0,4281626
616,1812977;0,42653109
616,4108692;0,44047522
616,6404514;0,47432593
616,8700444;0,47430349
617,099648;0,4710276
617,3292624;0,46946003
617,5588875;0,45568729
617,7885233;0,45407735
618,0181699;0,44620555
618,2478271;0,45126189
618,477495;0,44455949
618,7071737;0,46477223
618,936863;0,46234699
619,1665631;0,44558112
619,3962738;0,44206365
619,6259952;0,46016914
619,8557272;0,46116905
620,08547;0,46254509
620,3152234;0,4601339
620,5449875;0,4697797
620,7747622;0,45118385
621,0045477;0,43190023
621,2343437;0,43347481
621,4641504;0,43187898
621,6939678;0,42482917
621,9237958;0,42575135
622,1536344;0,42805583
622,3834837;0,44720556
622,6133436;0,46612715
622,8432141;0,46407071
623,0730953;0,44824781
623,3029871;0,44714871
623,5328895;0,44334702
623,7628024;0,4469855
623,992726;0,42985105
624,2226602;0,43097806
624,452605;0,42240343
624,6825604;0,43353119
624,9125264;0,43558776
625,142503;0,43095694
625,3724901;0,42331838
625,6024879;0,41960299
625,8324962;0,41764511
626,062515;0,42163781
626,2925445;0,40847517
626,5225845;0,40258197
626,752635;0,41564478
626,9826961;0,42168753
627,2127678;0,439595
627,44285;0,43734737
627,6729427;0,45738938
627,903046;0,4412266
628,1331598;0,42571596
628,3632841;0,42236115
628,593419;0,42275099
628,8235644;0,43815559
629,0537203;0,42682221
629,2838867;0,43331149
629,5140636;0,42883689
629,744251;0,42022625
629,9744489;0,41664998
630,2046574;0,40836464
630,4348763;0,39635312
630,6651057;0,38885917
630,8953456;0,4046351
631,1255959;0,3994823
631,3558568;0,41543053
631,5861281;0,4039421
631,8164099;0,41026364
632,0467021;0,411163
632,2770048;0,40435069
632,507318;0,40228897
632,7376416;0,41697059
632,9679756;0,429667
633,1983201;0,42919208
633,4286751;0,41246627
633,6590404;0,41102097
633,8894162;0,40608179
634,1198025;0,39245703
634,3501991;0,37978696
634,5806062;0,37325949
634,8110237;0,38601793
635,0414516;0,37930941
635,2718899;0,37153063
635,5023386;0,37696713
635,7327977;0,38422786
635,9632672;0,37665987
636,1937471;0,36148207
636,4242374;0,36001397
636,6547381;0,36296745
636,8852491;0,36738425
637,1157705;0,3750398
637,3463023;0,38033324
637,5768445;0,39085197
637,807397;0,3913161
638,0379598;0,40376428
638,2685331;0,41881787
638,4991166;0,40625407
638,7297106;0,39574687
638,9603148;0,38729077
639,1909294;0,39332572
639,4215544;0,37934332
639,6521896;0,382314
639,8828352;0,37861592
640,1134911;0,38430385
640,3441574;0,37704188
640,5748339;0,36785948
640,8055208;0,36788218
641,0362179;0,37368957
641,2669254;0,38843091
641,4976431;0,39513138
641,7283712;0,39428552
641,9591095;0,39218822
642,1898582;0,3814711
642,4206171;0,37097534
642,6513862;0,37238844
642,8821657;0,37955894
643,1129554;0,39062385
643,3437554;0,39168607
643,5745657;0,3861808
643,8053862;0,36983946
644,0362169;0,36671025
644,2670579;0,37694296
644,4979092;0,38351158
644,7287707;0,39372624
644,9596424;0,38152912
645,1905244;0,38232372
645,4214166;0,38083481
645,652319;0,37810584
645,8832316;0,38323626
646,1141545;0,38761971
646,3450875;0,39297469
646,5760308;0,38102999
646,8069843;0,38596516
647,0379479;0,39424888
647,2689218;0,38868848
647,4999059;0,39682986
647,7309001;0,40269507
647,9619046;0,39352523
648,1929192;0,40070171
648,423944;0,40314808
648,6549789;0,38920589
648,886024;0,3831
649,1170793;0,38980868
649,3481448;0,40944672
649,5792204;0,42134038
649,8103061;0,41636884
650,041402;0,403227
650,2725081;0,41279444
650,5036243;0,42289355
650,7347506;0,42402787
650,965887;0,41063137
651,1970336;0,41685088
651,4281903;0,42434062
651,6593571;0,42451717
651,8905341;0,43077259
652,1217211;0,43167331
652,3529183;0,41787897
652,5841255;0,42221233
652,8153429;0,43250312
653,0465703;0,43499287
653,2778078;0,43251005
653,5090555;0,43296485
653,7403132;0,42830473
653,9715809;0,43773007
654,2028588;0,45128978
654,4341467;0,45293548
654,6654447;0,43707061
654,8967528;0,45332546
655,1280709;0,47718355
655,359399;0,46685806
655,5907373;0,46186422
655,8220855;0,45846067
656,0534438;0,465694
656,2848121;0,47461635
656,5161905;0,47664491
656,7475789;0,47846035
656,9789774;0,46031852
657,2103858;0,46005608
657,4418043;0,45643213
657,6732327;0,46072927
657,9046712;0,47365898
658,1361197;0,49790683
658,3675782;0,5054664
658,5990467;0,50477953
658,8305252;0,48709826
659,0620137;0,47732518
659,2935121;0,48295082
659,5250206;0,48939014
659,756539;0,48894929
659,9880674;0,48558808
660,2196057;0,48578613
660,451154;0,50627491
660,6827123;0,4978147
660,9142805;0,48339614
661,1458587;0,48480063
661,3774469;0,48467969
661,6090449;0,4857291
661,840653;0,50841024
662,0722709;0,50922554
662,3038988;0,51045242
662,5355366;0,51484932
662,7671844;0,51719667
662,998842;0,51228902
663,2305096;0,51931725
663,4621871;0,52802742
663,6938745;0,53258726
663,9255718;0,53133841
664,157279;0,53891338
664,3889961;0,53028253
664,6207231;0,53236024
664,8524599;0,53165804
665,0842067;0,54440955
665,3159633;0,53646684
665,5477298;0,55388439
665,7795062;0,55724671
666,0112925;0,54501254
666,2430886;0,52269284
666,4748945;0,54316214
666,7067104;0,56376432
666,938536;0,57186338
667,1703716;0,57627487
667,4022169;0,56429547
667,6340721;0,56638059
667,8659372;0,5800548
668,097812;0,57016119
668,3296967;0,57452152
668,5615913;0,57021121
668,7934956;0,57160716
669,0254097;0,57598357
669,2573337;0,57119621
669,4892675;0,55455837
669,721211;0,56442393
669,9531644;0,56370006
670,1851276;0,57390521
670,4171005;0,55950124
670,6490832;0,56907652
670,8810758;0,57414647
671,1130781;0,56578623
671,3450901;0,54964344
671,577112;0,551849
671,8091436;0,56474217
672,0411849;0,57119733
672,2732361;0,56884154
672,5052969;0,55653006
672,7373676;0,5384662
672,9694479;0,54299125
673,201538;0,55025365
673,4336379;0,5753385
673,6657475;0,58765039
673,8978668;0,59246502
674,1299958;0,58357186
674,3621346;0,57299822
674,5942831;0,55560184
674,8264412;0,57178522
675,0586091;0,59962877
675,2907867;0,58237444
675,522974;0,55978611
675,755171;0,548501
675,9873777;0,55165741
676,2195941;0,56320348
676,4518202;0,55861507
676,6840559;0,54803369
676,9163013;0,54808324
677,1485564;0,54738819
677,3808212;0,54540245
677,6130956;0,53824669
677,8453797;0,54469281
678,0776734;0,55816162
678,3099768;0,55421763
678,5422899;0,54691929
678,7746125;0,55047272
679,0069449;0,53732455
679,2392868;0,51568667
679,4716384;0,51631773
679,7039996;0,53395603
679,9363705;0,54204818
680,1687509;0,54777153
680,401141;0,54086394
680,6335407;0,54933891
680,86595;0,55638093
681,0983689;0,56704041
681,3307974;0,55507656
681,5632355;0,53684945
681,7956832;0,51263748
682,0281404;0,51633864
682,2606073;0,52092765
682,4930837;0,54249444
682,7255697;0,54649493
682,9580653;0,53006248
683,1905705;0,53003376
683,4230852;0,51845219
683,6556094;0,51629656
683,8881432;0,52470034
684,1206866;0,5418422
684,3532395;0,55277807
684,585802;0,55762197
684,818374;0,52476479
685,0509555;0,51885678
685,2835466;0,53086381
685,5161472;0,54572201
685,7487573;0,52886358
685,9813769;0,53086975
686,214006;0,523459
686,4466447;0,51004121
686,6792929;0,4847087
686,9119505;0,48014058
687,1446177;0,5014462
687,3772943;0,51493484
687,6099805;0,51516168
687,8426761;0,50838904
688,0753812;0,50626105
688,3080958;0,51648097
688,5408198;0,52961572
688,7735534;0,52567962
689,0062964;0,50784912
689,2390488;0,48855239
689,4718107;0,47255927
689,7045821;0,4673748
689,9373629;0,48179385
690,1701531;0,49805595
690,4029528;0,49880684
690,635762;0,48558004
690,8685805;0,49560181
691,1014085;0,48491419
691,334246;0,48280023
691,5670928;0,48599162
691,7999491;0,49548829
692,0328147;0,48789259
692,2656898;0,47858089
692,4985743;0,46441752
692,7314682;0,45451712
692,9643715;0,46681526
693,1972841;0,46652366
693,4302062;0,45463117
693,6631376;0,46396416
693,8960785;0,47802801
694,1290287;0,47058758
694,3619882;0,46666609
694,5949572;0,48005588
694,8279355;0,48168627
695,0609231;0,48850925
695,2939202;0,48312701
695,5269265;0,47456669
695,7599422;0,47230399
695,9929673;0,47800555
696,2260017;0,4878147
696,4590454;0,47946062
696,6920985;0,4547227
696,9251609;0,46075837
697,1582326;0,46136066
697,3913136;0,46524774
697,624404;0,47917691
697,8575037;0,49092796
698,0906126;0,48763745
698,3237309;0,49831065
698,5568585;0,4889496
698,7899953;0,48465146
699,0231415;0,48583576
699,2562969;0,4744176
699,4894617;0,45588585
699,7226357;0,44695674
699,9558189;0,44943225
700,1890115;0,46452407
700,4222133;0,46548092
700,6554244;0,47111924
700,8886447;0,45476526
701,1218743;0,45297104
701,3551131;0,45892146
701,5883612;0,4700491
701,8216186;0,46455905
702,0548851;0,46397776
702,2881609;0,46148776
702,521446;0,46226133
702,7547402;0,46301283
702,9880437;0,48383567
703,2213564;0,47324054
703,4546783;0,46745312
703,6880094;0,46279387
703,9213497;0,44400696
704,1546993;0,43597071
704,388058;0,44286484
704,6214259;0,45025449
704,854803;0,45306342
705,0881893;0,45860941
705,3215848;0,47414771
705,5549894;0,47697787
705,7884032;0,46823352
706,0218262;0,45842502
706,2552584;0,45095581
706,4886997;0,44211301
706,7221502;0,43333306
706,9556098;0,4292543
707,1890785;0,43575062
707,4225565;0,4350067
707,6560435;0,43698525
707,8895397;0,44394987
708,123045;0,45087189
708,3565595;0,45253811
708,5900831;0,47015503
708,8236158;0,48079238
709,0571576;0,48343186
709,2907085;0,48682884
709,5242686;0,48185046
709,7578377;0,47206259
709,9914159;0,47215553
710,2250033;0,4619003
710,4585997;0,44873017
710,6922052;0,45410545
710,9258198;0,4752467
711,1594435;0,46914138
711,3930762;0,46200649
711,6267181;0,47409798
711,860369;0,49160097
712,0940289;0,47339671
712,3276979;0,45383683
712,561376;0,45246708
712,7950631;0,45284343
713,0287593;0,45797737
713,2624645;0,4551197
713,4961788;0,44916989
713,729902;0,45021234
713,9636344;0,45408461
714,1973757;0,4669638
714,4311261;0,47078664
714,6648855;0,47982189
714,8986539;0,48265168
715,1324313;0,48477263
715,3662177;0,46220579
715,6000131;0,44997775
715,8338175;0,45407751
716,0676309;0,45647414
716,3014533;0,44457375
716,5352847;0,44789983
716,7691251;0,45236125
717,0029745;0,45116224
717,2368328;0,44462297
717,4707001;0,44231855
717,7045763;0,44346796
717,9384616;0,45179373
718,1723557;0,46071567
718,4062589;0,4682901
718,640171;0,4722045
718,874092;0,47543822
719,108022;0,47787833
719,3419609;0,47957362
719,5759087;0,47904851
719,8098655;0,47872247
720,0438312;0,48448819
720,2778058;0,48906992
720,5117893;0,47078589
720,7457818;0,46864416
720,9797831;0,46511928
721,2137934;0,45934743
721,4478126;0,45428989
721,6818406;0,46648811
721,9158776;0,47721238
722,1499234;0,48935454
722,3839781;0,49385751
722,6180418;0,48591392
722,8521142;0,46963763
723,0861956;0,4575735
723,3202858;0,45324082
723,5543849;0,4541624
723,7884929;0,45887869
724,0226097;0,46455257
724,2567353;0,4841911
724,4908698;0,48936089
724,7250132;0,49634642
724,9591654;0,50489901
725,1933264;0,50792107
725,4274963;0,51045254
725,661675;0,5185238
725,8958625;0,51755118
726,1300588;0,50084259
726,364264;0,48648801
726,5984779;0,49492125
726,8327007;0,50901269
727,0669323;0,51597094
727,3011726;0,51526092
727,5354218;0,5090903
727,7696797;0,50724725
728,0039465;0,51285623
728,238222;0,50838154
728,4725063;0,50161613
728,7067994;0,49358049
728,9411013;0,47881474
729,1754119;0,49661535
729,4097313;0,52057324
729,6440594;0,51840224
729,8783963;0,50991381
730,112742;0,52675023
730,3470964;0,5422607
730,5814595;0,53692023
730,8158314;0,51575033
731,050212;0,52315463
731,2846013;0,51958739
731,5189994;0,50138202
731,7534062;0,49939505
731,9878217;0,51060119
732,2222459;0,51423974
732,4566789;0,50124734
732,6911205;0,51370084
732,9255708;0,53397041
733,1600299;0,53368595
733,3944976;0,52894123
733,628974;0,53221122
733,8634591;0,54150889
734,0979529;0,54846711
734,3324554;0,53432438
734,5669666;0,54783539
734,8014864;0,55124652
735,0360149;0,53601967
735,270552;0,52718294
735,5050978;0,51351713
735,7396522;0,50511897
735,9742153;0,49569383
736,2087871;0,49794826
736,4433675;0,50688473
736,6779565;0,5166231
736,9125542;0,53092779
737,1471605;0,53207561
737,3817754;0,53720452
737,6163989;0,55094166
737,8510311;0,54289181
738,0856718;0,53165783
738,3203212;0,52324677
738,5549792;0,52943857
738,7896457;0,5252183
739,0243209;0,52651652
739,2590047;0,51491341
739,493697;0,513907
739,728398;0,50502724
739,9631075;0,50714099
740,1978256;0,52509795
740,4325523;0,53036698
740,6672875;0,52724672
740,9020313;0,52008385
741,1367837;0,51734574
741,3715446;0,51590011
741,6063141;0,50006249
741,8410921;0,50350206
742,0758786;0,50181456
742,3106737;0,50759373
742,5454774;0,51122552
742,7802895;0,5030841
743,0151102;0,52055871
743,2499395;0,53099167
743,4847772;0,52866522
743,7196235;0,51646701
743,9544782;0,5009704
744,1893415;0,49293462
744,4242133;0,49611939
744,6590935;0,49899853
744,8939823;0,4957152
745,1288796;0,4917294
745,3637853;0,48738262
745,5986996;0,4991906
745,8336223;0,516105
746,0685535;0,51486436
746,3034931;0,50237453
746,5384412;0,48633152
746,7733978;0,50380012
747,0083629;0,50780739
747,2433364;0,51650843
747,4783183;0,53415398
747,7133087;0,51710539
747,9483076;0,49796338
748,1833148;0,48941033
748,4183305;0,48525374
748,6533547;0,47696332
748,8883873;0,47047419
749,1234282;0,47596333
749,3584777;0,48384267
749,5935355;0,47626128
749,8286017;0,47728264
750,0636763;0,48305546
750,2987594;0,49199833
750,5338508;0,48771485
750,7689507;0,49938905
751,0040589;0,49907066
751,2391755;0,49524762
751,4743005;0,48460185
751,7094338;0,47727564
751,9445756;0,47424765
752,1797257;0,4672405
752,4148842;0,46053773
752,650051;0,46631826
752,8852262;0,48425405
753,1204097;0,48846744
753,3556016;0,47355194
753,5908019;0,47926096
753,8260104;0,48577184
754,0612274;0,48384986
754,2964526;0,48454427
754,5316862;0,47571508
754,7669281;0,4675023
755,0021783;0,47911986
755,2374369;0,49116905
755,4727037;0,49289957
755,7079789;0,49110543
755,9432623;0,48072265
756,1785541;0,47209858
756,4138542;0,4649286
756,6491625;0,45311247
756,8844792;0,45680106
757,1198041;0,47052365
757,3551373;0,46139645
757,5904788;0,44242421
757,8258285;0,42414141
758,0611866;0,42289287
758,2965529;0,4163184
758,5319274;0,41528346
758,7673102;0,42443967
759,0027013;0,44170169
759,2381006;0,45153832
759,4735081;0,45218356
759,7089239;0,44411259
759,9443479;0,44362356
760,1797802;0,4440844
760,4152206;0,43398506
760,6506693;0,43287164
760,8861263;0,43113394
761,1215914;0,43739762
761,3570647;0,45088626
761,5925463;0,44784361
761,8280361;0,4456592
762,063534;0,43546083
762,2990402;0,42594329
762,5345545;0,41304245
762,770077;0,41130448
763,0056077;0,41369515
763,2411466;0,41650313
763,4766937;0,41077268
763,7122489;0,39971564
763,9478123;0,38455324
764,1833839;0,38564565
764,4189636;0,39317063
764,6545515;0,40784395
764,8901475;0,41862447
765,1257517;0,41935428
765,361364;0,42472271
765,5969845;0,41727606
765,832613;0,4164814
766,0682498;0,4207585
766,3038946;0,40270904
766,5395476;0,40907748
766,7752087;0,42409253
767,0108778;0,42579492
767,2465552;0,4239355
767,4822406;0,43197143
767,7179341;0,43127669
767,9536357;0,41584394
768,1893454;0,40365963
768,4250632;0,39965206
768,6607891;0,39419876
768,896523;0,39341181
769,132265;0,38695702
769,3680152;0,38590763
769,6037733;0,39170927
769,8395396;0,40290746
770,0753139;0,40365277
770,3110962;0,39982318
770,5468867;0,40044659
770,7826851;0,40653188
771,0184916;0,39470903
771,2543062;0,37339033
771,4901287;0,36440487
771,7259594;0,35929121
771,961798;0,3549081
772,1976447;0,36050381
772,4334994;0,36805747
772,6693621;0,37718505
772,9052328;0,37837613
773,1411115;0,37848278
773,3769982;0,37282951
773,612893;0,36627025
773,8487957;0,36708537
774,0847064;0,37424902
774,3206251;0,3738083
774,5565518;0,37411395
774,7924865;0,37359629
775,0284291;0,37637622
775,2643797;0,37427649
775,5003383;0,37350381
775,7363049;0,3716956
775,9722794;0,36645451
776,2082618;0,36570275
776,4442522;0,36078093
776,6802506;0,35468894
776,9162569;0,35886634
777,1522712;0,35692935
777,3882933;0,35017124
777,6243234;0,33728414
777,8603615;0,34390796
778,0964074;0,36744693
778,3324613;0,37421367
778,5685231;0,37980857
778,8045928;0,37548912
779,0406704;0,36872335
779,2767559;0,37541865
779,5128493;0,38192204
779,7489506;0,3858162
779,9850598;0,37931173
780,2211769;0,37217736
780,4573019;0,3629366
780,6934347;0,35464598
780,9295754;0,3533692
781,165724;0,33938354
781,4018805;0,32498693
781,6380448;0,32599331
781,874217;0,32134091
782,110397;0,32507121
782,3465849;0,33368088
782,5827806;0,33201529
782,8189842;0,32777361
783,0551956;0,32419282
783,2914148;0,32456056
783,5276419;0,32636231
783,7638768;0,32233428
784,0001195;0,31824186
784,23637;0,32560338
784,4726283;0,32498684
784,7088945;0,32730567
784,9451684;0,33448969
785,1814502;0,33594405
785,4177398;0,33685101
785,6540371;0,34212144
785,8903422;0,35137588
786,1266552;0,34612046
786,3629759;0,34395746
786,5993043;0,33988684
786,8356406;0,33286557
787,0719846;0,32173795
787,3083364;0,32276644
787,5446959;0,3236885
787,7810633;0,32748269
788,0174383;0,33149053
788,2538211;0,33204315
788,4902117;0,33929129
788,7266099;0,34302948
788,963016;0,33864666
789,1994297;0,33495763
789,4358512;0,33471692
789,6722804;0,33459634
789,9087173;0,3314829
790,145162;0,33231262
790,3816143;0,32637673
790,6180744;0,32231293
790,8545422;0,3149657
791,0910176;0,31574531
791,3275008;0,31223462
791,5639917;0,31815664
791,8004902;0,32049062
792,0369964;0,3220783
792,2735103;0,32283041
792,5100319;0,32808592
792,7465612;0,33398662
792,9830981;0,33452581
793,2196427;0,34105044
793,4561949;0,33722795
793,6927548;0,32065332
793,9293223;0,3111146
794,1658975;0,31566091
794,4024804;0,31608618
794,6390708;0,31666046
794,875669;0,32680991
795,1122747;0,32919228
795,3488881;0,33006529
795,5855091;0,32651132
795,8221377;0,32178053
796,0587739;0,31611456
796,2954177;0,31066758
796,5320692;0,30801486
796,7687282;0,31550536
797,0053948;0,31859635
797,2420691;0,31075964
797,4787509;0,31476708
797,7154403;0,31833472
797,9521373;0,32230586
798,1888419;0,32187324
798,425554;0,31346181
798,6622737;0,30462502
798,899001;0,30884505
799,1357358;0,32190866
799,3724782;0,32346914
799,6092282;0,3184408
799,8459857;0,30929898
800,0827507;0,30831269
800,3195233;0,3129232
800,5563034;0,31885946
800,7930911;0,3178307
801,0298863;0,31890194
801,266689;0,31410043
801,5034992;0,31802977
801,740317;0,32722779
801,9771423;0,32795086
802,213975;0,3266672
802,4508153;0,32588043
802,6876631;0,31707184
802,9245184;0,31248274
803,1613811;0,30852578
803,3982514;0,30842676
803,6351291;0,30244124
803,8720143;0,30774566
804,108907;0,31829906
804,3458072;0,32871043
804,5827149;0,33327054
804,81963;0,34264589
805,0565525;0,33857488
805,2934825;0,33041199
805,53042;0,32811423
805,7673649;0,32813559
806,0043173;0,32491561
806,2412771;0,32510099
806,4782443;0,32175969
806,715219;0,31181675
806,9522011;0,30387385
807,1891906;0,31454723
807,4261876;0,32515008
807,6631919;0,32945483
807,9002037;0,33050409
808,1372229;0,32659674
808,3742494;0,31639118
808,6112834;0,30909318
808,8483248;0,30699411
809,0853736;0,30621375
809,3224297;0,30452619
809,5594933;0,3024904
809,7965642;0,29991634
810,0336425;0,30315681
810,2707281;0,30305785
810,5078211;0,30829174
810,7449215;0,31751877
810,9820293;0,33034812
811,2191444;0,31432003
811,4562668;0,29961782
811,6933966;0,29936303
811,9305338;0,29501527
812,1676783;0,30181701
812,4048301;0,31231972
812,6419892;0,31809298
812,8791557;0,32439123
813,1163295;0,33049746
813,3535106;0,32644083
813,590699;0,32612172
813,8278948;0,31946894
814,0650978;0,32469573
814,3023082;0,32768182
814,5395258;0,32406492
814,7767507;0,32856093
815,013983;0,33385183
815,2512225;0,33738425
815,4884693;0,33756134
815,7257233;0,33146224
815,9629847;0,31975966
816,2002533;0,30646236
816,4375292;0,30268974
816,6748123;0,30754035
816,9121027;0,31850432
817,1494004;0,32689472
817,3867053;0,32452564
817,6240174;0,32407902
817,8613368;0,31531294
818,0986634;0,30710725
818,3359973;0,31112149
818,5733384;0,3220439
818,8106867;0,34073841
819,0480422;0,35150369
819,285405;0,34938368
819,5227749;0,33502227
819,7601521;0,32693708
819,9975365;0,32902891
820,234928;0,34288038
820,4723268;0,35022757
820,7097328;0,35235544
820,9471459;0,34992276
821,1845662;0,35342608
821,4219938;0,34960346
821,6594284;0,34495802
821,8968703;0,3402912
822,1343193;0,33981616
822,3717755;0,34841201
822,6092389;0,34471654
822,8467094;0,33434763
823,0841871;0,33307853
823,3216719;0,34198645
823,5591638;0,34189413
823,7966629;0,33631291
824,0341691;0,34838351
824,2716825;0,34996476
824,509203;0,35180215
824,7467306;0,34331278
824,9842653;0,33115698
825,2218072;0,32341229
825,4593561;0,32396521
825,6969122;0,32797901
825,9344754;0,33652566
826,1720456;0,34078801
826,409623;0,34343358
826,6472074;0,35987229
826,884799;0,36934826
827,1223976;0,36694374
827,3600033;0,36830531
827,5976161;0,36514963
827,8352359;0,37033398
828,0728628;0,36875203
828,3104968;0,36909214
828,5481378;0,37585181
828,7857859;0,38285173
829,0234411;0,38527649
829,2611032;0,3866384
829,4987725;0,37388693
829,7364487;0,35351166
829,974132;0,34809977
830,2118223;0,35406416
830,4495197;0,35517029
830,6872241;0,35184483
830,9249355;0,3457809
831,1626539;0,34443298
831,4003793;0,34832717
831,6381117;0,3595599
831,8758511;0,35685904
832,1135976;0,34851095
832,351351;0,34285127
832,5891114;0,34126288
832,8268788;0,34073058
833,0646531;0,33724152
833,3024345;0,33567522
833,5402228;0,33648255
833,7780181;0,34024889
834,0158203;0,34260309
834,2536296;0,34086526
834,4914457;0,34556842
834,7292689;0,34599372
834,9670989;0,34046842
835,2049359;0,33405032
835,4427799;0,3401283
835,6806308;0,35082304
835,9184886;0,35868836
836,1563534;0,36185168
836,3942251;0,36607849
836,6321037;0,35495788
836,8699892;0,35171671
837,1078816;0,34103627
837,345781;0,33503644
837,5836872;0,32536216
837,8216003;0,3345328
838,0595204;0,34622072
838,2974473;0,34505767
838,5353811;0,34377396
838,7733218;0,34172395
839,0112694;0,33569601
839,2492239;0,33535565
839,4871852;0,3381988
839,7251534;0,33799379
839,9631285;0,32990132
840,2011104;0,32597944
840,4390992;0,31985947
840,6770948;0,3177244
840,9150973;0,31469582
841,1531066;0,3142704
841,3911227;0,30622808
841,6291457;0,30975992
841,8671756;0,32116422
842,1052122;0,33559657
842,3432557;0,3477101
842,581306;0,35358897
842,8193631;0,34934795
843,057427;0,33924166
843,2954977;0,33215694
843,5335752;0,32475241
843,7716596;0,3266885
844,0097507;0,33371749
844,2478486;0,33254702
844,4859533;0,33331305
844,7240648;0,32921354
844,962183;0,32274548
845,2003081;0,3149232
845,4384399;0,31717838
845,6765784;0,32414294
845,9147238;0,33029161
846,1528759;0,32663929
846,3910347;0,33247579
846,6292003;0,33647538
846,8673726;0,335327
847,1055517;0,33056811
847,3437375;0,3259725
847,5819301;0,32444027
847,8201294;0,32400083
848,0583354;0,32064669
848,2965481;0,31351886
848,5347676;0,2965901
848,7729937;0,28495908
849,0112266;0,28119994
849,2494662;0,27818583
849,4877124;0,27780986
849,7259654;0,28315014
849,9642251;0,28741304
850,2024914;0,28559708
850,4407645;0,28620675
850,6790442;0,29444818
850,9173306;0,29588041
851,1556237;0,30271762
851,3939234;0,30239112
851,6322298;0,30812171
851,8705429;0,31300796
852,1088626;0,32144052
852,347189;0,31445525
852,585522;0,3060865
852,8238616;0,29693721
853,0622079;0,28424924
853,3005609;0,26898707
853,5389205;0,26361899
853,7772867;0,26559766
854,0156595;0,27893022
854,2540389;0,28691616
854,492425;0,29139842
854,7308177;0,28809371
854,969217;0,29497967
855,2076229;0,30534145
855,4460353;0,30893055
855,6844544;0,3073702
855,9228801;0,30689466
856,1613124;0,29940575
856,3997512;0,29580293
856,6381966;0,29055423
856,8766486;0,28298045
857,1151072;0,28173165
857,3535723;0,28041978
857,592044;0,27748382
857,8305223;0,27666772
858,0690071;0,27585955
858,3074985;0,27312243
858,5459964;0,27528488
858,7845009;0,27625673
859,0230118;0,27880309
859,2615294;0,27827785
859,5000534;0,27417895
859,738584;0,26896604
859,9771211;0,26807946
860,2156648;0,26744884
860,4542149;0,25681759
860,6927716;0,25485289
860,9313347;0,25475345
861,1699044;0,25688123
861,4084806;0,25949876
861,6470632;0,2675478
861,8856524;0,26357594
862,124248;0,25975368
862,3628501;0,2528672
862,6014587;0,25108723
862,8400738;0,2510018
863,0786953;0,2533637
863,3173233;0,25395221
863,5559578;0,25679576
863,7945987;0,25834954
864,0332461;0,26458357
864,2718999;0,27483884
864,5105601;0,27542754
864,7492269;0,26936354
864,9879;0,25746951
865,2265796;0,24410878
865,4652656;0,24898118
865,703958;0,24905824
865,9426569;0,25066172
866,1813622;0,25452692
866,4200739;0,25742736
866,658792;0,25644837
866,8975165;0,25149068
867,1362474;0,24239206
867,3749847;0,24036391
867,6137283;0,24520775
867,8524784;0,24865388
868,0912349;0,24586727
868,3299977;0,24837743
868,568767;0,24512267
868,8075426;0,24372528
869,0463245;0,24389517
869,2851128;0,23629258
869,5239075;0,23422933
869,7627086;0,23572526
870,001516;0,23003035
870,2403297;0,23014372
870,4791498;0,23331426
870,7179762;0,23455494
870,956809;0,24524976
871,1956481;0,25054776
871,4344935;0,2525405
871,6733453;0,24776033
871,9122033;0,24402991
872,1510677;0,23985248
872,3899384;0,24291727
872,6288154;0,23901609
872,8676987;0,23311542
873,1065883;0,21728642
873,3454842;0,21146349
873,5843864;0,21225078
873,8232949;0,21787433
874,0622097;0,21839195
874,3011307;0,21432199
874,540058;0,21049861
874,7789916;0,21420112
875,0179315;0,21817944
875,2568776;0,22028593
875,49583;0,21684588
875,7347886;0,21464719
875,9737535;0,21235709
876,2127246;0,20937796
876,451702;0,20774026
876,6906856;0,20303748
876,9296754;0,19344225
877,1686715;0,18722913
877,4076738;0,19047766
877,6466823;0,20019386
877,8856971;0,2038601
878,124718;0,20897349
878,3637452;0,20698088
878,6027785;0,20090976
878,8418181;0,19735714
879,0808639;0,2050659
879,3199159;0,20730028
879,558974;0,20505214
879,7980383;0,20396681
880,0371089;0,20227856
880,2761856;0,19803776
880,5152684;0,19269027
880,7543575;0,18457667
880,9934527;0,18842816
881,2325541;0,18499548
881,4716616;0,18819375
881,7107753;0,1871731
881,9498951;0,18336448
882,1890211;0,18346356
882,4281532;0,18644227
882,6672914;0,1889809
882,9064358;0,19365463
883,1455863;0,19456239
883,384743;0,1966834
883,6239057;0,19956287
883,8630746;0,20120082
884,1022496;0,20063381
884,3414307;0,20093801
884,5806179;0,20049192
884,8198112;0,2002083
885,0590106;0,19681809
885,2982161;0,19555516
885,5374277;0,19510194
885,7766454;0,19446319
886,0158691;0,19125065
886,2550989;0,19469004
886,4943348;0,19108063
886,7335768;0,19064761
886,9728248;0,18605932
887,2120789;0,18456242
887,451339;0,18155566
887,6906052;0,18059858
887,9298775;0,17747041
888,1691558;0,1787475
888,4084401;0,18522239
888,6477304;0,1892012
888,8870268;0,18348462
889,1263293;0,18035007
889,3656377;0,17829333
889,6049522;0,17711576
889,8442726;0,17800227
890,0835991;0,17908106
890,3229316;0,17497413
890,5622701;0,17387483
890,8016146;0,17049898
891,0409651;0,17180419
891,2803216;0,1684002
891,5196841;0,16772639
891,7590525;0,17111653
891,9984269;0,17639952
892,2378074;0,17535719
892,4771937;0,17325791
892,7165861;0,16927915
892,9559844;0,17020127
893,1953886;0,17361937
893,4347989;0,17654888
893,674215;0,17528614
893,9136372;0,17737865
894,1530652;0,17777618
894,3924992;0,18107376
894,6319391;0,18022882
894,871385;0,18884651
895,1108368;0,19128567
895,3502945;0,18844245
895,5897581;0,18129328
895,8292277;0,17632851
896,0687031;0,17447032
896,3081845;0,1798747
896,5476717;0,17925803
896,7871649;0,17594606
897,0266639;0,1792366
897,2661689;0,17941416
897,5056797;0,18181109
897,7451964;0,18922241
897,984719;0,19622244
898,2242474;0,19831417
898,4637818;0,19227192
898,703322;0,18410205
898,942868;0,17615134
899,1824199;0,16986145
899,4219777;0,16837895
899,6615413;0,16629375
899,9011107;0,163393
900,140686;0,16500269
900,3802672;0,16600988
900,6198541;0,16854869
900,8594469;0,16571863
901,0990455;0,17040004
901,33865;0,1671871
901,5782602;0,16638537
901,8178763;0,16308092
902,0574982;0,16837215
902,2971259;0,17443538
902,5367593;0,17291726
902,7763986;0,17509497
903,0160437;0,17588194
903,2556945;0,17298105
903,4953512;0,17173266
903,7350136;0,16890292
903,9746818;0,17275445
904,2143558;0,17233589
904,4540355;0,17676116
904,693721;0,17742799
904,9334122;0,17654148
905,1731093;0,16936444
905,412812;0,16227202
905,6525205;0,16220886
905,8922348;0,15780416
906,1319548;0,15769799
906,3716805;0,15963405
906,611412;0,16059846
906,8511492;0,16235727
907,0908921;0,16257718
907,3306407;0,1618751
907,5703951;0,15637165
907,8101551;0,15558412
908,0499209;0,16030766
908,2896923;0,16281162
908,5294695;0,16552063
908,7692524;0,16845661
909,0090409;0,16871159
909,2488352;0,16566952
909,4886351;0,15463411
909,7284407;0,15439347
909,9682519;0,15612291
910,2080689;0,15509543
910,4478915;0,15139309
910,6877198;0,14922263
910,9275537;0,14312313
911,1673933;0,13897435
911,4072385;0,13626554
911,6470894;0,13910944
911,8869459;0,14234348
912,1268081;0,15204574
912,3666759;0,15942137
912,6065493;0,16340714
912,8464283;0,16025825
913,086313;0,15446376
913,3262033;0,14761984
913,5660992;0,14215231
913,8060007;0,13920176
914,0459078;0,13502418
914,2858205;0,1320098
914,5257388;0,13420886
914,7656628;0,13561291
915,0055923;0,13516653
915,2455273;0,13629404
915,485468;0,13545701
915,7254142;0,13327962
915,965366;0,13369789
916,2053234;0,13971266
916,4452864;0,14006687
916,6852549;0,14023726
916,9252289;0,14246377
917,1652086;0,14274075
917,4051937;0,14172666
917,6451844;0,14953479
917,8851807;0,15045707
918,1251825;0,14847116
918,3651898;0,1490808
918,6052026;0,14799595
918,845221;0,1484566
919,0852449;0,14597437
919,3252743;0,14028701
919,5653092;0,13790409
919,8053496;0,13844991
920,0453956;0,14060586
920,285447;0,13955613
920,5255039;0,13847084
920,7655663;0,13484712
921,0056343;0,13298887
921,2457076;0,13370501
921,4857865;0,13409517
921,7258709;0,13224467
921,9659607;0,13070485
922,206056;0,13132933
922,4461567;0,13342869
922,6862629;0,13286089
922,9263746;0,13922274
923,1664917;0,14491072
923,4066142;0,14601725
923,6467422;0,14759844
923,8868757;0,14556294
924,1270145;0,14481129
924,3671589;0,14119418
924,6073086;0,14078991
924,8474637;0,14030104
925,0876243;0,14159158
925,3277903;0,1390387
925,5679617;0,13307412
925,8081385;0,13234358
926,0483207;0,1327194
926,2885083;0,13444285
926,5287013;0,13430069
926,7688997;0,13048501
927,0091035;0,12692517
927,2493127;0,12724436
927,4895272;0,12912362
927,7297471;0,13205305
927,9699724;0,13335054
928,210203;0,13186818
928,450439;0,13415179
928,6906804;0,13606675
928,9309271;0,13405272
929,1711792;0,13010926
929,4114366;0,12854933
929,6516994;0,12929361
929,8919675;0,1329958
930,1322409;0,13558423
930,3725197;0,13730087
930,6128037;0,13349221
930,8530932;0,13276897
931,0933879;0,13350686
931,3336879;0,13883288
931,5739933;0,13751382
931,8143039;0,13742142
932,0546199;0,13432176
932,2949411;0,13536482
932,5352676;0,13629372
932,7755995;0,13830828
933,0159366;0,13688991
933,256279;0,13540734
933,4966266;0,13863394
933,7369796;0,13609525
933,9773378;0,13204564
934,2177013;0,12460624
934,45807;0,1177126
934,698444;0,1175849
934,9388232;0,11408874
935,1792077;0,1166631
935,4195975;0,11446423
935,6599925;0,11537916
935,9003927;0,11717331
936,1407981;0,11778355
936,3812088;0,1189325
936,6216247;0,12390399
936,8620458;0,12459853
937,1024721;0,12664172
937,3429037;0,12735763
937,5833404;0,1287906
937,8237824;0,12997502
938,0642295;0,12453503
938,3046819;0,11876228
938,5451394;0,11571246
938,7856022;0,11462025
939,0260701;0,11434371
939,2665432;0,11737904
939,5070214;0,12327273
939,7475049;0,12301019
939,9879935;0,12464827
940,2284872;0,12267002
940,4689862;0,11983297
940,7094902;0,12124438
940,9499995;0,12123057
941,1905139;0,11837923
941,4310334;0,11960611
941,671558;0,1199396
941,9120878;0,11880461
942,1526228;0,11675485
942,3931628;0,11503872
942,633708;0,11347849
942,8742583;0,114067
943,1148137;0,11160615
943,3553742;0,11335062
943,5959398;0,11330153
943,8365106;0,11552831
944,0770864;0,11159917
944,3176673;0,1049749
944,5582533;0,10632939
944,7988444;0,10696084
945,0394406;0,10560653
945,2800418;0,1060178
945,5206481;0,10281207
945,7612595;0,10386176
946,001876;0,10384026
946,2424975;0,10418116
946,4831241;0,10420922
946,7237557;0,10692517
946,9643924;0,10956379
947,2050341;0,11245726
947,4456809;0,11403149
947,6863327;0,11560634
947,9269896;0,11667693
948,1676514;0,11766288
948,4083183;0,11856333
948,6489902;0,1190886
948,8896672;0,11455623
949,1303491;0,11010274
949,3710361;0,10782623
949,611728;0,10422337
949,852425;0,09958508
950,0931269;0,09771966
950,3338339;0,09210298
950,5745458;0,09249279
950,8152627;0,09184016
951,0559846;0,09406734
951,2967115;0,09469836
951,5374434;0,09763463
951,7781802;0,09608867
952,018922;0,09299693
952,2596687;0,09265604
952,5004204;0,0897698
952,741177;0,08738699
952,9819386;0,09078372
953,2227052;0,09019527
953,4634767;0,09143651
953,7042531;0,09409589
953,9450344;0,0970391
954,1858207;0,09344356
954,4266119;0,09315245
954,667408;0,09204612
954,908209;0,09049287
955,149015;0,08991147
955,3898258;0,08898249
955,6306416;0,08938675
955,8714623;0,08965621
956,1122878;0,09400338
956,3531182;0,09547148
956,5939536;0,09557811
956,8347938;0,09437955
957,0756389;0,09206759
957,3164888;0,09294696
957,5573437;0,09066313
957,7982034;0,09257835
958,0390679;0,09034401
958,2799374;0,08611747
958,5208116;0,0834294
958,7616908;0,08195412
959,0025747;0,0797485
959,2434635;0,08295395
959,4843572;0,08254989
959,7252557;0,08253589
959,966159;0,08231579
960,2070672;0,08391154
960,4479801;0,08455675
960,6888979;0,0878193
960,9298205;0,08757816
961,1707479;0,08857125
961,4116801;0,08618105
961,6526171;0,08450024
961,893559;0,08319514
962,1345056;0,0799965
962,375457;0,07960657
962,6164131;0,07848607
962,8573741;0,07703219
963,0983398;0,07574133
963,3393104;0,07581212
963,5802856;0,07523784
963,8212657;0,07243655
964,0622505;0,07062814
964,3032401;0,07059256
964,5442344;0,07354273
964,7852335;0,07315262
965,0262373;0,07288331
965,2672458;0,07215252
965,5082591;0,0731811
965,7492771;0,07193261
965,9902999;0,0715499
966,2313274;0,06951441
966,4723596;0,07069875
966,7133965;0,07006063
966,9544381;0,06966365
967,1954845;0,06943633
967,4365355;0,06918818
967,6775912;0,06783365
967,9186517;0,06893998
968,1597168;0,07144359
968,4007866;0,0721531
968,6418611;0,07024507
968,8829403;0,06746471
969,1240242;0,06537308
969,3651127;0,06433719
969,6062059;0,06251456
969,8473037;0,06206765
970,0884063;0,06286916
970,3295134;0,06248611
970,5706253;0,061465
970,8117417;0,06367047
971,0528629;0,06377722
971,2939886;0,06377695
971,535119;0,06460678
971,776254;0,06564223
972,0173937;0,0648762
972,258538;0,06487621
972,4996868;0,06323812
972,7408404;0,06164218
972,9819985;0,06186905
973,2231612;0,06187662
973,4643285;0,06364248
973,7055005;0,06457106
973,946677;0,06608881
974,1878581;0,06728787
974,4290438;0,06477719
974,6702341;0,06284797
974,9114289;0,06235858
975,1526284;0,06147933
975,3938324;0,06126648
975,6350409;0,06168498
975,8762541;0,05985501
976,1174718;0,0592737
976,358694;0,05715318
976,5999208;0,0575854
976,8411522;0,05473437
977,082388;0,05663537
977,3236285;0,05428065
977,5648734;0,05455012
977,8061229;0,05456433
978,0473769;0,05375605
978,2886355;0,05364957
978,5298985;0,05209653
978,7711661;0,05157149
979,0124381;0,05084765
979,2537147;0,0509046
979,4949958;0,04999009
979,7362814;0,05059268
979,9775715;0,05003266
980,218866;0,05052156
980,4601651;0,05111781
980,7014686;0,0514721
980,9427766;0,05370619
981,1840891;0,05483394
981,425406;0,05412483
981,6667274;0,0529473
981,9080533;0,05065655
982,1493836;0,0492452
982,3907184;0,04962831
982,6320576;0,04691209
982,8734013;0,04620963
983,1147494;0,0452809
983,356102;0,04632319
983,597459;0,04622381
983,8388204;0,04616032
984,0801862;0,04608903
984,3215565;0,04542977
984,5629312;0,04333017
984,8043102;0,04328771
985,0456937;0,04174188
985,2870816;0,04332332
985,5284739;0,04116002
985,7698706;0,03984829
986,0112717;0,03862824
986,2526772;0,03710349
986,494087;0,03889041
986,7355013;0,03618878
986,9769199;0,03647942
987,2183429;0,03566376
987,4597702;0,03713186
987,7012019;0,03642987
987,942638;0,03879152
988,1840784;0,03741553
988,4255232;0,03831631
988,6669723;0,037366
988,9084258;0,03820288
989,1498836;0,03675633
989,3913458;0,03668523
989,6328122;0,03635189
989,874283;0,03697556
990,1157582;0,03826667
990,3572376;0,03952912
990,5987214;0,03953588
990,8402094;0,03953623
991,0817018;0,0394367
991,3231985;0,04057856
991,5646995;0,03811058
991,8062047;0,03844401
992,0477143;0,03547957
992,2892281;0,03496173
992,5307463;0,0352171
992,7722687;0,03432317
993,0137953;0,03382727
993,2553263;0,03316042
993,4968615;0,03271371
993,738401;0,03357166
993,9799447;0,03240136
994,2214927;0,0338908
994,463045;0,03312485
994,7046015;0,03455735
994,9461622;0,03455017
995,1877271;0,03286954
995,4292963;0,0322029
995,6708698;0,03274202
995,9124474;0,0340328
996,1540293;0,03556438
996,3956154;0,03603967
996,6372057;0,03595462
996,8788002;0,03380583
997,1203989;0,03261434
997,3620019;0,03115322
997,603609;0,03016761
997,8452203;0,03207532
998,0868358;0,03228802
998,3284555;0,03068514
998,5700793;0,03040848
998,8117074;0,02859276
999,0533396;0,02867792
999,294976;0,02886957
999,5366165;0,02711768
999,7782612;0,02689802
1000,01991;0,02761436
1000,261563;0,0281745
1000,50322;0,02791223
1000,744882;0,02705402
1000,986547;0,0270186
1001,228217;0,02640184
1001,46989;0,02574922
1001,711568;0,0268272
1001,95325;0,02568525
1002,194936;0,02723147
1002,436626;0,02520998
1002,678321;0,02325967
1002,920019;0,02262139
1003,161722;0,02347952
1003,403428;0,02256473
1003,645139;0,02267823
1003,886854;0,02262861
1004,128573;0,02308945
1004,370296;0,02188368
1004,612023;0,02238737
1004,853754;0,02076331
1005,095489;0,02167129
1005,337228;0,0212242
1005,578972;0,02279873
1005,820719;0,023657
1006,062471;0,02320306
1006,304226;0,02362838
1006,545986;0,0236781
1006,787749;0,02154345
1007,029517;0,02242276
1007,271289;0,02021718
1007,513064;0,02055059
1007,754844;0,0195718
1007,996628;0,02050071
1008,238416;0,01967109
1008,480207;0,02123125
1008,722003;0,0198838
1008,963803;0,02010372
1009,205607;0,0207775
1009,447415;0,02128822
1009,689226;0,02181298
1009,931042;0,02272077
1010,172862;0,02170662
1010,414686;0,02196185
1010,656513;0,02035176
1010,898345;0,01917477
1011,140181;0,01874212
1011,38202;0,01995483
1011,623864;0,01959317
1011,865712;0,02002556
1012,107563;0,01798331
1012,349419;0,01918197
1012,591278;0,01844424
1012,833141;0,01945827
1013,075009;0,01779873
1013,31688;0,01891942
1013,558755;0,01833791
1013,800634;0,01825948
1014,042517;0,0182314
1014,284404;0,01926695
1014,526295;0,01740172
1014,768189;0,01794072
1015,010088;0,01663582
1015,251991;0,01628118
1015,493897;0,01613934
1015,735807;0,01569938
1015,977722;0,01533778
1016,21964;0,01672078
1016,461562;0,01667828
1016,703487;0,01017489
1016,945417;-0,00124349
1017,187351;-0,0001656
1017,429288;-0,00058388
1017,67123;0,00019609
1017,913175;-0,00076828
1018,155124;0,00000457
