194,1628797;0,0029874
194,3638148;-0,00330815
194,5647686;0,00265815
194,765741;-0,00500444
194,9667321;-0,00101992
195,1677418;0,00692824
195,3687701;0,00616813
195,5698171;0,01145486
195,7708826;-0,00004737
195,9719668;0,00723551
196,1730696;0,01208387
196,374191;-0,00056579
196,575331;0,00284133
196,7764897;0,01060684
196,9776669;0,0150303
197,1788627;-0,00283278
197,3800771;-0,00319869
197,5813101;0,00393831
197,7825616;0,00412062
197,9838318;-0,00162675
198,1851205;0,00352116
198,3864278;0,00835424
198,5877536;0,00969966
198,789098;-0,00037593
198,990461;-0,00040527
199,1918425;0,01923511
199,3932426;0,00931923
199,5946612;0,00208787
199,7960984;-0,00272353
199,9975541;-0,00704468
200,1990283;0,00371137
200,400521;0,00135685
200,6020323;-0,0092675
200,8035621;0,01376531
201,0051104;0,00727256
201,2066772;-0,00518754
201,4082626;-0,00549493
201,6098664;0,00041351
201,8114887;0,01350978
202,0131296;-0,00191158
202,2147889;0,00984625
202,4164667;0,00972887
202,618163;-0,00490958
202,8198778;-0,00339605
203,021611;-0,00011269
203,2233627;0,00235867
203,4251329;-0,00179487
203,6269216;0,00108658
203,8287287;0,0008014
204,0305542;0,00134933
204,2323983;0,00995598
204,4342607;0,0046474
204,6361416;0,00100566
204,838041;0,00418631
205,0399588;0,00697188
205,241895;0,01069432
205,4438496;-0,00149486
205,6458227;0,01228116
205,8478142;0,01868626
206,0498241;-0,00956015
206,2518524;0,0002088
206,4538991;0,02016353
206,6559642;0,01743602
206,8580477;-0,00447821
207,0601496;-0,00324274
207,2622699;0,00706766
207,4644086;-0,00395191
207,6665657;-0,00303047
207,8687411;0,00269486
208,0709349;0,0017224
208,2731471;0,00798165
208,4753777;-0,00096862
208,6776266;-0,00156049
208,8798939;0,00930528
209,0821795;0,00646068
209,2844835;0,01290266
209,4868058;-0,00570663
209,6891465;0,0049982
209,8915055;0,01345837
210,0938828;-0,00028791
210,2962785;0,00013592
210,4986925;0,01190784
210,7011248;0,00043563
210,9035754;-0,0046391
211,1060443;0,00635808
211,3085316;0,00006996
211,5110372;0,00901238
211,713561;0,00662145
211,9161032;-0,0084193
212,1186636;0,01249317
212,3212424;0,0106213
212,5238394;-0,00639392
212,7264547;-0,00556061
212,9290883;0,01537411
213,1317401;-0,00300866
213,3344102;-0,00140707
213,5370986;0,00124679
213,7398053;0,00705286
213,9425302;0,00519546
214,1452733;-0,00484375
214,3480347;0,00082998
214,5508144;-0,00013484
214,7536123;0,00604392
214,9564284;-0,00006938
215,1592627;-0,00287685
215,3621153;0,0049397
215,5649861;0,00534915
215,7678751;-0,00307438
215,9707824;-0,00389322
216,1737078;0,01538898
216,3766515;0,01629535
216,5796134;0,00329445
216,7825934;0,00031869
216,9855917;0,00609512
217,1886082;-0,00061751
217,3916428;-0,00531924
217,5946956;0,00410659
217,7977666;-0,00288384
218,0008558;0,00585408
218,2039631;0,00145896
218,4070887;-0,00205832
218,6102323;0,01420432
218,8133942;-0,00692077
219,0165742;0,00079397
219,2197723;-0,00591877
219,4229886;0,01195928
219,626223;0,01054084
219,8294756;-0,00332293
220,0327463;-0,00290587
220,2360352;-0,00450763
220,4393421;-0,00245283
220,6426672;-0,00291356
220,8460104;-0,00287688
221,0493717;-0,00131961
221,2527512;0,00538593
221,4561487;-0,00526019
221,6595643;-0,00358615
221,8629981;0,00239524
222,0664499;-0,0020873
222,2699198;0,00219767
222,4734078;-0,00424448
222,6769139;-0,00245255
222,8804381;0,011177
223,0839803;-0,00745387
223,2875406;-0,00311808
223,491119;0,00613888
223,6947154;0,00980249
223,8983299;-0,00896741
224,1019625;0,00243917
224,3056131;0,00390124
224,5092817;0,00436904
224,7129684;0,00260707
224,9166731;-0,00125363
225,1203959;0,00776953
225,3241366;-0,0097354
225,5278955;-0,0026575
225,7316723;-0,00167062
225,9354671;0,00750643
226,13928;0,00319924
226,3431109;0,00006311
226,5469597;-0,0049898
226,7508266;0,01225155
226,9547115;-0,006153
227,1586143;-0,00434614
227,3625352;-0,00050063
227,566474;0,00414998
227,7704308;0,00417902
227,9744056;-0,00981587
228,1783984;-0,00442728
228,3824091;-0,00042764
228,5864378;0,00604392
228,7904845;-0,00237283
228,9945491;0,00128365
229,1986316;0,0059414
229,4027322;0,00218295
229,6068506;-0,0050044
229,810987;-0,0072275
230,0151413;-0,00025219
230,2193136;0,00142271
230,4235038;0,00318468
230,6277119;-0,00335969
230,8319379;0,00627046
231,0361819;0,00715519
231,2404437;-0,00439793
231,4447235;0,00042094
231,6490212;0,00388672
231,8533368;0,00152473
232,0576702;0,00223394
232,2620216;-0,00270821
232,4663908;0,01564462
232,6707779;0,01202528
232,875183;-0,00340344
233,0796058;-0,00142187
233,2840466;0,00561233
233,4885052;0,01350956
233,6929817;-0,00573569
233,897476;-0,00657662
234,1019882;0,00781327
234,3065183;0,0042306
234,5110662;0,00328729
234,7156319;-0,0033743
234,9202155;-0,002014
235,1248169;-0,00191911
235,3294361;-0,00052973
235,5340732;-0,00253354
235,7387281;0,00362349
235,9434008;0,00852993
236,1480913;-0,00061062
236,3527996;0,00076426
236,5575257;-0,00039796
236,7622697;0,00633619
236,9670314;-0,00169233
237,1718109;0,00330927
237,3766082;0,00154719
237,5814233;0,00025978
237,7862562;0,0043327
237,9911069;-0,00167021
238,1959753;0,00118856
238,4008615;0,00889546
238,6057655;0,01822573
238,8106872;0,00292206
239,0156267;0,0085223
239,2205839;0,00911493
239,4255589;-0,00285481
239,6305517;-0,00893139
239,8355621;0,01037295
240,0405903;0,00263665
240,2456363;0,00289264
240,4507;0,00262897
240,6557814;0,00589018
240,8608805;0,01200998
241,0659973;-0,003118
241,2711319;-0,00128987
241,4762841;0,01032156
241,6814541;0,00815702
241,8866417;0,00175218
242,0918471;-0,0028329
242,2970701;0,0093495
242,5023109;0,00877843
242,7075693;0,00487373
242,9128454;-0,0057869
243,1181392;0,00268045
243,3234506;0,00442809
243,5287797;-0,0016484
243,7341265;-0,00139986
243,939491;0,00847136
244,1448731;0,00521052
244,3502728;-0,00624047
244,5556902;-0,00181677
244,7611252;0,00472061
244,9665779;0,00518871
245,1720482;-0,00324994
245,3775362;-0,00123876
245,5830418;-0,0039663
245,788565;0,00139356
245,9941058;-0,00338892
246,1996642;-0,00019332
246,4052402;-0,00122445
246,6108339;0,01080423
246,8164451;0,00157605
247,022074;0,00039146
247,2277204;0,00226348
247,4333845;0,00662142
247,6390661;-0,001122
247,8447653;-0,00450752
248,0504821;0,00584637
248,2562164;0,00106424
248,4619684;0,0056637
248,6677379;-0,00568451
248,8735249;0,00178042
249,0793295;0,00401118
249,2851517;-0,00248206
249,4909914;-0,0062477
249,6968487;0,01043133
249,9027235;0,01320251
250,1086158;-0,00358614
250,3145257;-0,00362248
250,5204531;0,00199299
250,7263981;0,01091338
250,9323605;0,00144469
251,1383405;-0,00218942
251,344338;0,00516587
251,550353;0,01009518
251,7563855;0,0027753
251,9624355;0,00024549
252,168503;-0,00066885
252,374588;-0,00354969
252,5806905;-0,0073376
252,7868105;0,00142986
252,9929479;0,0089393
253,1991028;0,00384283
253,4052752;-0,01235316
253,6114651;-0,00469759
253,8176724;0,00641717
254,0238972;0,00174426
254,2301395;0,00191224
254,4363992;0,00258519
254,6426764;0,00935632
254,848971;-0,00244545
255,055283;-0,00414933
255,2616125;0,0101752
255,4679594;0,0012618
255,6743237;0,00929787
255,8807055;-0,00028135
256,0871047;-0,00520201
256,2935213;0,00502034
256,4999553;0,01253677
256,7064067;-0,00591166
256,9128755;-0,00022994
257,1193617;0,01411682
257,3258654;0,00481549
257,5323864;0,01163042
257,7389248;-0,00466115
257,9454806;0,00882235
258,1520537;0,00381354
258,3586443;0,00024572
258,5652522;-0,00604285
258,7718774;0,00442052
258,9785201;0,00653353
259,1851801;0,00436914
259,3918574;-0,00912858
259,5985521;0,00645331
259,8052642;0,00821536
260,0119936;-0,00877048
260,2187403;-0,00207252
260,4255044;0,00787948
260,6322858;-0,00202168
260,8390845;0,00170798
261,0459006;0,00028191
261,252734;0,00371147
261,4595846;0,0063214
261,6664526;-0,00670846
261,8733379;-0,00216763
262,0802405;0,0059778
262,2871604;0,00774039
262,4940976;-0,00438328
262,7010521;-0,00372545
262,9080239;0,00018679
263,115013;0,0062337
263,3220193;-0,00302328
263,5290429;-0,0013561
263,7360838;0,00360178
263,9431419;0,0029362
264,1502173;-0,00332257
264,35731;-0,00020802
264,5644199;0,00863234
264,7715471;0,00008393
264,9786915;-0,00289165
265,1858532;0,00224175
265,3930321;-0,00160452
265,6002282;0,00612405
265,8074416;-0,00640126
266,0146721;0,00070633
266,2219199;0,00890275
266,429185;-0,00055219
266,6364672;-0,0062256
266,8437667;-0,00151715
267,0510833;0,00526115
267,2584172;0,00597058
267,4657682;-0,00682515
267,6731364;-0,00291384
267,8805219;0,00124691
268,0879245;0,00812783
268,2953443;-0,00236512
268,5027813;0,0009036
268,7102354;-0,00199221
268,9177067;0,00295792
269,1251952;0,00821515
269,3327008;-0,00403208
269,5402236;0,00772568
269,7477636;0,00888839
269,9553207;-0,00342566
270,1628949;-0,00399551
270,3704863;0,00093292
270,5780948;0,00426728
270,7857205;0,00305314
270,9933632;-0,00040524
271,2010231;0,00569288
271,4087002;0,00975144
271,6163943;0,00077182
271,8241055;-0,00780546
272,0318339;0,00393098
272,2395794;0,01426259
272,4473419;-0,00061052
272,6551216;0,00182519
272,8629183;-0,00391504
273,0707322;0,00378492
273,2785631;0,00485929
273,4864111;0,00000428
273,6942762;0,00866913
273,9021583;0,00402573
274,1100575;0,00064765
274,3179738;0,00079378
274,5259071;0,01132309
274,7338575;0,00605135
274,9418249;0,00208766
275,1498094;-0,00195599
275,357811;0,00364567
275,5658295;0,00673839
275,7738651;-0,00143602
275,9819178;-0,00052992
276,1899874;-0,0005736
276,3980741;0,00864675
276,6061778;-0,00357157
276,8142985;0,00170032
277,0224362;0,00787235
277,230591;0,00270977
277,4387627;0,00272399
277,6469514;-0,00445629
277,8551572;0,0005598
278,0633799;0,01001445
278,2716196;-0,00197717
278,4798763;-0,00302338
278,6881499;-0,00194068
278,8964406;0,00377668
279,1047482;0,00455256
279,3130728;-0,00672336
279,5214143;0,00801043
279,7297728;0,0009838
279,9381482;-0,00733715
280,1465406;-0,00295
280,35495;0,01078217
280,5633762;-0,00332999
280,7718195;-0,00545842
280,9802796;-0,00501941
281,1887567;0,00531984
281,3972507;0,0099925
281,6057616;-0,00084407
281,8142895;-0,00085171
282,0228342;0,00297249
282,2313959;0,00564882
282,4399745;0,00405531
282,6485699;-0,00208717
282,8571823;0,01936636
283,0658116;0,00891027
283,2744577;-0,00260638
283,4831207;-0,00003943
283,6918007;0,00909316
283,9004974;0,00544368
284,1092111;0,00113734
284,3179416;0,00430346
284,526689;0,00847908
284,7354533;0,00692157
284,9442344;-0,00077834
285,1530324;-0,00441979
285,3618472;0,00978097
285,5706788;0,00436187
285,7795273;-0,00167067
285,9883927;-0,00284783
286,1972748;0,00343322
286,4061738;0,01123538
286,6150896;0,01148395
286,8240223;-0,00060301
287,0329717;0,01240532
287,241938;0,00325021
287,450921;-0,00486583
287,6599209;-0,00453713
287,8689376;0,00489624
288,0779711;0,0100433
288,2870213;0,0068702
288,4960884;-0,00450741
288,7051722;0,00914425
288,9142728;0,00794489
289,1233902;0,00078618
289,3325243;0,00103501
289,5416752;-0,0026356
289,7508429;-0,00754161
289,9600274;-0,00387857
290,1692286;-0,00115098
290,3784465;0,00549549
290,5876812;-0,00138517
290,7969326;0,0031482
291,0062008;0,00134976
291,2154857;0,01072353
291,4247874;0,00607291
291,6341057;0,00570767
291,8434408;-0,00566243
292,0527926;0,00998506
292,2621611;-0,00031077
292,4715464;-0,00202866
292,6809483;-0,00417079
292,8903669;0,0031045
293,0998023;0,00627058
293,3092543;0,00549549
293,518723;0,0062704
293,7282084;0,00854449
293,9377105;0,00962637
294,1472293;0,00583925
294,3567647;0,00374793
294,5663168;-0,00042778
294,7758856;-0,0068323
294,985471;-0,00138503
295,1950731;0,00600715
295,4046919;-0,00493177
295,6143273;0,01019675
295,8239793;0,00236555
296,033648;-0,00030315
296,2433333;0,00437677
296,4530352;0,01228796
296,6627538;0,00773304
296,872489;-0,00010531
297,0822408;0,00757915
297,2920093;0,00131307
297,5017943;0,00604365
297,711596;0,002022
297,9214143;-0,01078871
298,1312491;0,00504944
298,3411006;0,00296561
298,5509686;-0,00084408
298,7608533;0,01462795
298,9707545;0,01115504
299,1806723;0,0028995
299,3906067;-0,00052998
299,6005577;0,00376999
299,8105252;0,00893202
300,0205093;-0,0022554
300,2305099;0,00003341
300,4405271;0,00690679
300,6505609;0,00537135
300,8606112;0,00164935
301,070678;-0,00281835
301,2807614;-0,00799547
301,4908613;0,01343651
301,7009778;0,00489596
301,9111108;-0,00915778
302,1212603;0,00537825
302,3314263;0,00295843
302,5416088;-0,00021537
302,7518079;-0,00432469
302,9620234;0,00088878
303,1722555;0,00012097
303,382504;-0,00158262
303,5927691;-0,00449294
303,8030506;0,00487432
304,0133487;0,0059927
304,2236632;-0,00014214
304,4339942;0,00419402
304,6443416;0,00502761
304,8547056;0,00811284
305,065086;0,00103511
305,2754828;-0,00090214
305,4858962;0,01325343
305,6963259;0,00183922
305,9067722;0,00912206
306,1172349;0,0050638
306,327714;0,00240978
306,5382095;0,00830337
306,7487215;-0,00673018
306,9592499;-0,00071247
307,1697948;0,0064387
307,380356;0,00673102
307,5909337;0,0014301
307,8015278;0,00159091
308,0121383;0,00104261
308,2227652;-0,00607215
308,4334086;-0,00089543
308,6440683;0,00015039
308,8547444;0,00160533
309,0654369;0,00725031
309,2761458;0,00020196
309,486871;0,00084507
309,6976127;0,0075281
309,9083707;0,00164163
310,1191451;0,00472774
310,3299358;-0,00028823
310,5407429;-0,00152441
310,7515664;0,00520282
310,9624062;-0,0004712
311,1732624;-0,00503427
311,3841349;-0,0073885
311,5950237;0,0048369
311,8059289;0,00077193
312,0168504;-0,0011953
312,2277883;0,0028557
312,4387424;-0,00344019
312,6497129;-0,0002158
312,8606998;-0,01059837
313,0717029;0,01132354
313,2827223;0,00680427
313,493758;0,00105677
313,7048101;0,00042064
313,9158784;0,0063873
314,126963;0,01092104
314,3380639;0,00588306
314,5491811;0,00145175
314,7603146;0,00989751
314,9714644;0,00718451
315,1826304;-0,00738083
315,3938127;0,00019441
315,6050112;0,00501286
315,816226;0,00757228
316,0274571;-0,00158268
316,2387044;0,00392347
316,449968;0,01229562
316,6612478;-0,00083662
316,8725438;0,00037716
317,0838561;0,00102012
317,2951846;-0,00094616
317,5065294;0,00319171
317,7178904;0,00676768
317,9292675;-0,00487302
318,1406609;0,01641905
318,3520706;0,00686291
318,5634964;0,00229295
318,7749384;-0,00006162
318,9863966;0,00066184
319,197871;0,00863193
319,4093616;0,00413547
319,6208684;-0,00156793
319,8323914;0,00333089
320,0439305;0,00251919
320,2554859;0,00163421
320,4670574;-0,00378348
320,678645;0,00393092
320,8902488;0,00684818
321,1018688;0,00417192
321,313505;0,00093996
321,5251572;0,00057458
321,7368257;0,00626317
321,9485102;0,00183228
322,1602109;0,00517397
322,3719278;-0,00869768
322,5836608;-0,0068987
322,7954099;-0,00457327
323,0071751;0,00511507
323,2189564;0,00644597
323,4307539;-0,00270157
323,6425674;-0,00068318
323,8543971;0,00569264
324,0662429;0,00410634
324,2781047;0,00327939
324,4899827;0,00594108
324,7018767;0,00419394
324,9137869;0,00933423
325,1257131;-0,0021237
325,3376554;-0,00433874
325,5496137;-0,01065689
325,7615882;0,00940732
325,9735787;0,00170035
326,1855852;-0,0035496
326,3976078;-0,00483685
326,6096465;-0,00304502
326,8217012;-0,00053688
327,033772;0,01059192
327,2458588;0,00352819
327,4579616;-0,00327174
327,6700805;0,00339679
327,8822154;-0,00688396
328,0943663;0,00339694
328,3065332;0,00911494
328,5187162;0,00480814
328,7309151;-0,0062111
328,9431301;-0,00228465
329,1553611;0,01127933
329,3676081;0,00598568
329,579871;0,00944384
329,79215;-0,00694938
330,004445;0,00537102
330,2167559;0,00316247
330,4290828;0,00528348
330,6414257;0,00196373
330,8537846;0,00466176
331,0661594;0,00265078
331,2785502;-0,00583814
331,4909569;0,00505625
331,7033797;0,00709665
331,9158183;0,00809091
332,1282729;0,00331653
332,3407435;0,00047194
332,55323;0,00459639
332,7657324;0,00516623
332,9782507;-0,00443441
333,190785;-0,00034697
333,4033352;0,00872715
333,6159013;-0,00070519
333,8284834;-0,00101215
334,0410813;0,00436956
334,2536952;0,00417948
334,4663249;0,01464996
334,6789706;0,00001179
334,8916321;0,00642393
335,1043096;0,00602181
335,3170029;0,0021174
335,5297121;0,0095535
335,7424372;-0,00080738
335,9551781;0,00667251
336,167935;0,00110813
336,3807077;-0,00221862
336,5934962;-0,00028868
336,8063006;0,00290682
337,0191209;-0,00090994
337,231957;-0,00770325
337,444809;-0,00237934
337,6576768;0,00972873
337,8705604;-0,00229879
338,0834599;-0,00208025
338,2963752;-0,00482922
338,5093063;0,00258542
338,7222533;0,00814247
338,935216;-0,00221872
339,1481946;0,00058159
339,361189;-0,00906321
339,5741992;0,00258525
339,7872252;-0,00308894
340,000267;-0,00472701
340,2133245;-0,00406125
340,4263979;0,00844918
340,6394871;-0,00283313
340,852592;0,00099866
341,0657127;0,00586854
341,2788492;0,00608046
341,4920015;-0,00058121
341,7051695;0,00044302
341,9183533;0,00230005
342,1315528;-0,00540691
342,3447681;-0,0037109
342,5579991;-0,00216768
342,7712459;0,0095025
342,9845084;0,01350932
343,1977867;0,00560535
343,4110807;-0,00463156
343,6243904;0,00121053
343,8377158;-0,00900426
344,051057;0,00015026
344,2644139;-0,00836095
344,4777864;-0,0023283
344,6911747;-0,00504845
344,9045787;0,00428881
345,1179984;-0,00316215
345,3314338;-0,00450034
345,5448849;0,00811318
345,7583517;-0,00388573
345,9718341;0,0025779
346,1853323;0,00349948
346,3988461;0,00566394
346,6123755;0,00017944
346,8259207;-0,00093152
347,0394815;0,00515203
347,253058;0,00610227
347,4666501;0,00104997
347,6802579;-0,00411288
347,8938813;0,00756435
348,1075203;0,00692838
348,321175;-0,00385635
348,5348454;0,00981603
348,7485313;0,00036243
348,9622329;0,00488117
349,1759501;0,00206615
349,389683;-0,00230617
349,6034314;0,0034991
349,8171955;0,00609494
350,0309751;0,00634364
350,2447704;0,00015761
350,4585813;0,00491065
350,6724077;0,00161978
350,8862498;0,00151022
351,1001074;0,00423783
351,3139806;0,00110104
351,5278694;0,00705986
351,7417738;0,0017594
351,9556937;-0,00273065
352,1696292;-0,00431749
352,3835803;0,01051889
352,5975469;-0,00591874
352,8115291;0,00294347
353,0255268;-0,00177255
353,23954;0,01220797
353,4535688;0,00159809
353,6676132;0,00158378
353,8816731;0,01622956
354,0957485;0,00640227
354,3098394;0,00134948
354,5239459;0,00176598
354,7380678;0,00986786
354,9522053;0,00372582
355,1663583;0,00897604
355,3805268;-0,00139992
355,5947108;-0,00120257
355,8089103;0,00803983
356,0231253;0,00293589
356,2373557;0,00148092
356,4516017;0,0050936
356,6658631;0,00668713
356,88014;0,04332846
357,0944324;0,0029655
357,3087403;-0,00069035
357,5230636;0,00415726
357,7374024;0,00587584
357,9517566;-0,00249725
358,1661263;0,00339653
358,3805114;-0,00129688
358,594912;-0,00175792
358,809328;0,00724281
359,0237595;0,00208066
359,2382063;0,00560506
359,4526687;0,00290697
359,6671464;-0,00077834
359,8816395;0,00407713
360,0961481;0,00355102
360,3106721;0,0135096
360,5252115;0,00497687
360,7397663;0,00678295
360,9543365;0,00805445
361,168922;0,0045448
361,383523;-0,00342538
361,5981394;0,00496909
361,8127711;0,00800327
362,0274182;-0,00175085
362,2420807;-0,00667225
362,4567586;0,00918065
362,6714518;0,006702
362,8861604;0,00132758
363,1008844;-0,00322063
363,3156237;0,00227796
363,5303784;0,00371115
363,7451484;0,00137883
363,9599337;0,00121788
364,1747344;-0,00243774
364,3895504;0,00382797
364,6043818;0,00488142
364,8192285;0,0036309
365,0340905;0,01556401
365,2489678;0,00346302
365,4638604;-0,00078559
365,6787684;0,00308236
365,8936916;-0,00006911
366,1086301;0,00343355
366,323584;0,00741866
366,5385531;0,00129832
366,7535376;-0,00026678
366,9685373;0,00148107
367,1835523;-0,00164117
367,3985825;-0,00764438
367,6136281;0,00671679
367,8286889;0,00712584
368,043765;-0,00063933
368,2588563;0,00015781
368,4739629;0,00338959
368,6890848;0,00370382
368,9042219;0,00293625
369,1193742;0,00455231
369,3345418;0,00708232
369,5497246;0,00561252
369,7649227;0,01444553
369,980136;-0,00236506
370,1953645;-0,00088092
370,4106082;0,00827384
370,6258672;0,01032127
370,8411413;-0,0033524
371,0564307;0,00085245
371,2717352;0,00871268
371,487055;0,00289248
371,70239;-0,00009843
371,9177401;0,01118425
372,1331055;0,00310468
372,348486;0,00420864
372,5638817;0,00621204
372,7792926;0,00164917
372,9947187;0,0004792
373,2101599;0,00625609
373,4256163;0,00088878
373,6410878;0,00907842
373,8565745;-0,00473436
374,0720764;0,00151047
374,2875934;-0,00254069
374,5031255;0,01378744
374,7186728;0,00535655
374,9342353;0,0072504
375,1498128;0,00183201
375,3654055;0,00404062
375,5810133;-0,00132663
375,7966362;0,00238048
376,0122742;0,00360211
376,2279274;0,01100148
376,4435956;0,01468647
376,659279;0,00211026
376,8749775;0,00001121
377,090691;0,00802534
377,3064197;0,00034048
377,5221634;0,00089602
377,7379222;-0,00211623
377,9536961;0,0060143
378,169485;0,00684821
378,3852891;0,00306084
378,6011082;0,0091662
378,8169423;0,00161258
379,0327916;0,00793748
379,2486558;0,00929802
379,4645351;0,00474257
379,6804295;-0,00465341
379,8963389;0,00132032
380,1122634;0,00174431
380,3282029;0,00429626
380,5441574;0,00353562
380,7601269;0,00352137
380,9761115;0,00272437
381,1921111;0,00249754
381,4081256;0,00476435
381,6241552;0,00192688
381,8401998;0,00756478
382,0562595;0,00191991
382,2723341;0,0009912
382,4884237;0,00659956
382,7045282;0,00146683
382,9206478;0,00638004
383,1367824;0,00507848
383,3529319;0,00499084
383,5690964;-0,00006191
383,7852759;0,00219008
384,0014703;0,00733094
384,2176797;0,00864698
384,4339041;0,00284843
384,6501434;0,01195954
384,8663976;0,00521032
385,0826668;0,00804001
385,298951;0,00527624
385,51525;0,00439106
385,731564;0,00877126
385,947893;0,00041419
386,1642368;0,00913704
386,3805956;0,00585345
386,5969693;0,01081136
386,8133579;0,00431126
387,0297614;0,00840559
387,2461799;0,00407708
387,4626132;0,00596314
387,6790614;0,01016787
387,8955245;-0,00059545
388,1120025;0,00411357
388,3284954;0,00072799
388,5450031;0,00094743
388,7615258;0,00771113
388,9780633;-0,00272333
389,1946156;0,00748404
389,4111829;0,01399924
389,627765;0,00361652
389,8443619;0,0047785
390,0609737;0,00529061
390,2776004;-0,00186735
390,4942419;-0,00218961
390,7108982;0,00143037
390,9275694;0,00371855
391,1442554;0,01002148
391,3609562;0,00378442
391,5776718;0,00049402
391,7944023;0,01647109
392,0111476;-0,00518767
392,2279077;-0,00477777
392,4446826;0,00540776
392,6614723;0,00459569
392,8782768;0,00309709
393,095096;0,01021198
393,3119301;0,00216112
393,528779;0,00595591
393,7456426;0,00046485
393,9625211;-0,00491668
394,1794143;0,00581738
394,3963222;-0,00469031
394,613245;0,00939273
394,8301825;0,00162002
395,0471347;0,00415009
395,2641018;0,00361628
395,4810835;0,00330202
395,69808;0,00197094
395,9150913;0,00688474
396,1321173;0,00779138
396,349158;0,00657023
396,5662134;0,00428191
396,7832836;0,01032859
397,0003685;0,00451541
397,2174681;0,00235156
397,4345824;0,00243131
397,6517115;0,00473473
397,8688552;0,00104967
398,0860136;0,01573221
398,3031868;0,00350624
398,5203746;0,00163464
398,7375771;0,00651906
398,9547943;0,00691385
399,1720262;0,00246093
399,3892728;0,00560498
399,606534;0,00799643
399,8238099;0,00722084
400,0411005;0,00070573
400,2584057;0,00343365
400,4757256;0,00080825
400,6930601;0,00979498
400,9104093;0,0116812
401,1277731;0,0058098
401,3451516;0,00616806
401,5625447;0,00912957
401,7799524;0,0020952
401,9973748;0,01441573
402,2148118;0,00550259
402,4322634;0,00096911
402,6497296;0,00375562
402,8672104;0,00842026
403,0847059;0,00757196
403,3022159;0,00618269
403,5197406;0,00327958
403,7372798;0,00423794
403,9548336;0,00092526
404,1724021;0,00322847
404,3899851;0,00140818
404,6075826;0,00625562
404,8251948;0,00754263
405,0428215;0,00336054
405,2604628;0,01358241
405,4781187;0,00684813
405,6957891;0,01114053
405,9134741;0,0121132
406,1311736;0,00687754
406,3488877;0,00346294
406,5666163;0,00121054
406,7843594;0,00716272
407,0021171;0,00475727
407,2198893;0,00858077
407,4376761;0,01049723
407,6554773;0,00202204
407,8732931;0,00314079
408,0911234;0,01276389
408,3089682;0,00636571
408,5268275;0,01070907
408,7447013;0,00518101
408,9625896;0,00896154
409,1804925;0,01132293
409,3984097;0,00893243
409,6163415;0,00759391
409,8342878;0,00828889
410,0522485;0,00906383
410,2702238;0,00404028
410,4882134;0,01649297
410,7062176;0,00640247
410,9242362;0,00140825
411,1422693;0,01184213
411,3603168;0,00732341
411,5783788;0,01081132
411,7964552;0,00870515
412,014546;0,00499827
412,2326513;0,01299714
412,4507711;0,0151177
412,6689052;0,00999966
412,8870538;0,01149152
413,1052168;0,00689176
413,3233942;0,01056989
413,5415861;0,00591949
413,7597923;0,01557129
413,978013;0,01059178
414,196248;0,00980234
414,4144974;0,00707492
414,6327613;0,00915142
414,8510395;0,01021938
415,0693321;0,01239041
415,2876391;0,01444524
415,5059605;0,01295382
415,7242962;0,00986812
415,9426463;0,01111105
416,1610108;0,01533014
416,3793896;0,00684774
416,5977828;0,00600725
416,8161903;0,01579064
417,0346122;0,01359745
417,2530485;0,00597818
417,471499;0,00622652
417,6899639;0,00854448
417,9084432;0,01032133
418,1269367;0,00549523
418,3454446;0,01200998
418,5639668;0,00679699
418,7825033;0,0068118
419,0010542;0,0075502
419,2196193;0,025121
419,4381988;0,01306387
419,6567925;0,01105238
419,8754005;0,01288784
420,0940229;0,01573997
420,3126595;0,00566344
420,5313104;0,01549827
420,7499756;0,00718494
420,968655;0,01684385
421,1873487;0,01082556
421,4060567;0,00669444
421,624779;0,01546902
421,8435155;0,01750178
422,0622663;0,00826645
422,2810313;0,00276832
422,4998106;0,01220763
422,7186041;0,00757884
422,9374118;0,00656322
423,1562338;0,01396238
423,37507;0,00850076
423,5939204;0,00466913
423,8127851;0,01321663
424,0316639;0,02096768
424,250557;0,01060669
424,4694643;0,00480785
424,6883858;0,01415983
424,9073215;0,01456978
425,1262714;0,02197671
425,3452355;0,00948824
425,5642138;0,01350918
425,7832063;0,0099917
426,002213;0,01174772
426,2212338;0,0054662
426,4402688;0,00945163
426,659318;0,01927124
426,8783813;0,00993347
427,0974588;0,01894229
427,3165505;0,00733087
427,5356563;0,01309996
427,7547762;0,01076016
427,9739103;0,00791566
428,1930586;0,01121332
428,4122209;0,0063948
428,6313975;0,00825219
428,8505881;0,00832509
429,0697929;-0,00125364
429,2890118;0,01593697
429,5082448;0,01864264
429,7274919;0,01010936
429,9467531;0,0088445
430,1660284;0,01271982
430,3853179;0,01484019
430,6046214;0,00651901
430,823939;0,01380955
431,0432707;0,01280751
431,2626165;0,01519894
431,4819764;0,0067821
431,7013503;0,0145549
431,9207383;0,01695341
432,1401404;0,01301943
432,3595566;0,01239105
432,5789868;0,00923922
432,798431;0,01127911
433,0178894;0,01590029
433,2373617;0,01680009
433,4568481;0,0127272
433,6763486;0,01551279
433,8958631;0,01368483
434,1153916;0,0201343
434,3349341;0,01620751
434,5544907;0,01755265
434,7740613;0,01516952
434,9936458;0,0105184
435,2132445;0,00880769
435,4328571;0,0074622
435,6524837;0,01295355
435,8721243;0,01531609
436,0917789;0,02060194
436,3114475;0,02508463
436,5311301;0,02480691
436,7508267;0,02051402
436,9705372;0,01438691
437,1902618;0,0150156
437,4100002;0,00729403
437,6297527;0,01622203
437,8495191;0,01418263
438,0692995;0,00926119
438,2890939;0,00929748
438,5089021;0,00473516
438,7287244;0,02632012
438,9485605;0,01746503
439,1684107;0,01542533
439,3882747;0,01946907
439,6081527;0,01263918
439,8280446;0,01916128
440,0479504;0,01280028
440,2678701;0,01579082
440,4878038;0,01870825
440,7077514;0,01981272
440,9277128;0,01949066
441,1476882;0,02017841
441,3676775;0,0238052
441,5876806;0,01553513
441,8076977;0,01619989
442,0277286;0,01911779
442,2477734;0,02307332
442,4678321;0,01353118
442,6879047;0,01236909
442,9079911;0,02067499
443,1280914;0,01853996
443,3482056;0,02275895
443,5683336;0,01987823
443,7884755;0,02061708
444,0086312;0,02229074
444,2288007;0,01935919
444,4489842;0,02570589
444,6691814;0,01738486
444,8893925;0,02252465
445,1096174;0,01974657
445,3298561;0,02183065
445,5501086;0,01654391
445,770375;0,0229568
445,9906552;0,0192862
446,2109492;0,02381955
446,4312569;0,02439669
446,6515785;0,02114301
446,8719139;0,02546473
447,0922631;0,02469702
447,312626;0,02577166
447,5330028;0,01995858
447,7533933;0,01222967
447,9737976;0,02185967
448,1942157;0,02468241
448,4146475;0,0193592
448,6350931;0,01800639
448,8555525;0,02245223
449,0760256;0,02177234
449,2965125;0,02312466
449,5170131;0,02721941
449,7375274;0,01863485
449,9580555;0,0227376
450,1785974;0,02204315
450,3991529;0,02633456
450,6197222;0,02175748
450,8403052;0,02222516
451,060902;0,02359294
451,2815124;0,01913969
451,5021366;0,0230443
451,7227744;0,01988534
451,943426;0,02281795
452,1640913;0,01309986
452,3847702;0,02777562
452,6054629;0,01336293
452,8261692;0,02456515
453,0468892;0,02887261
453,2676229;0,02599892
453,4883703;0,01372904
453,7091313;0,00784264
453,929906;0,02355611
454,1506944;0,02088014
454,3714964;0,02003171
454,5923121;0,02124555
454,8131414;0,02117969
455,0339844;0,01742124
455,254841;0,01255216
455,4757113;0,02318328
455,6965952;0,01863497
455,9174927;0,01423337
456,1384038;0,02212254
456,3593286;0,02494516
456,580267;0,02036835
456,801219;0,01616377
457,0221846;0,02737321
457,2431638;0,01525694
457,4641566;0,02158173
457,685163;0,0190451
457,906183;0,01496439
458,1272166;0,02936192
458,3482638;0,0164053
458,5693245;0,02101163
458,7903988;0,01851109
459,0114868;0,02434646
459,2325882;0,02279594
459,4537033;0,022759
459,6748319;0,02673694
459,895974;0,02728537
460,1171297;0,0225911
460,338299;0,01894221
460,5594818;0,01558566
460,7806781;0,01560776
461,001888;0,02349034
461,2231114;0,01878838
461,4443483;0,018145
461,6655988;0,02859407
461,8868628;0,01697487
462,1081402;0,01550545
462,3294313;0,03214814
462,5507358;0,02517922
462,7720538;0,01913964
462,9933853;0,02179391
463,2147303;0,01579056
463,4360888;0,01934463
463,6574608;0,0231245
463,8788463;0,02135483
464,1002452;0,01703372
464,3216577;0,03369055
464,5430836;0,02529639
464,7645229;0,02423613
464,9859758;0,02742399
465,2074421;0,02393662
465,4289218;0,01728247
465,650415;0,01986361
465,8719216;0,02688289
466,0934417;0,02383341
466,3149752;0,03325955
466,5365222;0,02916407
466,7580826;0,02977892
466,9796564;0,02909873
467,2012436;0,02550095
467,4228443;0,02995425
467,6444584;0,02158177
467,8660858;0,0226642
468,0877267;0,02645896
468,309381;0,03264506
468,5310487;0,03622795
468,7527298;0,03747872
468,9744243;0,0293034
469,1961321;0,01952734
469,4178533;0,03135098
469,639588;0,02632002
469,861336;0,03742722
470,0830973;0,03561374
470,304872;0,02874784
470,5266601;0,02938408
470,7484616;0,0351743
470,9702764;0,03397566
471,1921045;0,03235975
471,413946;0,03507969
471,6358008;0,03235284
471,857669;0,02470398
472,0795505;0,04121443
472,3014454;0,03527021
472,5233535;0,03376362
472,745275;0,0350583
472,9672098;0,03048809
473,1891579;0,0329746
473,4111193;0,03831909
473,633094;0,04177045
473,8550821;0,03671799
474,0770834;0,03712736
474,299098;0,04178484
474,5211259;0,03403449
474,7431671;0,04316728
474,9652215;0,04440993
475,1872893;0,03704763
475,4093703;0,04172631
475,6314646;0,03766764
475,8535721;0,03473639
476,0756929;0,03828989
476,297827;0,03265226
476,5199743;0,03872176
476,7421349;0,03827524
476,9643087;0,04466614
477,1864957;0,04079835
477,408696;0,0358992
477,6309095;0,03556994
477,8531363;0,0380191
478,0753762;0,03760222
478,2976294;0,03484634
478,5198958;0,05035501
478,7421754;0,03406319
478,9644683;0,04131745
479,1867743;0,04487063
479,4090935;0,04856356
479,6314259;0,04112683
479,8537715;0,04364976
480,0761303;0,04066695
480,2985023;0,04076083
480,5208875;0,03832667
480,7432858;0,04851197
480,9656973;0,04403734
481,188122;0,0395039
481,4105598;0,03965016
481,6330108;0,04150045
481,8554749;0,03603018
482,0779522;0,0378874
482,3004427;0,04136101
482,5229463;0,04217971
482,745463;0,04089317
482,9679928;0,03975258
483,1905358;0,0384143
483,4130919;0,04009616
483,6356612;0,03987648
483,8582435;0,04971114
484,080839;0,04367852
484,3034476;0,04149993
484,5260693;0,03798304
484,748704;0,04895883
484,9713519;0,04053493
485,1940129;0,03773463
485,416687;0,04519943
485,6393741;0,03474336
485,8620744;0,03793135
486,0847877;0,04402954
486,307514;0,03712004
486,5302535;0,03720794
486,753006;0,03416601
486,9757716;0,04071035
487,1985502;0,03245454
487,4213419;0,04239966
487,6441467;0,03865525
487,8669645;0,04257486
488,0897953;0,04276515
488,3126391;0,04452728
488,535496;0,0374124
488,758366;0,03755877
488,9812489;0,03513897
489,2041449;0,03785874
489,4270539;0,03975966
489,6499759;0,03895555
489,8729109;0,04416144
490,0958589;0,03889697
490,3188199;0,04457143
490,5417939;0,0571622
490,7647809;0,04102456
490,9877809;0,03450966
491,2107939;0,04081325
491,4338198;0,04356939
491,6568587;0,0445488
491,8799106;0,03812932
492,1029755;0,04217262
492,3260533;0,04657441
492,5491441;0,04422758
492,7722479;0,03722948
492,9953646;0,03116037
493,2184942;0,04139057
493,4416368;0,04838076
493,6647924;0,03751489
493,8879608;0,04478344
494,1111422;0,04418361
494,3343365;0,03649179
494,5575438;0,05076431
494,780764;0,05012136
495,003997;0,04294046
495,227243;0,0497626
495,4505019;0,04470981
495,6737737;0,04201155
495,8970584;0,04630395
496,120356;0,04930965
496,3436665;0,04122981
496,5669899;0,04816899
496,7903261;0,03883064
497,0136753;0,03625716
497,2370373;0,04795701
497,4604122;0,05180275
497,6837999;0,05489579
497,9072005;0,05083045
498,130614;0,05455927
498,3540403;0,0463701
498,5774795;0,04729848
498,8009315;0,04824914
499,0243964;0,05274597
499,2478741;0,04990124
499,4713646;0,05148052
499,694868;0,04796406
499,9183841;0,05248269
500,1419131;0,04747357
500,365455;0,05121758
500,5890096;0,04277211
500,8125771;0,05689902
501,0361573;0,06166638
501,2597504;0,05654127
501,4833562;0,05913655
501,7069749;0,05825941
501,9306063;0,05212459
502,1542505;0,06063572
502,3779075;0,05847131
502,6015773;0,05370351
502,8252599;0,05303144
503,0489552;0,05717703
503,2726633;0,05616062
503,4963841;0,05899052
503,7201177;0,05726498
503,9438641;0,05728717
504,1676232;0,05348477
504,3913951;0,06023344
504,6151797;0,06056222
504,838977;0,06295324
505,062787;0,05513673
505,2866098;0,06788979
505,5104453;0,06382265
505,7342936;0,06201733
505,9581545;0,06359706
506,1820282;0,07044081
506,4059146;0,07389262
506,6298136;0,06375107
506,8537254;0,06638323
507,0776499;0,06445278
507,301587;0,06095003
507,5255369;0,0600142
507,7494994;0,0691977
507,9734746;0,07007554
508,1974625;0,0697533
508,4214631;0,06745788
508,6454763;0,06230328
508,8695022;0,06984808
509,0935408;0,06688042
509,317592;0,07153789
509,5416558;0,07512773
509,7657323;0,0727009
509,9898215;0,07344625
510,2139233;0,07283229
510,4380377;0,0649426
510,6621647;0,0775921
510,8863044;0,07867521
511,1104567;0,07916446
511,3346217;0,0638678
511,5587992;0,07131141
511,7829893;0,07353425
512,0071921;0,08037767
512,2314074;0,07140602
512,4556354;0,07795042
512,679876;0,07357805
512,9041291;0,06881034
513,1283948;0,07702999
513,3526731;0,08129975
513,576964;0,07346056
513,8012675;0,07623922
514,0255835;0,07813334
514,2499121;0,08484612
514,4742533;0,08073681
514,698607;0,07315361
514,9229733;0,08436331
515,1473521;0,08271075
515,3717434;0,07850623
515,5961474;0,08624261
515,8205638;0,07340338
516,0449928;0,07351935
516,2694343;0,08273299
516,4938883;0,08375634
516,7183549;0,08249866
516,942834;0,08378524
517,1673255;0,07946399
517,3918296;0,07308797
517,6163462;0,08136545
517,8408753;0,09115651
518,0654169;0,08053904
518,289971;0,08312749
518,5145376;0,08692984
518,7391167;0,08586193
518,9637082;0,08907241
519,1883123;0,0829012
519,4129288;0,08865568
519,6375577;0,07826509
519,8621992;0,08890423
520,086853;0,08292324
520,3115194;0,08641784
520,5361982;0,07879245
520,7608894;0,07116484
520,9855931;0,08526183
521,2103093;0,07926647
521,4350378;0,08769761
521,6597788;0,08395396
521,8845323;0,07396562
522,1092981;0,07985152
522,3340764;0,08455316
522,5588671;0,07832389
522,7836702;0,08746321
523,0084857;0,08454606
523,2333136;0,08004156
523,4581539;0,08179626
523,6830066;0,08524097
523,9078717;0,08391787
524,1327492;0,07513527
524,3576391;0,08578208
524,5825413;0,08480175
524,807456;0,07792185
525,0323829;0,08178242
525,2573223;0,08225724
525,482274;0,08359586
525,7072381;0,08360327
525,9322146;0,08578891
526,1572034;0,09014038
526,3822045;0,08409269
526,607218;0,08692239
526,8322438;0,08996409
527,0572819;0,08279059
527,2823324;0,07832326
527,5073952;0,07613018
527,7324704;0,08356649
527,9575578;0,07612222
528,1826576;0,07947904
528,4077697;0,08705468
528,6328941;0,07938351
528,8580307;0,08165786
529,0831797;0,08412957
529,308341;0,09022033
529,5335146;0,07455035
529,7587004;0,08446543
529,9838986;0,08701761
530,209109;0,08283489
530,4343317;0,08094775
530,6595666;0,08189191
530,8848139;0,08261564
531,1100733;0,08395429
531,3353451;0,07942754
531,5606291;0,08497031
531,7859253;0,08550354
532,0112338;0,08970086
532,2365545;0,07965409
532,4618875;0,08091922
532,6872327;0,08293782
532,9125902;0,08297431
533,1379598;0,08493336
533,3633417;0,09022769
533,5887358;0,08815004
533,8141421;0,08018046
534,0395606;0,08449523
534,2649913;0,08576719
534,4904343;0,08387355
534,7158894;0,08755085
534,9413567;0,08886021
535,1668362;0,09574084
535,3923279;0,10035522
535,6178317;0,08938673
535,8433478;0,08234487
536,068876;0,08314917
536,2944164;0,08714941
536,5199689;0,08522554
536,7455336;0,09008185
536,9711105;0,07853603
537,1966995;0,09662536
537,4223007;0,08824654
537,647914;0,08806362
537,8735394;0,08326667
538,099177;0,09245742
538,3248267;0,08487522
538,5504886;0,0941322
538,7761625;0,09193106
539,0018486;0,0922528
539,2275468;0,08987648
539,4532571;0,08899115
539,6789796;0,09734974
539,9047141;0,09332869
540,1304607;0,09252357
540,3562194;0,09738618
540,5819902;0,09508302
540,8077731;0,09726883
541,0335681;0,09807347
541,2593752;0,09811825
541,4851943;0,10476356
541,7110255;0,10136329
541,9368688;0,09566003
542,1627241;0,10653298
542,3885915;0,09969687
542,614471;0,10398889
542,8403625;0,10306706
543,066266;0,10249812
543,2921816;0,10622646
543,5181092;0,10569964
543,7440489;0,09804414
543,9700006;0,1123679
544,1959643;0,10735165
544,42194;0,10607236
544,6479278;0,10953894
544,8739276;0,11228072
545,0999393;0,11440845
545,3259631;0,11712111
545,5519989;0,1118196
545,7780467;0,11288724
546,0041065;0,12101093
546,2301783;0,12338071
546,456262;0,11971659
546,6823578;0,1150302
546,9084655;0,11584827
547,1345852;0,10884336
547,3607168;0,11962262
547,5868604;0,11138829
547,813016;0,12623156
548,0391836;0,12376714
548,2653631;0,12418433
548,4915545;0,12371741
548,7177579;0,12897415
548,9439732;0,1275406
549,1702005;0,12954343
549,3964397;0,1242506
549,6226908;0,12367304
549,8489539;0,12303626
550,0752289;0,13270992
550,3015158;0,12504747
550,5278146;0,12781847
550,7541253;0,13726584
550,9804479;0,13829748
551,2067824;0,12824324
551,4331288;0,14405089
551,6594871;0,13505862
551,8858573;0,13703224
552,1122394;0,13498528
552,3386334;0,14259674
552,5650392;0,13677625
552,7914569;0,13833362
553,0178865;0,14286667
553,2443279;0,14735705
553,4707812;0,15138587
553,6972464;0,14392701
553,9237234;0,15057335
554,1502122;0,14304242
554,3767129;0,14534524
554,6032255;0,14914769
554,8297498;0,15468361
555,056286;0,15245187
555,2828341;0,1470279
555,5093939;0,15295046
555,7359656;0,15315472
555,9625491;0,15210918
556,1891444;0,15721319
556,4157515;0,15554578
556,6423704;0,15338183
556,8690011;0,16209747
557,0956436;0,15482191
557,3222979;0,15347593
557,548964;0,15853605
557,7756419;0,15492396
558,0023315;0,14993799
558,2290329;0,15278243
558,4557461;0,16139518
558,6824711;0,1579231
558,9092078;0,15278211
559,1359563;0,17019195
559,3627165;0,15346901
559,5894885;0,17130395
559,8162722;0,15871207
560,0430677;0,16732583
560,2698749;0,15780528
560,4966938;0,16265343
560,7235245;0,1746445
560,9503669;0,16599467
561,177221;0,16262403
561,4040869;0,16620032
561,6309644;0,15961854
561,8578537;0,17058701
562,0847546;0,15520903
562,3116673;0,16682952
562,5385917;0,16757446
562,7655277;0,16176157
562,9924755;0,16413025
563,2194349;0,1762178
563,446406;0,1722324
563,6733888;0,16191443
563,9003833;0,16862076
564,1273894;0,1508072
564,3544072;0,16046694
564,5814367;0,16756723
564,8084778;0,16871496
565,0355306;0,16174668
565,262595;0,1636764
565,489671;0,16369929
565,7167587;0,16297483
565,9438581;0,16158539
566,1709691;0,16301918
566,3980917;0,1642916
566,6252259;0,15866883
566,8523717;0,15763685
567,0795292;0,17474703
567,3066983;0,15896095
567,5338789;0,16106681
567,7610712;0,15909942
567,9882751;0,1615486
568,2154906;0,16713624
568,4427177;0,16461317
568,6699563;0,16094251
568,8972066;0,16277784
569,1244684;0,15534852
569,3517418;0,15407685
569,5790268;0,15749105
569,8063233;0,16109623
570,0336314;0,15390902
570,2609511;0,16424656
570,4882823;0,15656311
570,7156251;0,16164455
570,9429794;0,16146823
571,1703453;0,17403827
571,3977227;0,16168853
571,6251116;0,15936388
571,8525121;0,15015817
572,0799241;0,16641147
572,3073476;0,15980907
572,5347826;0,15501261
572,7622292;0,15771093
572,9896872;0,1523432
573,2171568;0,17225421
573,4446379;0,16127883
573,6721305;0,16310599
573,8996345;0,14878238
574,1271501;0,16276381
574,3546771;0,16259486
574,5822156;0,16068689
574,8097656;0,15330891
575,0373271;0,15679553
575,2649001;0,15917298
575,4924845;0,14977019
575,7200804;0,1568398
575,9476877;0,15818498
576,1753065;0,15752814
576,4029367;0,15413559
576,6305784;0,15050062
576,8582315;0,15306026
577,0858961;0,15737494
577,3135721;0,15929701
577,5412595;0,15784209
577,7689584;0,15163418
577,9966686;0,15113681
578,2243903;0,15941459
578,4521234;0,16064266
578,6798679;0,1686563
578,9076239;0,15439068
579,1353912;0,15744716
579,3631699;0,15155407
579,59096;0,1536231
579,8187615;0,16109643
580,0465744;0,16493426
580,2743987;0,15679632
580,5022343;0,16063522
580,7300813;0,15915752
580,9579397;0,16407169
581,1858094;0,15209522
581,4136906;0,15792919
581,641583;0,15581634
581,8694868;0,16203226
582,097402;0,16226582
582,3253285;0,15934787
582,5532664;0,16434289
582,7812156;0,15965523
583,0091761;0,17095969
583,2371479;0,1685249
583,4651311;0,17277343
583,6931256;0,16684268
583,9211314;0,16601081
584,1491485;0,16518318
584,3771769;0,16379382
584,6052167;0,17159622
584,8332677;0,16813055
585,06133;0,17100394
585,2894036;0,17122327
585,5174885;0,17498879
585,7455847;0,1644513
585,9736922;0,16460523
586,2018109;0,17015505
586,429941;0,16775721
586,6580822;0,17326337
586,8862348;0,1686712
587,1143986;0,1713909
587,3425737;0,16755947
587,57076;0,17099565
587,7989575;0,17512791
588,0271663;0,18054499
588,2553864;0,18273241
588,4836176;0,18497663
588,7118602;0,18467773
588,9401139;0,17911936
589,1683788;0,18162046
589,396655;0,1773435
589,6249424;0,18426838
589,853241;0,19138174
590,0815508;0,1932685
590,3098718;0,193935
590,538204;0,20042707
590,7665474;0,19039502
590,994902;0,19405076
591,2232678;0,19661087
591,4516447;0,19219372
591,6800329;0,18651973
591,9084322;0,1932105
592,1368427;0,20044092
592,3652643;0,2051663
592,5936971;0,19766452
592,8221411;0,2109722
593,0505962;0,19715088
593,2790625;0,20225478
593,5075399;0,21051025
593,7360284;0,20769559
593,9645281;0,20783453
594,193039;0,21085448
594,4215609;0,21057011
594,650094;0,2104806
594,8786382;0,211666
595,1071935;0,211673
595,3357599;0,20809777
595,5643375;0,21150543
595,7929261;0,21281428
596,0215259;0,20820786
596,2501367;0,20600624
596,4787587;0,21946138
596,7073917;0,21777129
596,9360358;0,22512736
597,164691;0,22059416
597,3933572;0,2329509
597,6220346;0,22485693
597,850723;0,22384828
598,0794225;0,22789141
598,308133;0,22721871
598,5368546;0,22112059
598,7655872;0,23182474
598,9943309;0,23666717
599,2230856;0,22797874
599,4518514;0,22974888
599,6806282;0,24342146
599,9094161;0,23078695
600,1382149;0,23406996
600,3670248;0,23261502
600,5958457;0,24300576
600,8246777;0,24178373
601,0535206;0,23756417
601,2823746;0,23469133
601,5112395;0,23728772
601,7401154;0,24948263
601,9690024;0,23982536
602,1979003;0,24681509
602,4268093;0,24261829
602,6557292;0,24813139
602,88466;0,25164858
603,1136019;0,23795192
603,3425547;0,23833952
603,5715185;0,26056921
603,8004933;0,25412715
604,029479;0,25190458
604,2584757;0,25934019
604,4874833;0,25154512
604,7165019;0,2560657
604,9455314;0,25583065
605,1745719;0,26644773
605,4036232;0,25849311
605,6326856;0,25472002
605,8617588;0,26494168
606,090843;0,26438531
606,3199381;0,26223585
606,5490441;0,2551437
606,778161;0,26238943
607,0072888;0,27289032
607,2364275;0,2666316
607,4655771;0,26932898
607,6947376;0,27287494
607,923909;0,27013397
608,1530913;0,26788778
608,3822845;0,26549126
608,6114885;0,26880218
608,8407034;0,26845852
609,0699292;0,27304334
609,2991659;0,27599807
609,5284134;0,26605965
609,7576718;0,27029318
609,986941;0,27774423
610,2162211;0,27648777
610,445512;0,27209991
610,6748137;0,27427167
610,9041263;0,28130587
611,1334498;0,28427482
611,362784;0,27664758
611,5921291;0,27329864
611,821485;0,29120098
612,0508517;0,27650854
612,2802293;0,27447666
612,5096176;0,28612539
612,7390167;0,27917096
612,9684267;0,28741787
613,1978474;0,26808632
613,427279;0,27633382
613,6567213;0,29420486
613,8861744;0,28103539
614,1156383;0,27605619
614,345113;0,27983626
614,5745984;0,28267227
614,8040946;0,27394313
615,0336016;0,27994585
615,2631193;0,28348402
615,4926478;0,28441432
615,722187;0,2835654
615,951737;0,2836829
616,1812977;0,28120461
616,4108692;0,28180314
616,6404514;0,27967575
616,8700444;0,27665501
617,099648;0,27440312
617,3292624;0,28054617
617,5588875;0,28490315
617,7885233;0,28522592
618,0181699;0,28908664
618,2478271;0,28510878
618,477495;0,27367964
618,7071737;0,28418695
618,936863;0,27600595
619,1665631;0,28115333
619,3962738;0,28954629
619,6259952;0,28224266
619,8557272;0,28692876
620,08547;0,28001825
620,3152234;0,27051321
620,5449875;0,27901699
620,7747622;0,28643205
621,0045477;0,28316308
621,2343437;0,27742325
621,4641504;0,27924402
621,6939678;0,27383271
621,9237958;0,27911852
622,1536344;0,27760591
622,3834837;0,27969014
622,6133436;0,27046171
622,8432141;0,27773028
623,0730953;0,26873597
623,3029871;0,26553479
623,5328895;0,26162888
623,7628024;0,27057871
623,992726;0,26588483
624,2226602;0,27334332
624,452605;0,27277322
624,6825604;0,27264054
624,9125264;0,2722237
625,142503;0,26657235
625,3724901;0,27710117
625,6024879;0,27936134
625,8324962;0,26364724
626,062515;0,27086409
626,2925445;0,28755819
626,5225845;0,27427852
626,752635;0,26958412
626,9826961;0,26702593
627,2127678;0,26452466
627,44285;0,25919403
627,6729427;0,26965118
627,903046;0,26979667
628,1331598;0,27209237
628,3632841;0,26399859
628,593419;0,27262662
628,8235644;0,26670451
629,0537203;0,2717341
629,2838867;0,2684001
629,5140636;0,26723726
629,744251;0,2718623
629,9744489;0,27746796
630,2046574;0,27023874
630,4348763;0,26973021
630,6651057;0,26323095
630,8953456;0,27290152
631,1255959;0,25863225
631,3558568;0,26978863
631,5861281;0,26307448
631,8164099;0,26956072
632,0467021;0,26034355
632,2770048;0,25574332
632,507318;0,25162169
632,7376416;0,26830897
632,9679756;0,26273198
633,1983201;0,25258982
633,4286751;0,26718419
633,6590404;0,2523641
633,8894162;0,25772156
634,1198025;0,24136269
634,3501991;0,23446558
634,5806062;0,24448647
634,8110237;0,24208372
635,0414516;0,23812392
635,2718899;0,23050576
635,5023386;0,23748104
635,7327977;0,23681065
635,9632672;0,23275323
636,1937471;0,24047161
636,4242374;0,24162452
636,6547381;0,24344663
636,8852491;0,23929382
637,1157705;0,23417451
637,3463023;0,24598358
637,5768445;0,25691993
637,807397;0,2532775
638,0379598;0,26917486
638,2685331;0,26002397
638,4991166;0,25630843
638,7297106;0,25245012
638,9603148;0,25181445
639,1909294;0,24428817
639,4215544;0,24942119
639,6521896;0,23862373
639,8828352;0,25044128
640,1134911;0,24066278
640,3441574;0,23807839
640,5748339;0,25112006
640,8055208;0,24042279
641,0362179;0,2436629
641,2669254;0,23953554
641,4976431;0,24826194
641,7283712;0,23997936
641,9591095;0,24093187
642,1898582;0,248657
642,4206171;0,24473559
642,6513862;0,24027621
642,8821657;0,24271659
643,1129554;0,24050398
643,3437554;0,24771892
643,5745657;0,24080564
643,8053862;0,25623352
644,0362169;0,24396471
644,2670579;0,24201909
644,4979092;0,25800869
644,7287707;0,24491615
644,9596424;0,25091467
645,1905244;0,25391986
645,4214166;0,26533121
645,652319;0,255282
645,8832316;0,25830596
646,1141545;0,25422258
646,3450875;0,26100218
646,5760308;0,25282206
646,8069843;0,2560252
647,0379479;0,24862943
647,2689218;0,26271149
647,4999059;0,26134384
647,7309001;0,25882846
647,9619046;0,26798317
648,1929192;0,26456194
648,423944;0,27227542
648,6549789;0,26735389
648,886024;0,26097038
649,1170793;0,26271827
649,3481448;0,2744834
649,5792204;0,2648104
649,8103061;0,2732176
650,041402;0,27945579
650,2725081;0,2748648
650,5036243;0,2738622
650,7347506;0,27188881
650,965887;0,27289629
651,1970336;0,27858647
651,4281903;0,28422409
651,6593571;0,28290803
651,8905341;0,2832221
652,1217211;0,28409262
652,3529183;0,28913786
652,5841255;0,2866589
652,8153429;0,29007275
653,0465703;0,29006584
653,2778078;0,29176221
653,5090555;0,28578812
653,7403132;0,30147343
653,9715809;0,29372892
654,2028588;0,29514131
654,4341467;0,2989282
654,6654447;0,29554981
654,8967528;0,29785329
655,1280709;0,29113339
655,359399;0,29871517
655,5907373;0,30049337
655,8220855;0,30803114
656,0534438;0,3096404
656,2848121;0,30822917
656,5161905;0,30915003
656,7475789;0,32002342
656,9789774;0,31154899
657,2103858;0,31898474
657,4418043;0,3167782
657,6732327;0,31701874
657,9046712;0,31518184
658,1361197;0,32107646
658,3675782;0,32225283
658,5990467;0,31408544
658,8305252;0,32041836
659,0620137;0,32108407
659,2935121;0,31592139
659,5250206;0,32675813
659,756539;0,32585112
659,9880674;0,32856246
660,2196057;0,3201399
660,451154;0,3361528
660,6827123;0,33108733
660,9142805;0,33385013
661,1458587;0,33608839
661,3774469;0,34696843
661,6090449;0,34027027
661,840653;0,3365041
662,0722709;0,3363574
662,3038988;0,34943905
662,5355366;0,33676808
662,7671844;0,34088479
662,998842;0,35267847
663,2305096;0,34589336
663,4621871;0,35511464
663,6938745;0,35060842
663,9255718;0,35288347
664,157279;0,35376079
664,3889961;0,34954906
664,6207231;0,34707787
664,8524599;0,33956122
665,0842067;0,35518671
665,3159633;0,35895329
665,5477298;0,35815643
665,7795062;0,35624746
666,0112925;0,36041553
666,2430886;0,35786336
666,4748945;0,35986686
666,7067104;0,35663453
666,938536;0,3644072
667,1703716;0,35741683
667,4022169;0,36232339
667,6340721;0,3586312
667,8659372;0,36856108
668,097812;0,36282824
668,3296967;0,36700363
668,5615913;0,36194371
668,7934956;0,36555601
669,0254097;0,3619656
669,2573337;0,36717275
669,4892675;0,36303227
669,721211;0,37216465
669,9531644;0,37282379
670,1851276;0,36391789
670,4171005;0,37329831
670,6490832;0,3666381
670,8810758;0,37556532
671,1130781;0,36089049
671,3450901;0,37393444
671,577112;0,37555066
671,8091436;0,3675595
672,0411849;0,36905705
672,2732361;0,37100995
672,5052969;0,37290533
672,7373676;0,36490353
672,9694479;0,36567406
673,201538;0,366996
673,4336379;0,37462873
673,6657475;0,36653589
673,8978668;0,36388813
674,1299958;0,36893423
674,3621346;0,36449482
674,5942831;0,36803444
674,8264412;0,36991411
675,0586091;0,36367502
675,2907867;0,37321873
675,522974;0,37042486
675,755171;0,36840677
675,9873777;0,37634084
676,2195941;0,38040642
676,4518202;0,36294476
676,6840559;0,37653195
676,9163013;0,37224578
677,1485564;0,36695263
677,3808212;0,3677059
677,6130956;0,36611889
677,8453797;0,3628579
678,0776734;0,36456805
678,3099768;0,3613658
678,5422899;0,3619587
678,7746125;0,3635293
679,0069449;0,36508918
679,2392868;0,35352764
679,4716384;0,35112749
679,7039996;0,35356356
679,9363705;0,35444321
680,1687509;0,35078447
680,401141;0,34965789
680,6335407;0,34873056
680,86595;0,35400251
681,0983689;0,36089677
681,3307974;0,35230645
681,5632355;0,36036428
681,7956832;0,35445505
682,0281404;0,34873808
682,2606073;0,34946897
682,4930837;0,3475897
682,7255697;0,34506598
682,9580653;0,34949037
683,1905705;0,34705538
683,4230852;0,34947542
683,6556094;0,3540463
683,8881432;0,35487252
684,1206866;0,34633311
684,3532395;0,35548008
684,585802;0,35222467
684,818374;0,3509671
685,0509555;0,33605922
685,2835466;0,33707439
685,5161472;0,35342341
685,7487573;0,3321395
685,9813769;0,34364177
686,214006;0,3470487
686,4466447;0,33496167
686,6792929;0,34467965
686,9119505;0,33995582
687,1446177;0,35098225
687,3772943;0,33774794
687,6099805;0,3334253
687,8426761;0,33710338
688,0753812;0,33863268
688,3080958;0,34019005
688,5408198;0,33183302
688,7735534;0,33339723
689,0062964;0,33187665
689,2390488;0,33569996
689,4718107;0,3321749
689,7045821;0,33355761
689,9373629;0,3443947
690,1701531;0,3273572
690,4029528;0,33667267
690,635762;0,32460017
690,8685805;0,32949991
691,1014085;0,32228321
691,334246;0,31973718
691,5670928;0,33531999
691,7999491;0,34539598
692,0328147;0,32601943
692,2656898;0,32405281
692,4985743;0,32624555
692,7314682;0,32503914
692,9643715;0,32716779
693,1972841;0,3209813
693,4302062;0,33312585
693,6631376;0,32386241
693,8960785;0,33184635
694,1290287;0,31686497
694,3619882;0,31327384
694,5949572;0,32852735
694,8279355;0,32632616
695,0609231;0,31767656
695,2939202;0,31983272
695,5269265;0,32476046
695,7599422;0,31488238
695,9929673;0,31433391
696,2260017;0,32552115
696,4590454;0,31147589
696,6920985;0,32230424
696,9251609;0,31491211
697,1582326;0,31412275
697,3913136;0,31203964
697,624404;0,31912331
697,8575037;0,30951566
698,0906126;0,31910904
698,3237309;0,31584155
698,5568585;0,31828316
698,7899953;0,30928315
699,0231415;0,31935913
699,2562969;0,31559298
699,4894617;0,31695257
699,7226357;0,30489513
699,9558189;0,31345682
700,1890115;0,32272131
700,4222133;0,30550989
700,6554244;0,30697903
700,8886447;0,31552765
701,1218743;0,31227251
701,3551131;0,3054284
701,5883612;0,30685381
701,8216186;0,31363174
702,0548851;0,31205313
702,2881609;0,2881784
702,521446;0,31067103
702,7547402;0,30784138
702,9880437;0,30931857
703,2213564;0,30205793
703,4546783;0,30683963
703,6880094;0,30735061
703,9213497;0,30371025
704,1546993;0,29280072
704,388058;0,31111008
704,6214259;0,30563309
704,854803;0,31225752
705,0881893;0,31607501
705,3215848;0,29793339
705,5549894;0,31217784
705,7884032;0,31235355
706,0218262;0,30691936
706,2552584;0,30195425
706,4886997;0,30288928
706,7221502;0,31174614
706,9556098;0,31316508
707,1890785;0,30944219
707,4225565;0,30535525
707,6560435;0,30858766
707,8895397;0,31261669
708,123045;0,31239732
708,3565595;0,30685286
708,5900831;0,31408603
708,8236158;0,3024232
709,0571576;0,31516801
709,2907085;0,30959573
709,5242686;0,31377959
709,7578377;0,30519441
709,9914159;0,30753424
710,2250033;0,31731143
710,4585997;0,31836426
710,6922052;0,3139245
710,9258198;0,30680302
711,1594435;0,30621031
711,3930762;0,31480272
711,6267181;0,30810533
711,860369;0,31154939
712,0940289;0,31941585
712,3276979;0,31129999
712,561376;0,307607
712,7950631;0,31165861
713,0287593;0,32155102
713,2624645;0,31400437
713,4961788;0,31800416
713,729902;0,32195382
713,9636344;0,31710545
714,1973757;0,32105451
714,4311261;0,31535062
714,6648855;0,31268975
714,8986539;0,32227552
715,1324313;0,3248127
715,3662177;0,32544164
715,6000131;0,32203379
715,8338175;0,32560887
716,0676309;0,32316661
716,3014533;0,32544833
716,5352847;0,32331362
716,7691251;0,33096297
717,0029745;0,32578456
717,2368328;0,33046515
717,4707001;0,33167843
717,7045763;0,32379554
717,9384616;0,31910198
718,1723557;0,32568302
718,4062589;0,32972644
718,640171;0,33549532
718,874092;0,32594567
719,108022;0,33341238
719,3419609;0,33354293
719,5759087;0,33123299
719,8098655;0,33239525
720,0438312;0,3342224
720,2778058;0,33313432
720,5117893;0,33122579
720,7457818;0,33879374
720,9797831;0,33856647
721,2137934;0,33637322
721,4478126;0,34212037
721,6818406;0,33725007
721,9158776;0,34259632
722,1499234;0,33502695
722,3839781;0,34349598
722,6180418;0,34862873
722,8521142;0,34030668
723,0861956;0,33953196
723,3202858;0,35058635
723,5543849;0,35290489
723,7884929;0,34612674
724,0226097;0,35506854
724,2567353;0,3450297
724,4908698;0,34461285
724,7250132;0,3459958
724,9591654;0,34319503
725,1933264;0,35414762
725,4274963;0,35977946
725,661675;0,35419264
725,8958625;0,35557468
726,1300588;0,35885773
726,364264;0,36600902
726,5984779;0,35756273
726,8327007;0,35214571
727,0669323;0,3583902
727,3011726;0,35408312
727,5354218;0,36145407
727,7696797;0,36023945
728,0039465;0,35741086
728,238222;0,36403452
728,4725063;0,36701818
728,7067994;0,35797354
728,9411013;0,36257179
729,1754119;0,36279874
729,4097313;0,36581794
729,6440594;0,36214801
729,8783963;0,3696137
730,112742;0,36802661
730,3470964;0,36782153
730,5814595;0,36418186
730,8158314;0,37570462
731,050212;0,37234854
731,2846013;0,35983118
731,5189994;0,37095136
731,7534062;0,37867278
731,9878217;0,36969469
732,2222459;0,36013004
732,4566789;0,37141924
732,6911205;0,37082076
732,9255708;0,37005883
733,1600299;0,37716605
733,3944976;0,3737673
733,628974;0,37030799
733,8634591;0,38082387
734,0979529;0,37577009
734,3324554;0,37661757
734,5669666;0,37978436
734,8014864;0,38888111
735,0360149;0,3759316
735,270552;0,37324816
735,5050978;0,37692652
735,7396522;0,37448959
735,9742153;0,37629796
736,2087871;0,38948809
736,4433675;0,38052293
736,6779565;0,36927052
736,9125542;0,3744334
737,1471605;0,3776354
737,3817754;0,37689567
737,6163989;0,37751035
737,8510311;0,38189173
738,0856718;0,38274538
738,3203212;0,38564962
738,5549792;0,3908547
738,7896457;0,37824967
739,0243209;0,37807294
739,2590047;0,38005513
739,493697;0,37855769
739,728398;0,37832929
739,9631075;0,38346962
740,1978256;0,38088864
740,4325523;0,3858319
740,6672875;0,37758995
740,9020313;0,37856395
741,1367837;0,38466075
741,3715446;0,3772335
741,6063141;0,38185338
741,8410921;0,37867352
742,0758786;0,37376713
742,3106737;0,38706709
742,5454774;0,38540082
742,7802895;0,38268735
743,0151102;0,38364508
743,2499395;0,37893686
743,4847772;0,38335966
743,7196235;0,37607787
743,9544782;0,3883038
744,1893415;0,37726224
744,4242133;0,38297952
744,6590935;0,37982758
744,8939823;0,38298764
745,1288796;0,37207015
745,3637853;0,38383474
745,5986996;0,38897512
745,8336223;0,3728534
746,0685535;0,3879305
746,3034931;0,37735686
746,5384412;0,37775179
746,7733978;0,37879674
747,0083629;0,38284043
747,2433364;0,37509031
747,4783183;0,37089278
747,7133087;0,37600499
747,9483076;0,37583548
748,1833148;0,37970344
748,4183305;0,38129194
748,6533547;0,37341528
748,8883873;0,37738634
749,1234282;0,37204213
749,3584777;0,37308681
749,5935355;0,36834973
749,8286017;0,3741469
750,0636763;0,3732613
750,2987594;0,36388883
750,5338508;0,36643257
750,7689507;0,37035173
751,0040589;0,3784181
751,2391755;0,37390611
751,4743005;0,36959181
751,7094338;0,36702468
751,9445756;0,36783751
752,1797257;0,37060095
752,4148842;0,3679379
752,650051;0,36680672
752,8852262;0,36954139
753,1204097;0,36219737
753,3556016;0,37051326
753,5908019;0,3613586
753,8260104;0,3641808
754,0612274;0,3563346
754,2964526;0,36345038
754,5316862;0,3621996
754,7669281;0,35997647
755,0021783;0,36107342
755,2374369;0,34810869
755,4727037;0,35319114
755,7079789;0,35354121
755,9432623;0,35150888
756,1785541;0,36021784
756,4138542;0,35402463
756,6491625;0,35029556
756,8844792;0,33843536
757,1198041;0,34750883
757,3551373;0,35166244
757,5904788;0,34983411
757,8258285;0,34200329
758,0611866;0,34424759
758,2965529;0,34286617
758,5319274;0,3394726
758,7673102;0,33844292
759,0027013;0,35285388
759,2381006;0,33738904
759,4735081;0,3438898
759,7089239;0,34116167
759,9443479;0,33410706
760,1797802;0,34305623
760,4152206;0,33854485
760,6506693;0,33997882
760,8861263;0,33621996
761,1215914;0,33854437
761,3570647;0,33318451
761,5925463;0,33786454
761,8280361;0,33656356
762,063534;0,32472441
762,2990402;0,33474309
762,5345545;0,31746347
762,770077;0,32212916
763,0056077;0,32540547
763,2411466;0,31772801
763,4766937;0,32294761
763,7122489;0,31763044
763,9478123;0,31421722
764,1833839;0,31830552
764,4189636;0,31855228
764,6545515;0,31782939
764,8901475;0,3116592
765,1257517;0,30610825
765,361364;0,31300349
765,5969845;0,30790725
765,832613;0,32261886
766,0682498;0,31252109
766,3038946;0,31311306
766,5395476;0,31324606
766,7752087;0,30691284
767,0108778;0,30310314
767,2465552;0,29774355
767,4822406;0,30607914
767,7179341;0,30553846
767,9536357;0,29568856
768,1893454;0,30804641
768,4250632;0,30409777
768,6607891;0,30035461
768,896523;0,29255828
769,132265;0,30421512
769,3680152;0,30939855
769,6037733;0,29476027
769,8395396;0,29829188
770,0753139;0,29549893
770,3110962;0,29429927
770,5468867;0,28867633
770,7826851;0,29093575
771,0184916;0,28499178
771,2543062;0,29391919
771,4901287;0,29058473
771,7259594;0,27669931
771,961798;0,29734796
772,1976447;0,28564153
772,4334994;0,28867622
772,6693621;0,28379143
772,9052328;0,28118912
773,1411115;0,27709404
773,3769982;0,28578814
773,612893;0,28403371
773,8487957;0,28087432
774,0847064;0,28334608
774,3206251;0,27487114
774,5565518;0,28065482
774,7924865;0,28678966
775,0284291;0,28157615
775,2643797;0,28548809
775,5003383;0,27573428
775,7363049;0,28306827
775,9722794;0,27296993
776,2082618;0,27525163
776,4442522;0,27579972
776,6802506;0,27325552
776,9162569;0,28890233
777,1522712;0,28088958
777,3882933;0,27467439
777,6243234;0,27606368
777,8603615;0,2697086
778,0964074;0,27169808
778,3324613;0,2706305
778,5685231;0,2705573
778,8045928;0,2704995
779,0406704;0,27903265
779,2767559;0,267712
779,5128493;0,27125294
779,7489506;0,26594401
779,9850598;0,27195316
780,2211769;0,26167983
780,4573019;0,26909426
780,6934347;0,27171211
780,9295754;0,26265335
781,165724;0,26967973
781,4018805;0,26244147
781,6380448;0,27044678
781,874217;0,26475908
782,110397;0,25706708
782,3465849;0,27000134
782,5827806;0,27031615
782,8189842;0,26039371
783,0551956;0,26300459
783,2914148;0,27147878
783,5276419;0,26362558
783,7638768;0,26781587
784,0001195;0,25548764
784,23637;0,26551221
784,4726283;0,26646883
784,7088945;0,2647873
784,9451684;0,26048185
785,1814502;0,26592098
785,4177398;0,26056953
785,6540371;0,25330092
785,8903422;0,25643055
786,1266552;0,25975742
786,3629759;0,26662302
786,5993043;0,25773926
786,8356406;0,25814086
787,0719846;0,26176844
787,3083364;0,25467544
787,5446959;0,25763613
787,7810633;0,25884301
788,0174383;0,25150978
788,2538211;0,25591116
788,4902117;0,25289134
788,7266099;0,24676459
788,963016;0,26536621
789,1994297;0,24614243
789,4358512;0,25814175
789,6722804;0,24968171
789,9087173;0,2516191
790,145162;0,25062471
790,3816143;0,24660403
790,6180744;0,25165595
790,8545422;0,24563136
791,0910176;0,25350532
791,3275008;0,25197026
791,5639917;0,25197675
791,8004902;0,25366691
792,0369964;0,24881891
792,2735103;0,24571062
792,5100319;0,24808045
792,7465612;0,25324178
792,9830981;0,24381664
793,2196427;0,24913185
793,4561949;0,24651482
793,6927548;0,24492063
793,9293223;0,24393377
794,1658975;0,23885181
794,4024804;0,24447529
794,6390708;0,2468726
794,875669;0,24360494
795,1122747;0,25470492
795,3488881;0,24612779
795,5855091;0,24598149
795,8221377;0,24441639
796,0587739;0,2434887
796,2954177;0,24169606
796,5320692;0,24633296
796,7687282;0,24068759
797,0053948;0,23187684
797,2420691;0,23657803
797,4787509;0,2461645
797,7154403;0,25004693
797,9521373;0,25173501
798,1888419;0,24854831
798,425554;0,24367929
798,6622737;0,24697541
798,899001;0,24025571
799,1357358;0,24283016
799,3724782;0,24470186
799,6092282;0,24086983
799,8459857;0,23763128
800,0827507;0,24877427
800,3195233;0,24122156
800,5563034;0,25554511
800,7930911;0,23888132
801,0298863;0,23896928
801,266689;0,24658133
801,5034992;0,24821171
801,740317;0,24135311
801,9771423;0,2446724
802,213975;0,24217875
802,4508153;0,24112658
802,6876631;0,23967125
802,9245184;0,24573291
803,1613811;0,24240543
803,3982514;0,24344415
803,6351291;0,24424823
803,8720143;0,23431203
804,108907;0,24476074
804,3458072;0,2432243
804,5827149;0,24680751
804,81963;0,24136002
805,0565525;0,24269102
805,2934825;0,23748422
805,53042;0,24361966
805,7673649;0,24210562
806,0043173;0,23695865
806,2412771;0,24160164
806,4782443;0,25392215
806,715219;0,252299
806,9522011;0,23819359
807,1891906;0,24564415
807,4261876;0,2455359
807,6631919;0,24562356
807,9002037;0,25358575
808,1372229;0,23452366
808,3742494;0,24471563
808,6112834;0,24315807
808,8483248;0,25179452
809,0853736;0,26005663
809,3224297;0,24148535
809,5594933;0,24507514
809,7965642;0,24458497
810,0336425;0,24605423
810,2707281;0,24669696
810,5078211;0,24628123
810,7449215;0,24761194
810,9820293;0,25635682
811,2191444;0,24102468
811,4562668;0,25654
811,6933966;0,24304917
811,9305338;0,24859945
812,1676783;0,24829872
812,4048301;0,25093976
812,6419892;0,24981251
812,8791557;0,25100566
813,1163295;0,25083601
813,3535106;0,2491839
813,590699;0,24246468
813,8278948;0,2488543
814,0650978;0,24514808
814,3023082;0,24522784
814,5395258;0,25111511
814,7767507;0,25327871
815,013983;0,24873786
815,2512225;0,24670492
815,4884693;0,25544302
815,7257233;0,25795006
815,9629847;0,24667698
816,2002533;0,25227082
816,4375292;0,25534087
816,6748123;0,2557363
816,9121027;0,2454475
817,1494004;0,25432426
817,3867053;0,25761549
817,6240174;0,25599964
817,8613368;0,24643457
818,0986634;0,26084644
818,3359973;0,25501872
818,5733384;0,26774163
818,8106867;0,26091969
819,0480422;0,26682918
819,285405;0,25441181
819,5227749;0,25478512
819,7601521;0,2600712
819,9975365;0,25321982
820,234928;0,25992493
820,4723268;0,25233542
820,7097328;0,25719091
820,9471459;0,26894806
821,1845662;0,25605835
821,4219938;0,27098891
821,6594284;0,26423104
821,8968703;0,26560024
822,1343193;0,26529159
822,3717755;0,26565822
822,6092389;0,26139555
822,8467094;0,2669166
823,0841871;0,26752339
823,3216719;0,27038259
823,5591638;0,26731776
823,7966629;0,2621476
824,0341691;0,27257582
824,2716825;0,27569015
824,509203;0,26896417
824,7467306;0,2710691
824,9842653;0,26962787
825,2218072;0,27575599
825,4593561;0,27827838
825,6969122;0,27950054
825,9344754;0,26779377
826,1720456;0,27210655
826,409623;0,27334365
826,6472074;0,28533541
826,884799;0,28078635
827,1223976;0,27460798
827,3600033;0,2794412
827,5976161;0,28808453
827,8352359;0,27210701
828,0728628;0,27753968
828,3104968;0,26486207
828,5481378;0,27088602
828,7857859;0,27659788
829,0234411;0,28145223
829,2611032;0,27159638
829,4987725;0,2871121
829,7364487;0,28276074
829,974132;0,28303203
830,2118223;0,2840846
830,4495197;0,27945664
830,6872241;0,28509401
830,9249355;0,27713138
831,1626539;0,28190551
831,4003793;0,27922912
831,6381117;0,28564183
831,8758511;0,26856863
832,1135976;0,27084248
832,351351;0,27667055
832,5891114;0,27222514
832,8268788;0,28042215
833,0646531;0,27811089
833,3024345;0,28696446
833,5402228;0,277029
833,7780181;0,28197812
834,0158203;0,28088109
834,2536296;0,27976305
834,4914457;0,28199229
834,7292689;0,28349968
834,9670989;0,27925896
835,2049359;0,27968212
835,4427799;0,27492951
835,6806308;0,28409963
835,9184886;0,26996536
836,1563534;0,28173798
836,3942251;0,26774104
836,6321037;0,26902852
836,8699892;0,27478301
837,1078816;0,275048
837,345781;0,27898799
837,5836872;0,28049354
837,8216003;0,27661219
838,0595204;0,27223955
838,2974473;0,2751413
838,5353811;0,28052361
838,7733218;0,28099108
839,0112694;0,28605123
839,2492239;0,2669977
839,4871852;0,27842513
839,7251534;0,28249047
839,9631285;0,26962147
840,2011104;0,27689762
840,4390992;0,27818379
840,6770948;0,28104291
840,9150973;0,27670624
841,1531066;0,28210936
841,3911227;0,2712153
841,6291457;0,26110259
841,8671756;0,26279832
842,1052122;0,27815541
842,3432557;0,26928572
842,581306;0,2569052
842,8193631;0,2575419
843,057427;0,26026824
843,2954977;0,26255087
843,5335752;0,27091528
843,7716596;0,26825342
844,0097507;0,26583325
844,2478486;0,26367684
844,4859533;0,25925248
844,7240648;0,27033103
844,962183;0,27060792
845,2003081;0,26252167
845,4384399;0,26566483
845,6765784;0,26891874
845,9147238;0,26458308
846,1528759;0,25688339
846,3910347;0,26516141
846,6292003;0,26483993
846,8673726;0,25356438
847,1055517;0,25213825
847,3437375;0,25684101
847,5819301;0,26304825
847,8201294;0,25000323
848,0583354;0,25637113
848,2965481;0,25891598
848,5347676;0,25049301
848,7729937;0,25796535
849,0112266;0,24700481
849,2494662;0,25085142
849,4877124;0,25911367
849,7259654;0,24863601
849,9642251;0,25038366
850,2024914;0,25553018
850,4407645;0,25363731
850,6790442;0,2457255
850,9173306;0,25090944
851,1556237;0,24969591
851,3939234;0,2408562
851,6322298;0,2547627
851,8705429;0,24814576
852,1088626;0,23801118
852,347189;0,23761659
852,585522;0,24465138
852,8238616;0,24108243
853,0622079;0,24791886
853,3005609;0,24247165
853,5389205;0,24487104
853,7772867;0,23852279
854,0156595;0,24208414
854,2540389;0,24109729
854,492425;0,24384659
854,7308177;0,24223084
854,969217;0,23309059
855,2076229;0,23978832
855,4460353;0,23150281
855,6844544;0,23618984
855,9228801;0,23689151
856,1613124;0,23551747
856,3997512;0,2349336
856,6381966;0,23233022
856,8766486;0,23598571
857,1151072;0,22335762
857,3535723;0,24462846
857,592044;0,22637026
857,8305223;0,22847632
858,0690071;0,22456434
858,3074985;0,22558801
858,5459964;0,23161334
858,7845009;0,22068239
859,0230118;0,2336754
859,2615294;0,23129075
859,5000534;0,22840421
859,738584;0,22477721
859,9771211;0,22043343
860,2156648;0,2300198
860,4542149;0,21983323
860,6927716;0,21934404
860,9313347;0,21589272
861,1699044;0,21709179
861,4084806;0,21803471
861,6470632;0,21945287
861,8856524;0,21211985
862,124248;0,22190221
862,3628501;0,21418956
862,6014587;0,21857548
862,8400738;0,21954026
863,0786953;0,21849472
863,3173233;0,2150956
863,5559578;0,2258589
863,7945987;0,21299637
864,0332461;0,21339894
864,2718999;0,21507367
864,5105601;0,21492733
864,7492269;0,22074038
864,9879;0,21197294
865,2265796;0,21836304
865,4652656;0,21068603
865,703958;0,20505594
865,9426569;0,21173201
866,1813622;0,21261653
866,4200739;0,20961879
866,658792;0,21583418
866,8975165;0,21287924
867,1362474;0,21288673
867,3749847;0,20891713
867,6137283;0,20909937
867,8524784;0,20928237
868,0912349;0,20340345
868,3299977;0,20361508
868,568767;0,20520952
868,8075426;0,20299409
869,0463245;0,20060326
869,2851128;0,20341048
869,5239075;0,19754594
869,7627086;0,19344372
870,001516;0,19952115
870,2403297;0,19922779
870,4791498;0,20826573
870,7179762;0,19764822
870,956809;0,19708499
871,1956481;0,19968134
871,4344935;0,19863657
871,6733453;0,1947974
871,9122033;0,18790824
872,1510677;0,19096588
872,3899384;0,20473422
872,6288154;0,19427749
872,8676987;0,19109021
873,1065883;0,18429676
873,3454842;0,1933566
873,5843864;0,17924402
873,8232949;0,18548887
874,0622097;0,19336479
874,3011307;0,1920918
874,540058;0,18394639
874,7789916;0,19156536
875,0179315;0,18242528
875,2568776;0,19280779
875,49583;0,17635562
875,7347886;0,18575229
875,9737535;0,17538379
876,2127246;0,17898799
876,451702;0,19147071
876,6906856;0,17795656
876,9296754;0,18526222
877,1686715;0,17923769
877,4076738;0,18517363
877,6466823;0,18329488
877,8856971;0,18638115
878,124718;0,1770216
878,3637452;0,17747524
878,6027785;0,17985125
878,8418181;0,18534251
879,0808639;0,17350469
879,3199159;0,17945577
879,558974;0,17971931
879,7980383;0,18099899
880,0371089;0,17871087
880,2761856;0,17166203
880,5152684;0,17614399
880,7543575;0,16661567
880,9934527;0,1776497
881,2325541;0,17234912
881,4716616;0,17574908
881,7107753;0,17128875
881,9498951;0,17897367
882,1890211;0,17098826
882,4281532;0,17082087
882,6672914;0,16894172
882,9064358;0,17463086
883,1455863;0,17522222
883,384743;0,16720162
883,6239057;0,17804582
883,8630746;0,17134064
884,1022496;0,16848894
884,3414307;0,16457658
884,5806179;0,16878804
884,8198112;0,16851772
885,0590106;0,16854648
885,2982161;0,16421826
885,5374277;0,16894231
885,7766454;0,15538472
886,0158691;0,16624396
886,2550989;0,17555204
886,4943348;0,15626258
886,7335768;0,16843064
886,9728248;0,16632399
887,2120789;0,1673544
887,451339;0,17341701
887,6906052;0,16848805
887,9298775;0,16715772
888,1691558;0,16812977
888,4084401;0,15965507
888,6477304;0,16141046
888,8870268;0,16046746
889,1263293;0,16306276
889,3656377;0,16521312
889,6049522;0,16331862
889,8442726;0,16037904
890,0835991;0,16500091
890,3229316;0,16494084
890,5622701;0,15469719
890,8016146;0,15819213
891,0409651;0,15717041
891,2803216;0,1529142
891,5196841;0,16840017
891,7590525;0,1690872
891,9984269;0,15212428
892,2378074;0,15709556
892,4771937;0,15709616
892,7165861;0,15933287
892,9559844;0,1606352
893,1953886;0,15713208
893,4347989;0,15851477
893,674215;0,15823008
893,9136372;0,15673041
894,1530652;0,15876363
894,3924992;0,15115845
894,6319391;0,15651861
894,871385;0,14894969
895,1108368;0,15895344
895,3502945;0,14906771
895,5897581;0,1477298
895,8292277;0,14745136
896,0687031;0,14960877
896,3081845;0,15143636
896,5476717;0,15110021
896,7871649;0,15578047
897,0266639;0,14983533
897,2661689;0,15251909
897,5056797;0,15407626
897,7451964;0,15082226
897,984719;0,15531936
898,2242474;0,1456015
898,4637818;0,15281188
898,703322;0,14136844
898,942868;0,1454621
899,1824199;0,1407241
899,4219777;0,14257434
899,6615413;0,15044191
899,9011107;0,1427065
900,140686;0,15503417
900,3802672;0,14324718
900,6198541;0,14494423
900,8594469;0,14468009
901,0990455;0,14038802
901,33865;0,15025906
901,5782602;0,14306442
901,8178763;0,14577057
902,0574982;0,14184313
902,2971259;0,1364399
902,5367593;0,14135331
902,7763986;0,15095351
903,0160437;0,14758277
903,2556945;0,14729042
903,4953512;0,13555577
903,7350136;0,14654395
903,9746818;0,1506617
904,2143558;0,13992725
904,4540355;0,14360487
904,693721;0,14173375
904,9334122;0,14524307
905,1731093;0,14296211
905,412812;0,13279754
905,6525205;0,13913013
905,8922348;0,14477528
906,1319548;0,14367868
906,3716805;0,14257449
906,611412;0,14460013
906,8511492;0,13580288
907,0908921;0,13704697
907,3306407;0,13834784
907,5703951;0,13968681
907,8101551;0,1367389
908,0499209;0,1330759
908,2896923;0,14223716
908,5294695;0,14114188
908,7692524;0,14090694
909,0090409;0,14028607
909,2488352;0,14329167
909,4886351;0,15314143
909,7284407;0,14087078
909,9682519;0,14193875
910,2080689;0,14564541
910,4478915;0,14754658
910,6877198;0,13358781
910,9275537;0,13850115
911,1673933;0,13345543
911,4072385;0,13924689
911,6470894;0,14028513
911,8869459;0,14585786
912,1268081;0,13567212
912,3666759;0,1447244
912,6065493;0,1433574
912,8464283;0,14570388
913,086313;0,13802668
913,3262033;0,1346047
913,5660992;0,1410169
913,8060007;0,13821676
914,0459078;0,13230093
914,2858205;0,13979616
914,5257388;0,13559867
914,7656628;0,13978173
915,0055923;0,13568657
915,2455273;0,13407779
915,485468;0,13425234
915,7254142;0,14370083
915,965366;0,13487427
916,2053234;0,14514143
916,4452864;0,13633702
916,6852549;0,12715312
916,9252289;0,14021185
917,1652086;0,13145311
917,4051937;0,12762867
917,6451844;0,12902529
917,8851807;0,12623941
918,1251825;0,14090044
918,3651898;0,13932718
918,6052026;0,14048985
918,845221;0,13692932
919,0852449;0,13570871
919,3252743;0,13966402
919,5653092;0,13921855
919,8053496;0,13114502
920,0453956;0,13587668
920,285447;0,12942692
920,5255039;0,1318114
920,7655663;0,13634461
921,0056343;0,13610355
921,2457076;0,12930983
921,4857865;0,13450914
921,7258709;0,13343361
921,9659607;0,13687897
922,206056;0,13669598
922,4461567;0,13279076
922,6862629;0,13008476
922,9263746;0,13163667
923,1664917;0,13222816
923,4066142;0,13268183
923,6467422;0,13210416
923,8868757;0,13236681
924,1270145;0,13516718
924,3671589;0,13298124
924,6073086;0,12740166
924,8474637;0,13548853
925,0876243;0,13600845
925,3277903;0,12952225
925,5679617;0,1457187
925,8081385;0,13439224
926,0483207;0,12680948
926,2885083;0,12723284
926,5287013;0,13094156
926,7688997;0,1286966
927,0091035;0,12553002
927,2493127;0,12694104
927,4895272;0,12315361
927,7297471;0,12520048
927,9699724;0,1311168
928,210203;0,13596468
928,450439;0,12686778
928,6906804;0,13170064
928,9309271;0,12166948
929,1711792;0,13379985
929,4114366;0,12968309
929,6516994;0,13359635
929,8919675;0,12025066
930,1322409;0,12993205
930,3725197;0,12677294
930,6128037;0,12509877
930,8530932;0,12736542
931,0933879;0,12294818
931,3336879;0,11736249
931,5739933;0,12602013
931,8143039;0,12514996
932,0546199;0,12248805
932,2949411;0,12926604
932,5352676;0,12385562
932,7755995;0,12099635
933,0159366;0,12566191
933,256279;0,11878099
933,4966266;0,12482771
933,7369796;0,12177833
933,9773378;0,11978301
934,2177013;0,1270214
934,45807;0,12238586
934,698444;0,123058
934,9388232;0,11575396
935,1792077;0,11808665
935,4195975;0,12112922
935,6599925;0,12590951
935,9003927;0,11441618
936,1407981;0,12203535
936,3812088;0,11885397
936,6216247;0,11893488
936,8620458;0,11766231
937,1024721;0,12226098
937,3429037;0,13435523
937,5833404;0,12496016
937,8237824;0,11481045
938,0642295;0,12274433
938,3046819;0,11398431
938,5451394;0,12262014
938,7856022;0,11584928
939,0260701;0,12006006
939,2665432;0,12259695
939,5070214;0,11634645
939,7475049;0,11421909
939,9879935;0,12097498
940,2284872;0,12336585
940,4689862;0,11442365
940,7094902;0,11785243
940,9499995;0,11633199
941,1905139;0,11227322
941,4310334;0,1205282
941,671558;0,11462067
941,9120878;0,11657973
942,1526228;0,1132536
942,3931628;0,11776496
942,633708;0,11012318
942,8742583;0,11277773
943,1148137;0,11862772
943,3553742;0,11303473
943,5959398;0,10608771
943,8365106;0,11815964
944,0770864;0,11049661
944,3176673;0,11450303
944,5582533;0,10944455
944,7988444;0,10846371
945,0394406;0,11206863
945,2800418;0,10614624
945,5206481;0,10722087
945,7612595;0,12039719
946,001876;0,11354606
946,2424975;0,10598423
946,4831241;0,10875545
946,7237557;0,10698709
946,9643924;0,11511784
947,2050341;0,11212048
947,4456809;0,10325731
947,6863327;0,10166364
947,9269896;0,10763746
948,1676514;0,11715733
948,4083183;0,10415653
948,6489902;0,11837875
948,8896672;0,09638443
949,1303491;0,10102021
949,3710361;0,10812721
949,611728;0,1146719
949,852425;0,10262182
950,0931269;0,1050196
950,3338339;0,10379846
950,5745458;0,10139271
950,8152627;0,09114875
951,0559846;0,10520244
951,2967115;0,09457871
951,5374434;0,09861422
951,7781802;0,10265772
952,018922;0,1038646
952,2596687;0,09968919
952,5004204;0,10311832
952,741177;0,10723575
952,9819386;0,10104248
953,2227052;0,09361292
953,4634767;0,0966619
953,7042531;0,09437339
953,9450344;0,09693267
954,1858207;0,09696879
954,4266119;0,10834639
954,667408;0,0982127
954,908209;0,09625985
955,149015;0,09888488
955,3898258;0,10083731
955,6306416;0,10123186
955,8714623;0,09772273
956,1122878;0,09136103
956,3531182;0,10349171
956,5939536;0,09870202
956,8347938;0,09704929
957,0756389;0,09571075
957,3164888;0,09764165
957,5573437;0,09505464
957,7982034;0,09865065
958,0390679;0,09038138
958,2799374;0,09578451
958,5208116;0,0930351
958,7616908;0,09841012
959,0025747;0,09541889
959,2434635;0,09448271
959,4843572;0,09940429
959,7252557;0,09466549
959,966159;0,09197442
960,2070672;0,09560134
960,4479801;0,09450499
960,6888979;0,08967177
960,9298205;0,08102177
961,1707479;0,09535295
961,4116801;0,09419804
961,6526171;0,0861914
961,893559;0,08399013
962,1345056;0,08328868
962,375457;0,09234081
962,6164131;0,08745622
962,8573741;0,0881796
963,0983398;0,08484556
963,3393104;0,08421767
963,5802856;0,08517474
963,8212657;0,07319766
964,0622505;0,07909138
964,3032401;0,0881513
964,5442344;0,08328082
964,7852335;0,08385856
965,0262373;0,08679089
965,2672458;0,08566498
965,5082591;0,07973451
965,7492771;0,07896745
965,9902999;0,09038865
966,2313274;0,07999816
966,4723596;0,08158435
966,7133965;0,07283897
966,9544381;0,0815621
967,1954845;0,08655692
967,4365355;0,07766523
967,6775912;0,07401696
967,9186517;0,07517923
968,1597168;0,07107002
968,4007866;0,07863773
968,6418611;0,06956379
968,8829403;0,08903553
969,1240242;0,07533993
969,3651127;0,07293414
969,6062059;0,07327825
969,8473037;0,08206039
970,0884063;0,07864471
970,3295134;0,07320569
970,5706253;0,07517922
970,8117417;0,07623945
971,0528629;0,07274404
971,2939886;0,06982011
971,535119;0,0728535
971,776254;0,08461959
972,0173937;0,06596599
972,258538;0,07406104
972,4996868;0,07408269
972,7408404;0,07926677
972,9819985;0,07404601
973,2231612;0,07549386
973,4643285;0,06825495
973,7055005;0,06617121
973,946677;0,06671143
974,1878581;0,06739958
974,4290438;0,06262485
974,6702341;0,06754611
974,9114289;0,07251786
975,1526284;0,06860596
975,3938324;0,06557106
975,6350409;0,06486916
975,8762541;0,06637594
976,1174718;0,06645582
976,358694;0,06783866
976,5999208;0,06535228
976,8411522;0,0687662
977,082388;0,06829207
977,3236285;0,06992948
977,5648734;0,07052901
977,8061229;0,0676477
978,0473769;0,06193795
978,2886355;0,07328486
978,5298985;0,0627487
978,7711661;0,06505941
979,0124381;0,06342241
979,2537147;0,05312591
979,4949958;0,06723117
979,7362814;0,06159293
979,9775715;0,05983127
980,218866;0,05418677
980,4601651;0,06439361
980,7014686;0,06270427
980,9427766;0,0580402
981,1840891;0,05121759
981,425406;0,06100172
981,6667274;0,05385745
981,9080533;0,06177618
982,1493836;0,05299446
982,3907184;0,05697179
982,6320576;0,05436908
982,8734013;0,06052571
983,1147494;0,05855095
983,356102;0,07149414
983,597459;0,05795874
983,8388204;0,05983076
984,0801862;0,05685507
984,3215565;0,05925392
984,5629312;0,05597791
984,8043102;0,04823428
985,0456937;0,05061776
985,2870816;0,05701645
985,5284739;0,06540292
985,7698706;0,05080101
986,0112717;0,05171459
986,2526772;0,05125444
986,494087;0,04962379
986,7355013;0,0447103
986,9769199;0,04342312
987,2183429;0,04432231
987,4597702;0,05043567
987,7012019;0,04222396
987,942638;0,04499562
988,1840784;0,04517068
988,4255232;0,05183917
988,6669723;0,04226071
988,9084258;0,0443518
989,1498836;0,04594575
989,3913458;0,05039884
989,6328122;0,04467361
989,874283;0,04903889
990,1157582;0,0517291
990,3572376;0,05354284
990,5987214;0,04112688
990,8402094;0,04171917
991,0817018;0,05200722
991,3231985;0,04134642
991,5646995;0,03964241
991,8062047;0,0412512
992,0477143;0,05338254
992,2892281;0,04625272
992,5307463;0,04095125
992,7722687;0,04795649
993,0137953;0,05156139
993,2553263;0,04362069
993,4968615;0,03658673
993,738401;0,038758
993,9799447;0,05091788
994,2214927;0,04687443
994,463045;0,04085675
994,7046015;0,03790209
994,9461622;0,04654512
995,1877271;0,04410289
995,4292963;0,04289598
995,6708698;0,04156526
995,9124474;0,04699156
996,1540293;0,04328406
996,3956154;0,0352483
996,6372057;0,03887481
996,8788002;0,0490383
997,1203989;0,03707682
997,3620019;0,03716394
997,603609;0,04749563
997,8452203;0,03863355
998,0868358;0,03118296
998,3284555;0,0384003
998,5700793;0,04876034
998,8117074;0,03764633
999,0533396;0,03516013
999,294976;0,03283524
999,5366165;0,0373391
999,7782612;0,04199695
1000,01991;0,03663032
1000,261563;0,03678363
1000,50322;0,04525115
1000,744882;0,03503639
1000,986547;0,03284271
1001,228217;0,03217718
1001,46989;0,0448628
1001,711568;0,04119349
1001,95325;0,0347585
1002,194936;0,03608842
1002,436626;0,03855287
1002,678321;0,04044687
1002,920019;0,0369226
1003,161722;0,03248379
1003,403428;0,03053214
1003,645139;0,03762429
1003,886854;0,03263038
1004,128573;0,02331518
1004,370296;0,04027165
1004,612023;0,03595043
1004,853754;0,03146726
1005,095489;0,03028318
1005,337228;0,02980041
1005,578972;0,02676592
1005,820719;0,03003452
1006,062471;0,03224336
1006,304226;0,0276436
1006,545986;0,02384138
1006,787749;0,02150131
1007,029517;0,02905519
1007,271289;0,02966972
1007,513064;0,02363656
1007,754844;0,02583776
1007,996628;0,02979349
1008,238416;0,03532129
1008,480207;0,0240894
1008,722003;0,02899612
1008,963803;0,02386338
1009,205607;0,0313075
1009,447415;0,01878871
1009,689226;0,02814082
1009,931042;0,02107736
1010,172862;0,02666382
1010,414686;0,01666083
1010,656513;0,02128237
1010,898345;0,02862352
1011,140181;0,03233846
1011,38202;0,03690786
1011,623864;0,02035355
1011,865712;0,02245916
1012,107563;0,03124138
1012,349419;0,03026874
1012,591278;0,0252307
1012,833141;0,01764072
1013,075009;0,03185568
1013,31688;0,03244012
1013,558755;0,02967705
1013,800634;0,01786726
1014,042517;0,02698552
1014,284404;0,03714196
1014,526295;0,02305164
1014,768189;0,02534806
1015,010088;0,02939823
1015,251991;0,03084586
1015,493897;0,02714637
1015,735807;0,02061709
1015,977722;0,01644888
1016,21964;0,02090188
1016,461562;0,02295642
1016,703487;0,01326063
1016,945417;-0,03178119
1017,187351;-0,02968283
1017,429288;-0,03191277
1017,67123;-0,03031142
1017,913175;-0,03126198
1018,155124;-0,03096256
