194,16287968	0,00262038
194,36381481	-0,00478819
194,56476860	0,00224983
194,76574102	-0,00790261
194,96673208	-0,00334854
195,16774177	0,00756129
195,36877010	0,00194993
195,56981705	0,01533866
195,77088262	-0,00406009
195,97196681	0,00781429
196,17306961	0,01354839
196,37419103	-0,00495839
196,57533104	0,00378246
196,77648966	0,01113899
196,97766688	0,01873964
197,17886269	-0,00725074
197,38007709	-0,00566248
197,58131007	0,00243320
197,78256164	0,00507794
197,98383178	-0,00531116
198,18512050	0,00541080
198,38642778	0,01005939
198,58775363	0,00589701
198,78909804	-0,00254785
198,99046101	-0,00444045
199,19184253	0,02415640
199,39324259	0,00611137
199,59466121	0,00037667
199,79609836	-0,00665564
199,99755405	-0,00713943
200,19902827	0,00294380
200,40052102	-0,00349487
200,60203230	-0,01302403
200,80356209	0,01287786
201,00511040	0,01091621
201,20667723	-0,01011640
201,40826256	-0,00951084
201,60986639	-0,00155682
201,81148873	0,01254952
202,01312956	-0,00267799
202,21478888	0,01261809
202,41646669	0,01066887
202,61816298	-0,00606234
202,81987776	-0,00770753
203,02161101	-0,00368815
203,22336273	0,00095092
203,42513291	-0,00163247
203,62692157	-0,00101476
203,82872868	0,00104587
204,03055424	0,00209048
204,23239826	0,01182007
204,43426072	0,00581015
204,63614163	0,00283764
204,83804098	0,00558781
205,03995876	0,00331340
205,24189497	0,01483897
205,44384961	-0,00282532
205,64582267	0,01371675
205,84781415	0,02316857
206,04982405	-0,01219193
206,25185236	-0,00340109
206,45389907	0,02772228
206,65596418	0,01784237
206,85804770	-0,00931713
207,06014960	-0,00300741
207,26226990	0,00683778
207,46440859	-0,00510669
207,66656565	-0,00652105
207,86874110	0,00287354
208,07093492	0,00130372
208,27314711	0,00869384
208,47537766	-0,00366013
208,67762658	-0,00632080
208,87989385	0,00921236
209,08217948	0,00933579
209,28448346	0,01685412
209,48680579	-0,00942405
209,68914645	0,00845435
209,89150545	0,01792987
210,09388279	-0,00315345
210,29627846	0,00034856
210,49869245	0,00765474
210,70112476	0,00051141
210,90357539	-0,00442901
211,10604434	0,00812366
211,30853159	0,00121195
211,51103715	0,01303001
211,71356100	0,00988097
211,91610316	-0,01269099
212,11866361	0,01583847
212,32124235	0,00985386
212,52383937	-0,00975818
212,72645467	-0,00824244
212,92908825	0,01615487
213,13174010	-0,00351392
213,33441022	-0,00196216
213,53709861	-0,00002828
213,73980525	0,01004119
213,94253016	0,00796150
214,14527331	-0,00848255
214,34803471	0,00257882
214,55081436	0,00152779
214,75361225	0,00539336
214,95642837	-0,00420080
215,15926273	-0,00642194
215,36211531	0,00171568
215,56498612	0,00605772
215,76787514	-0,00133915
215,97078239	-0,00294962
216,17370784	0,01650319
216,37665150	0,01768896
216,57961337	0,00008959
216,78259344	0,00028800
216,98559170	0,00178017
217,18860815	-0,00368957
217,39164279	-0,00867741
217,59469561	0,00296713
217,79776661	-0,00063334
218,00085579	0,00767345
218,20396314	-0,00094494
218,40708866	-0,00482272
218,61023234	0,01296021
218,81339417	-0,00796231
219,01657417	0,00340745
219,21977231	-0,00874069
219,42298860	0,01558570
219,62622303	0,00541554
219,82947561	-0,00099887
220,03274631	-0,00682082
220,23603515	-0,00312573
220,43934211	-0,00205033
220,64266720	-0,00616891
220,84601040	-0,00914173
221,04937172	-0,00154465
221,25275115	0,00202099
221,45614869	-0,00876031
221,65956432	-0,00756103
221,86299806	0,00451847
222,06644989	-0,00344862
222,26991981	0,00358331
222,47340781	-0,00789070
222,67691390	-0,00243212
222,88043807	0,01211382
223,08398031	-0,00984540
223,28754061	-0,00736649
223,49111899	0,00862484
223,69471542	0,01039300
223,89832992	-0,01167343
224,10196246	0,00061705
224,30561306	0,00526969
224,50928170	0,00006876
224,71296838	0,00332601
224,91667310	-0,00328315
225,12039586	0,00708059
225,32413664	-0,00984637
225,52789545	-0,00574513
225,73167228	-0,00292474
225,93546712	0,00500670
226,13927998	0,00086360
226,34311085	-0,00307689
226,54695972	-0,01102777
226,75082659	0,01121490
226,95471146	-0,00768561
227,15861432	-0,00680246
227,36253517	-0,00402293
227,56647401	0,00254905
227,77043082	0,00019424
227,97440561	-0,01227217
228,17839838	-0,00775446
228,38240911	-0,00050537
228,58643780	0,00504779
228,79048446	-0,00295929
228,99454907	0,00186847
229,19863163	0,00408881
229,40273215	0,00554675
229,60685060	-0,00787271
229,81098700	-0,01127389
230,01514133	0,00193379
230,21931359	0,00410222
230,42350378	0,00096381
230,62771190	-0,00478670
230,83193793	0,00317349
231,03618188	0,00908952
231,24044374	-0,00703763
231,44472351	-0,00062827
231,64902118	0,00243263
231,85333675	0,00579298
232,05767022	0,00066393
232,26202157	-0,00569313
232,46639082	0,01862746
232,67077794	0,01540475
232,87518295	-0,00548675
233,07960583	0,00131497
233,28404658	0,00286234
233,48850520	0,01431124
233,69298168	-0,00874148
233,89747602	-0,01233147
234,10198822	0,00792578
234,30651826	0,00402939
234,51106615	0,00098769
234,71563188	-0,00655601
234,92021546	-0,00214488
235,12481686	0,00108180
235,32943610	-0,00336599
235,53407316	-0,00549851
235,73872805	0,00255562
235,94340075	0,00485884
236,14809126	-0,00293736
236,35279959	0,00073516
236,55752572	-0,00058215
236,76226966	0,00615760
236,96703139	-0,00159707
237,17181092	0,00368951
237,37660823	0,00092214
237,58142333	-0,00128618
237,78625621	0,00380806
237,99110687	-0,00290728
238,19597531	-0,00009887
238,40086151	0,00765462
238,60576548	0,02472664
238,81068721	0,00244397
239,01562669	0,00926556
239,22058393	0,00844288
239,42555892	-0,00609729
239,63055166	-0,01240867
239,83556213	0,00733309
240,04059034	0,00162700
240,24563628	0,00162242
240,45069996	0,00306677
240,65578136	0,00398892
240,86088047	0,01614932
241,06599731	-0,00206719
241,27113186	-0,00553995
241,47628411	0,01014668
241,68145407	0,01110989
241,88664173	-0,00299686
242,09184709	-0,00570508
242,29707014	0,00877197
242,50231087	0,00810773
242,70756930	0,00531148
242,91284540	-0,00975878
243,11813917	0,00554607
243,32345062	0,00793206
243,52877974	-0,00385923
243,73412652	-0,00557487
243,93949096	0,00896508
244,14487306	0,00310239
244,35027281	-0,00759618
244,55569020	-0,00399399
244,76112524	0,00751517
244,96657792	0,00717347
245,17204823	-0,00683197
245,37753618	-0,00231945
245,58304175	-0,00522934
245,78856495	-0,00156380
245,99410576	-0,00451685
246,19966419	-0,00169709
246,40524024	0,00173962
246,61083388	0,00662729
246,81644513	0,00178156
247,02207398	0,00001817
247,22772043	0,00031158
247,43338447	0,00991086
247,63906609	-0,00173885
247,84476529	-0,00759630
248,05048208	0,00187356
248,25621643	-0,00092322
248,46196836	0,00712631
248,66773786	-0,00720786
248,87352491	0,00280848
249,07932953	0,00147542
249,28515170	-0,00653853
249,49099142	-0,01105635
249,69684869	0,00850030
249,90272349	0,01230141
250,10861584	-0,00766694
250,31452572	-0,00756071
250,52045313	-0,00121689
250,72639807	0,01044554
250,93236052	-0,00220306
251,13834050	-0,00326010
251,34433799	0,00305573
251,55035299	0,01048069
251,75638549	0,00258575
251,96243550	-0,00165051
252,16850300	-0,00001163
252,37458800	-0,00302014
252,58069048	-0,00680317
252,78681045	0,00458794
252,99294790	0,01143343
253,19910283	-0,00042999
253,40527523	-0,01404694
253,61146511	-0,00773663
253,81767244	0,00780345
254,02389724	0,00199789
254,23013949	-0,00090414
254,43639920	0,00115156
254,64267635	0,01196238
254,84897095	-0,00267980
255,05528299	-0,00674947
255,26161247	0,01425107
255,46795938	0,00002583
255,67432372	0,00854258
255,88070548	0,00028781
256,08710466	-0,00991115
256,29352126	0,00314199
256,49995527	0,01545617
256,70640669	-0,00718405
256,91287552	-0,00242527
257,11936174	0,01236190
257,32586536	0,00095246
257,53238637	0,01554376
257,73892477	-0,00942336
257,94548055	0,00654038
258,15205371	-0,00008734
258,35864425	-0,00020955
258,56525216	-0,00958214
258,77187744	0,00707947
258,97852008	0,00928319
259,18518008	0,00665046
259,39185743	-0,01370111
259,59855214	0,00443583
259,80526419	0,00865351
260,01199359	-0,01006365
260,21874032	-0,00504548
260,42550440	0,00511583
260,63228580	-0,00391864
260,83908453	0,00319048
261,04590058	0,00259018
261,25273395	0,00086325
261,45958464	0,00688074
261,66645263	-0,00855281
261,87333793	-0,00553808
262,08024054	0,00445338
262,28716044	0,01106772
262,49409764	-0,00693218
262,70105213	-0,00695668
262,90802391	-0,00186908
263,11501296	0,00871857
263,32201930	-0,00672096
263,52904291	-0,00740845
263,73608379	0,00044679
263,94314194	0,00243314
264,15021734	-0,00709717
264,35731001	-0,00101008
264,56441993	0,00636255
264,77154710	-0,00233902
264,97869152	-0,00652025
265,18585317	-0,00021125
265,39303207	-0,00527612
265,60022820	0,00206806
265,80744155	-0,01022821
266,01467214	-0,00053293
266,22191994	0,00738031
266,42918497	0,00179265
266,63646720	-0,01152138
266,84376665	-0,00505184
267,05108330	0,00526513
267,25841715	0,00272151
267,46576819	-0,00985598
267,67313644	-0,00664963
267,88052187	0,00281560
268,08792448	0,00739782
268,29534428	-0,00310701
268,50278125	-0,00089248
268,71023540	-0,00061631
268,91770671	0,00093963
269,12519519	0,00914631
269,33270083	-0,00625044
269,54022362	0,00816630
269,74776357	0,01462246
269,95532067	-0,00717428
270,16289491	-0,00174480
270,37048629	-0,00172120
270,57809481	0,00388478
270,78572046	0,00361337
270,99336323	0,00001251
271,20102313	0,00115768
271,40870016	0,01081566
271,61639429	-0,00303084
271,82410554	-0,01013361
272,03183390	0,00017630
272,23957936	0,01644928
272,44734192	-0,00374728
272,65512157	0,00495828
272,86291832	-0,00441232
273,07073216	0,00490633
273,27856307	0,00215138
273,48641107	0,00010544
273,69427615	0,00603846
273,90215829	0,00269759
274,11005750	0,00072384
274,31797377	-0,00180921
274,52590711	0,01698385
274,73385750	0,00796784
274,94182494	0,00240320
275,14980942	-0,00338357
275,35781095	0,00919989
275,56582952	0,00604571
275,77386512	0,00112798
275,98191776	-0,00107413
276,18998742	0,00206747
276,39807410	0,00868419
276,60617780	-0,00553949
276,81429851	0,00157523
277,02243624	0,00838363
277,23059097	0,00301336
277,43876271	0,00205111
277,64695144	-0,00884704
277,85515716	-0,00227894
278,06337988	0,00987139
278,27161958	-0,00227772
278,47987627	-0,00574508
278,68814993	-0,00259586
278,89644057	0,00088709
279,10474817	0,00463587
279,31307275	-0,01039889
279,52141428	0,00844809
279,72977277	0,00027039
279,93814821	-0,01211408
280,14654061	-0,00589142
280,35494995	0,01281370
280,56337623	-0,00331941
280,77181945	-0,00508621
280,98027960	-0,00993485
281,18875668	0,00902423
281,39725068	0,01106252
281,60576161	-0,00366635
281,81428946	-0,00371166
282,02283421	0,00371908
282,23139588	0,00425441
282,43997445	0,00351903
282,64856992	-0,00383664
282,85718229	0,02053279
283,06581155	0,01090457
283,27445770	-0,00344849
283,48312073	0,00323083
283,69180065	0,00822516
283,90049744	0,00723885
284,10921110	0,00006496
284,31794163	0,00420154
284,52668903	0,00818999
284,73545328	0,00215648
284,94423439	-0,00360544
285,15303236	-0,00803721
285,36184717	0,01004654
285,57067883	0,00793096
285,77952732	-0,00348542
285,98839265	-0,00687347
286,19727482	-0,00005917
286,40617381	0,01198443
286,61508962	0,01210748
286,82402226	-0,00482312
287,03297171	0,00797283
287,24193797	0,00378396
287,45092104	-0,00666736
287,65992091	-0,00502759
287,86893758	0,00461302
288,07797105	0,00875454
288,28702131	0,01053946
288,49608835	-0,00750987
288,70517218	0,01356629
288,91427279	0,00576355
289,12339017	-0,00049864
289,33252432	-0,00177972
289,54167524	-0,00277941
289,75084293	-0,00666689
289,96002737	-0,00378885
290,16922856	-0,00500551
290,37844651	0,00380733
290,58768120	-0,00206838
290,79693264	0,00147513
291,00620081	0,00316779
291,21548572	0,01181604
291,42478736	0,00900101
291,63410573	0,00536461
291,84344081	-0,00976507
292,05279262	0,01445795
292,26216114	-0,00000631
292,47154637	-0,00545374
292,68094831	-0,00869503
292,89036694	0,00348408
293,09980228	0,00691483
293,30925431	0,00612129
293,51872303	0,00842960
293,72820843	0,00615166
293,93771052	0,01049896
294,14722928	0,00549299
294,35676472	0,00310145
294,56631682	-0,00249828
294,77588560	-0,00632742
294,98547103	-0,00065741
295,19507312	0,00741440
295,40469186	-0,00532939
295,61432726	0,00952374
295,82397929	0,00269205
296,03364797	-0,00493594
296,24333329	0,00470627
296,45303524	0,01324715
296,66275381	0,00883621
296,87248902	-0,00112712
297,08224084	0,01942777
297,29200928	0,00212150
297,50179433	0,00410679
297,71159599	-0,00175593
297,92141426	-0,01096882
298,13124912	0,00578161
298,34110059	0,00350283
298,55096864	-0,00404121
298,76085328	0,01886971
298,97075451	0,01157928
299,18067232	0,00098733
299,39060670	0,00037098
299,60055766	0,00287894
299,81052518	0,00475905
300,02050927	-0,00345332
300,23050991	-0,00423611
300,44052712	0,00871330
300,65056087	0,00089271
300,86061117	-0,00182726
301,07067802	-0,00609243
301,28076140	-0,00701446
301,49086133	0,01322998
301,70097778	0,00250847
301,91111076	-0,01174300
302,12126026	0,00316122
302,33142628	0,00083938
302,54160882	-0,00019236
302,75180787	-0,00200824
302,96202342	-0,00155778
303,17225548	0,00151051
303,38250404	-0,00406540
303,59276909	-0,00744322
303,80305064	0,00914229
304,01334867	0,00458815
304,22366318	-0,00314283
304,43399417	0,00371868
304,64434164	0,00747312
304,85470557	0,00824831
305,06508598	-0,00454793
305,27548284	-0,00189676
305,48589617	0,01298978
305,69632594	0,00368406
305,90677217	0,01144966
306,11723485	0,00419337
306,32771396	0,00276134
306,53820952	0,00672737
306,74872151	-0,00756077
306,95924993	-0,00336490
307,16979477	0,01123788
307,38035604	0,00482991
307,59093372	0,00181515
307,80152782	-0,00109180
308,01213833	0,00048287
308,22276524	-0,00704391
308,43340856	-0,00498897
308,64406827	-0,00204458
308,85474438	-0,00076431
309,06543687	0,00878330
309,27614575	-0,00143346
309,48687102	-0,00323127
309,69761266	0,00967667
309,90837067	0,00139209
310,11914505	0,00330840
310,32993580	-0,00507007
310,54074290	-0,00137396
310,75156637	0,00437646
310,96240618	-0,00249599
311,17326235	-0,00871319
311,38413486	-0,00790078
311,59502371	0,00769022
311,80592890	-0,00354292
312,01685042	-0,00403510
312,22778827	0,00280238
312,43874244	-0,00380124
312,64971294	-0,00407774
312,86069975	-0,01351267
313,07170287	0,01083952
313,28272230	0,00615650
313,49375804	-0,00103275
313,70481007	-0,00294286
313,91587840	0,00852553
314,12696302	0,00786696
314,33806394	0,00453576
314,54918113	0,00088247
314,76031460	0,01051696
314,97146435	0,00182033
315,18263038	-0,00820198
315,39381267	-0,00192590
315,60501122	0,00370319
315,81622603	0,01054625
316,02745710	-0,00115637
316,23870442	0,00206934
316,44996799	0,01523347
316,66124780	-0,00166379
316,87254384	0,00003006
317,08385613	0,00008934
317,29518464	-0,00113390
317,50652939	0,00727339
317,71789035	0,00275042
317,92926754	-0,00952353
318,14066094	0,02099531
318,35207055	0,00531157
318,56349636	0,00692511
318,77493838	-0,00083949
318,98639660	0,00000623
319,19787101	0,00862499
319,40936162	0,00304857
319,62086841	-0,00305998
319,83239138	0,00045873
320,04393053	0,00219177
320,25548585	0,00147451
320,46705735	-0,00465846
320,67864501	0,00387234
320,89024883	0,00958178
321,10186881	0,00592240
321,31350495	-0,00346577
321,52515723	-0,00163355
321,73682566	0,00571621
321,94851023	-0,00026838
322,16021094	0,00216296
322,37192779	-0,00920073
322,58366076	-0,00733217
322,79540986	-0,00448311
323,00717508	0,00139361
323,21895642	0,00187310
323,43075387	-0,00027456
323,64256743	-0,00281010
323,85439710	0,00460599
324,06624286	0,00238486
324,27810473	0,00102189
324,48998269	0,00584620
324,70187673	0,00272617
324,91378686	0,00603263
325,12571308	-0,00097491
325,33765537	-0,00578688
325,54961373	-0,01157969
325,76158816	0,00916555
325,97357865	-0,00341402
326,18558521	-0,00443586
326,39760782	-0,00740116
326,60964649	-0,00250352
326,82170120	-0,00140942
327,03377196	0,01192658
327,24585876	0,00300287
327,45796159	-0,00287941
327,67008046	0,00265552
327,88221536	-0,00688440
328,09436627	-0,00003892
328,30653321	0,01088089
328,51871617	0,00196749
328,73091514	-0,00750218
328,94313011	-0,00666214
329,15536109	0,01314783
329,36760807	0,00575799
329,57987104	0,01236002
329,79215001	-0,00920584
330,00444496	0,00302471
330,21675590	0,00579340
330,42908281	-0,00011761
330,64142570	0,00246869
330,85378457	0,00157023
331,06615940	-0,00082183
331,27855019	-0,00659291
331,49095694	0,00834759
331,70337965	0,01026481
331,91581831	0,00976356
332,12827292	0,00180909
332,34074346	-0,00086223
332,55322995	0,00711509
332,76573237	0,00508313
332,97825073	-0,00528460
333,19078501	-0,00515897
333,40333521	0,00984684
333,61590133	-0,00096335
333,82848337	-0,00423087
334,04108131	0,00557547
334,25369516	0,00463579
334,46632492	0,01554447
334,67897057	-0,00164443
334,89163212	0,00898366
335,10430956	0,00545240
335,31700288	-0,00156866
335,52971208	0,01313048
335,74243717	-0,00337805
335,95517813	0,00348352
336,16793495	0,00118740
336,38070765	-0,00163842
336,59349620	-0,00483533
336,80630061	-0,00077516
337,01912088	-0,00146266
337,23195699	-0,00942221
337,44480895	-0,00505874
337,65767676	0,00556351
337,87056040	-0,00346134
338,08345987	-0,00137355
338,29637517	-0,00819489
338,50930630	0,00279148
338,72225325	0,01223121
338,93521602	-0,00651598
339,14819459	-0,00159762
339,36118898	-0,00979335
339,57419918	0,00289671
339,78722517	-0,00631551
340,00026696	-0,00815501
340,21332454	-0,00452486
340,42639792	0,01311203
340,63948707	-0,00122577
340,85259201	-0,00326033
341,06571272	0,00305563
341,27884921	0,00178562
341,49200146	-0,00512970
341,70516948	-0,00066912
341,91835326	0,00173961
342,13155280	-0,00443064
342,34476809	-0,00477540
342,55799912	-0,00425815
342,77124590	0,01052776
342,98450842	0,01507483
343,19778668	0,00495250
343,41108066	-0,00515290
343,62439038	0,00262177
343,83771582	-0,00944747
344,05105698	-0,00059934
344,26441385	-0,01120945
344,47778644	-0,00317967
344,69117473	-0,00569327
344,90457873	0,00310345
345,11799842	-0,00459939
345,33143382	-0,00417067
345,54488490	0,01425304
345,75835167	-0,00354203
345,97183412	0,00062432
346,18533225	0,00110499
346,39884606	0,00477072
346,61237554	-0,00125623
346,82592069	-0,00068705
347,03948149	0,00393098
347,25305796	0,00359011
347,46665008	-0,00306679
347,68025786	-0,00581003
347,89388127	0,01035262
348,10752034	0,00964640
348,32117504	-0,00409419
348,53484537	0,00943530
348,74853134	-0,00240846
348,96223293	0,00104009
349,17595014	0,00102807
349,38968297	-0,00103912
349,60343142	-0,00021131
349,81719548	0,00878227
350,03097514	0,01033368
350,24477040	-0,00157403
350,45858126	0,00113353
350,67240772	-0,00021237
350,88624977	-0,00202571
351,10010740	0,00412471
351,31398061	-0,00061491
351,52786940	0,01135092
351,74177377	0,00287905
351,95569370	-0,00541640
352,16962920	-0,00521247
352,38358026	0,01097510
352,59754688	-0,00345976
352,81152905	0,00272124
353,02552677	-0,00159154
353,23954004	0,01313085
353,45356884	0,00062947
353,66761319	0,00237848
353,88167307	0,01545719
354,09574847	0,00684375
354,30983940	0,00337375
354,52394585	0,00091123
354,73806782	0,00652267
354,95220530	0,00098550
355,16635829	0,00524759
355,38052679	-0,00406596
355,59471078	0,00201521
355,80891027	0,00480493
356,02312526	-0,00130451
356,23735573	0,00312563
356,45160169	0,00502384
356,66586312	0,00463030
356,88014004	0,05876430
357,09443242	0,00138635
357,30874027	-0,00181661
357,52306359	-0,00016478
357,73740237	0,00258435
357,95175660	-0,00210222
358,16612628	0,00045128
358,38051142	-0,00420717
358,59491199	-0,00182490
358,80932801	0,00900666
359,02375946	0,00265112
359,23820634	0,00410737
359,45266865	-0,00061146
359,66714638	-0,00507104
359,88163954	-0,00026991
360,09614811	0,00519406
360,31067209	0,01341377
360,52521147	0,00501191
360,73976626	0,00690327
360,95433645	0,00881294
361,16892203	0,00099810
361,38352301	-0,00236084
361,59813937	0,00246221
361,81277111	0,00457732
362,02741824	-0,00353623
362,24208074	-0,00968177
362,45675860	0,00843708
362,67145184	0,01053369
362,88616044	-0,00187353
363,10088439	-0,00455319
363,31562370	-0,00075785
363,53037836	0,00458810
363,74514837	-0,00112254
363,95993372	-0,00161530
364,17473441	-0,00162665
364,38955043	0,00135237
364,60438178	0,00011523
364,81922846	0,00498939
365,03409046	0,01738441
365,24896778	0,00078811
365,46386041	-0,00440589
365,67876835	-0,00223857
365,89369159	-0,00263105
366,10863014	0,00262101
366,32358399	0,00881244
366,53855313	-0,00285487
366,75353756	-0,00380803
366,96853727	-0,00033519
367,18355227	-0,00404711
367,39858254	-0,00874199
367,61362809	0,01079815
367,82868890	0,00862489
368,04376498	-0,00314942
368,25885632	-0,00112644
368,47396292	0,00280265
368,68908477	0,00678101
368,90422187	0,00327891
369,11937422	0,00121682
369,33454180	0,00662739
369,54972463	0,00194916
369,76492268	0,01457035
369,98013597	-0,00057452
370,19536448	-0,00455936
370,41060820	0,01076301
370,62586715	0,01339468
370,84114131	-0,00493980
371,05643067	0,00151784
371,27173524	0,01005238
371,48705501	0,00259160
371,70238998	-0,00487593
371,91774014	0,01619555
372,13310548	-0,00012987
372,34848602	0,00414340
372,56388173	0,00992290
372,77929261	0,00059905
372,99471867	-0,00177364
373,21015989	0,00841923
373,42561628	-0,00069222
373,64108783	0,00617540
373,85657454	-0,00461649
374,07207639	0,00236258
374,28759340	-0,00519451
374,50312554	0,01550885
374,71867283	0,00766614
374,93423525	0,00472426
375,14981280	0,00161127
375,36540548	0,00367762
375,58101328	-0,00101566
375,79663621	0,00004208
376,01227424	0,00173287
376,22792739	0,00993553
376,44359564	0,01533885
376,65927900	0,00193358
376,87497746	0,00136891
377,09069101	0,01386393
377,30641965	0,00206228
377,52216337	0,00141093
377,73792218	-0,00046954
377,95369607	0,00376681
378,16948503	0,00494177
378,38528907	0,00235640
378,60110817	0,00662765
378,81694233	0,00149902
379,03279155	0,00294337
379,24865582	0,01056907
379,46453514	0,00565870
379,68042951	-0,00399425
379,89633893	-0,00009998
380,11226337	0,00353144
380,32820286	0,00302645
380,54415737	-0,00062362
380,76012691	0,00645710
380,97611147	0,00432261
381,19211105	-0,00096341
381,40812564	0,00054613
381,62415524	-0,00086975
381,84019984	0,00738462
382,05625945	-0,00106887
382,27233405	0,00111704
382,48842365	0,00388857
382,70452824	-0,00103973
382,92064781	0,00619187
383,13678236	0,00565788
383,35293189	0,00383033
383,56909639	-0,00044041
383,78527586	0,00509330
384,00147030	0,00932917
384,21767970	0,01253038
384,43390405	0,00430146
384,65014336	0,01264329
384,86639761	0,00461793
385,08266681	0,00744461
385,29895095	0,00446030
385,51525002	0,00414221
385,73156403	0,00899990
385,94789297	-0,00060584
386,16423683	0,01186670
386,38059561	0,00393060
386,59696931	0,01554483
386,81335791	0,00108729
387,02976143	0,00598123
387,24617985	0,00055851
387,46261317	0,00585161
387,67906139	0,00918869
387,89552449	-0,00137939
388,11200249	0,00356159
388,32849537	0,00198003
388,54500313	-0,00007035
388,76152576	0,00956558
388,97806327	-0,00552777
389,19461564	0,01248529
389,41118288	0,01909688
389,62776497	0,00517033
389,84436192	0,00498738
390,06097372	0,00324886
390,27760037	-0,00094604
390,49424186	-0,00544025
390,71089819	0,00199291
390,92756936	0,00140522
391,14425536	0,01042821
391,36095618	0,00425440
391,57767182	-0,00391888
391,79440229	0,01610922
392,01114757	-0,00454056
392,22790766	-0,00536991
392,44468255	0,00441213
392,66147225	0,00735649
392,87827675	0,00496503
393,09509604	0,01031708
393,31193012	0,00071676
393,52877899	0,00474193
393,74564264	-0,00152056
393,96252107	-0,00339420
394,17941427	0,00598124
394,39632224	-0,00665050
394,61324498	0,00969425
394,83018248	0,00162760
395,04713474	0,00435973
395,26410175	0,00200948
395,48108351	0,00488294
395,69808001	0,00646200
395,91509126	0,00600341
396,13211725	0,00911239
396,34915796	0,00649198
396,56621341	0,00292673
396,78328359	0,01272385
397,00036848	0,00347957
397,21746809	0,00715667
397,43458242	0,00206294
397,65171145	0,00171582
397,86885519	0,00116354
398,08601363	0,01953899
398,30318677	0,00413175
398,52037460	-0,00349005
398,73757711	0,00814838
398,95479432	0,00808401
399,17202620	0,00140454
399,38927276	0,00450663
399,60653400	0,00540419
399,82380990	0,00297303
400,04110046	-0,00085146
400,25840569	0,00268501
400,47572557	-0,00333116
400,69306011	0,01395805
400,91040929	0,01842779
401,12777312	0,00341442
401,34515158	0,00550487
401,56254469	0,00779123
401,77995242	0,00380662
401,99737478	0,01246799
402,21481177	0,01015691
402,43226338	0,00148098
402,64972960	0,00195777
402,86721043	0,00578759
403,08470588	0,00631678
403,30221592	0,00616409
403,51974057	0,00113403
403,73727981	0,00460666
403,95483364	-0,00086347
404,17240206	0,00698506
404,38998506	0,00037724
404,60758264	0,00360815
404,82519479	0,00562330
405,04282152	0,00378394
405,26046282	0,01699495
405,47811867	0,01092232
405,69578909	0,01180930
405,91347406	0,01433449
406,13117358	0,00850723
406,34888765	0,00147536
406,56661626	0,00306693
406,78435941	0,00991744
407,00211710	0,00053526
407,21988931	0,01032151
407,43767605	0,01021058
407,65547732	-0,00126264
407,87329310	0,00008342
408,09112340	0,01504567
408,30896820	0,00951628
408,52682751	0,00720910
408,74470133	0,00319709
408,96258964	0,00809607
409,18049245	0,00902526
409,39840974	0,00571074
409,61634153	0,00653329
409,83428779	0,00523574
410,05224853	0,01007585
410,27022375	0,00936883
410,48821343	0,01752365
410,70621758	0,01053948
410,92423620	0,00139367
411,14226927	0,01253180
411,36031679	0,00733779
411,57837876	0,01183121
411,79645518	0,00840113
412,01454604	0,00582902
412,23265133	0,01414085
412,45077106	0,01812339
412,66890522	0,01187304
412,88705380	0,01179710
413,10521681	0,00467625
413,32339423	0,00993316
413,54158606	0,00471725
413,75979230	0,01671353
413,97801295	0,01169553
414,19624800	0,01404126
414,41449744	0,00804827
414,63276128	0,00927772
414,85103950	0,01176679
415,06933211	0,01415236
415,28763910	0,01718312
415,50596047	0,01597238
415,72429620	0,01087488
415,94264631	0,01336569
416,16101078	0,01675992
416,37938961	0,00645601
416,59778280	0,00746643
416,81619033	0,02235381
417,03461222	0,01395358
417,25304845	0,00266201
417,47149902	0,00526986
417,68996392	0,01357584
417,90844316	0,00878937
418,12693673	0,00812980
418,34544461	0,01188476
418,56396682	0,00785527
418,78250334	0,00351516
419,00105418	0,00818993
419,21961932	0,02879166
419,43819876	0,01930978
419,65679251	0,01364663
419,87540054	0,01488084
420,09402287	0,01770528
420,31265949	0,00425980
420,53131039	0,01589176
420,74997557	0,00683262
420,96865502	0,02102494
421,18734874	0,01306661
421,40605674	0,00934632
421,62477899	0,01337192
421,84351550	0,01942759
422,06226627	0,01050447
422,28103128	0,00623312
422,49981055	0,01441458
422,71860405	0,00979209
422,93741179	0,00825399
423,15623377	0,01270727
423,37506998	0,00884684
423,59392041	0,00629798
423,81278507	0,01325863
424,03166394	0,02458500
424,25055703	0,01042154
424,46946433	0,00615733
424,68838583	0,01800023
424,90732154	0,01750620
425,12627144	0,02563680
425,34523554	0,00904787
425,56421382	0,01631977
425,78320629	0,00880740
426,00221295	0,01277813
426,22123378	0,00828311
426,44026878	0,00845987
426,65931795	0,02313937
426,87838129	0,01429245
427,09745879	0,02167000
427,31655045	0,00819672
427,53565626	0,01410374
427,75477621	0,01404616
427,97391032	0,01098614
428,19305856	0,01142701
428,41222094	0,01024451
428,63139746	0,01209004
428,85058810	0,01079244
429,06979287	0,00123509
429,28901175	0,01964553
429,50824476	0,01918622
429,72749187	0,01240682
429,94675310	0,01272021
430,16602843	0,01508063
430,38531786	0,01812949
430,60462138	0,01167714
430,82393900	0,01561517
431,04327071	0,01366470
431,26261649	0,01492617
431,48197636	0,00926467
431,70135031	0,01877579
431,92073833	0,01770648
432,14014041	0,01513236
432,35955656	0,01468537
432,57898677	0,01508555
432,79843103	0,01583198
433,01788935	0,01792920
433,23736171	0,01845077
433,45684812	0,01618021
433,67634857	0,01560246
433,89586305	0,01586831
434,11539156	0,02305260
434,33493410	0,01882810
434,55449066	0,01768220
434,77406125	0,01526193
434,99364584	0,01021995
435,21324445	0,00996927
435,43285707	0,00899415
435,65248368	0,01204989
435,87212430	0,01455095
436,09177891	0,02062530
436,31144752	0,03808591
436,53113010	0,02620116
436,75082668	0,02211808
436,97053723	0,01973214
437,19026175	0,01738823
437,41000024	0,01052737
437,62975270	0,02049624
437,84951913	0,01926392
438,06929951	0,01197813
438,28909385	0,01416906
438,50890213	0,00727139
438,72872436	0,03093550
438,94856054	0,01782883
439,16841065	0,01780072
439,38827469	0,01942175
439,60815267	0,01585127
439,82804457	0,02331610
440,04795039	0,01556058
440,26787013	0,01804011
440,48780379	0,02411997
440,70775135	0,01753683
440,92771282	0,02420320
441,14768819	0,02383999
441,36767746	0,02526042
441,58768062	0,01929179
441,80769767	0,02192964
442,02772860	0,02030137
442,24777342	0,02522045
442,46783211	0,01639004
442,68790468	0,01668352
442,90799111	0,02129613
443,12809141	0,02145957
443,34820557	0,02238233
443,56833359	0,02425680
443,78847546	0,02289304
444,00863118	0,02758611
444,22880074	0,02172417
444,44898415	0,02792205
444,66918139	0,02131223
444,88939246	0,02423880
445,10961736	0,02042066
445,32985609	0,02697621
445,55010863	0,02008611
445,77037499	0,02361746
445,99065517	0,01955618
446,21094915	0,02695900
446,43125693	0,02613123
446,65157852	0,02478459
446,87191390	0,02670575
447,09226307	0,02731659
447,31262604	0,02720551
447,53300278	0,02248705
447,75339331	0,01620123
447,97379760	0,02493134
448,19421568	0,02506069
448,41464752	0,02380392
448,63509312	0,02091282
448,85555248	0,02470405
449,07602560	0,02371146
449,29651246	0,02548544
449,51701308	0,02898374
449,73752744	0,02364429
449,95805553	0,02261741
450,17859737	0,02610139
450,39915293	0,02464967
450,61972222	0,02774000
450,84030523	0,02369809
451,06090197	0,02629457
451,28151241	0,01900953
451,50213657	0,02481441
451,72277443	0,02088446
451,94342600	0,02576654
452,16409126	0,01906171
452,38477022	0,03272745
452,60546287	0,01493422
452,82616921	0,02588832
453,04688922	0,03169347
453,26762292	0,02884024
453,48837029	0,01801647
453,70913133	0,01134304
453,92990604	0,02621336
454,15069440	0,02257569
454,37149643	0,02188856
454,59231211	0,02781688
454,81314144	0,02867277
455,03398441	0,02155997
455,25484103	0,01363420
455,47571128	0,02487402
455,69659517	0,02056923
455,91749269	0,01750104
456,13840383	0,02454352
456,35932859	0,02785163
456,58026698	0,02324589
456,80121897	0,02114217
457,02218457	0,03049625
457,24316378	0,01771031
457,46415659	0,02338130
457,68516300	0,02502530
457,90618300	0,01718803
458,12721659	0,03347312
458,34826376	0,01911563
458,56932451	0,02372061
458,79039884	0,02321067
459,01148675	0,02532599
459,23258822	0,02469683
459,45370325	0,02718860
459,67483185	0,03105420
459,89597400	0,03045441
460,11712971	0,02372110
460,33829896	0,01902171
460,55948176	0,02030227
460,78067810	0,01715364
461,00188797	0,02500196
461,22311138	0,02090228
461,44434831	0,02390960
461,66559877	0,03160533
461,88686275	0,02122394
462,10814024	0,01798160
462,32943125	0,03824293
462,55073576	0,02678312
462,77205378	0,01987908
462,99338530	0,02209985
463,21473031	0,02308707
463,43608881	0,02161322
463,65746080	0,02676402
463,87884628	0,02665458
464,10024523	0,02083093
464,32165766	0,03516087
464,54308356	0,02896188
464,76452293	0,02806304
464,98597576	0,03030666
465,20744205	0,02433793
465,42892179	0,02239202
465,65041498	0,02347523
465,87192163	0,03115860
466,09344171	0,03094211
466,31497523	0,03860257
466,53652219	0,03007867
466,75808258	0,03231753
466,97965639	0,03323252
467,20124363	0,02684685
467,42284429	0,03185223
467,64445836	0,02600686
467,86608584	0,02743426
468,08772672	0,03129421
468,30938101	0,03420864
468,53104870	0,03590612
468,75272978	0,03994174
468,97442425	0,03772711
469,19613211	0,02148916
469,41785334	0,03228181
469,63958796	0,03007746
469,86133595	0,04062407
470,08309731	0,04034626
470,30487204	0,03558829
470,52666012	0,03339203
470,74846157	0,03931340
470,97027636	0,03753410
471,19210451	0,03995973
471,41394600	0,03988328
471,63580084	0,03444925
471,85766901	0,02839250
472,07955051	0,04508763
472,30144535	0,04106402
472,52335351	0,03801519
472,74527499	0,03839014
472,96720978	0,03470181
473,18915789	0,03709851
473,41111931	0,03854355
473,63309403	0,04163356
473,85508206	0,04542809
474,07708338	0,03781504
474,29909799	0,04397171
474,52112589	0,03445450
474,74316707	0,04264986
474,96522154	0,04981172
475,18728928	0,04183359
475,40937030	0,04661071
475,63146458	0,04221474
475,85357213	0,04138686
476,07569294	0,03889559
476,29782700	0,03800285
476,51997431	0,04197936
476,74213488	0,04006978
476,96430868	0,04613434
477,18649573	0,04565860
477,40869601	0,03865582
477,63090953	0,04297371
477,85313627	0,03937915
478,07537624	0,03883828
478,29762942	0,03924934
478,51989582	0,05298282
478,74217543	0,03788590
478,96446825	0,04695123
479,18677427	0,05077622
479,40909350	0,05059906
479,63142591	0,04670270
479,85377152	0,04569962
480,07613032	0,04017586
480,29850229	0,04289906
480,52088745	0,04184549
480,74328578	0,05127431
480,96569729	0,04714485
481,18812196	0,04574735
481,41055979	0,04521835
481,63301078	0,04993050
481,85547492	0,03943595
482,07795222	0,04390632
482,30044266	0,04257377
482,52294625	0,04292667
482,74546297	0,04928270
482,96799283	0,04410113
483,19053581	0,04202131
483,41309193	0,04334905
483,63566116	0,04207318
483,85824352	0,05556347
484,08083899	0,04682784
484,30344756	0,04619169
484,52606925	0,04256776
484,74870403	0,05095668
484,97135192	0,04290173
485,19401289	0,04068777
485,41668696	0,04718034
485,63937411	0,03966676
485,86207435	0,04105223
486,08478766	0,05018160
486,30751404	0,04156926
486,53025350	0,04110497
486,75300601	0,04168692
486,97577160	0,04559853
487,19855023	0,03664024
487,42134192	0,04672650
487,64414666	0,04301971
487,86696445	0,04276692
488,08979527	0,04592299
488,31263914	0,04729263
488,53549603	0,04057478
488,75836596	0,03993989
488,98124891	0,03980789
489,20414487	0,04214525
489,42705386	0,04361266
489,64997586	0,03967608
489,87291087	0,04531202
490,09585888	0,04600436
490,31881989	0,04518161
490,54179390	0,05974099
490,76478090	0,04370718
490,98778089	0,04056998
491,21079386	0,04063464
491,43381981	0,04487775
491,65685874	0,04540553
491,87991064	0,04088809
492,10297551	0,04535192
492,32605334	0,05176630
492,54914413	0,04750379
492,77224788	0,04289598
492,99536458	0,03577159
493,21849423	0,04087585
493,44163682	0,05202582
493,66479235	0,04071706
493,88796081	0,04943490
494,11114221	0,04705059
494,33433654	0,04224487
494,55754378	0,05108566
494,78076395	0,05270220
495,00399703	0,04789594
495,22724302	0,05502145
495,45050192	0,04954105
495,67377373	0,04394311
495,89705843	0,04887074
496,12035602	0,05384715
496,34366651	0,04539845
496,56698988	0,05183281
496,79032614	0,04184545
497,01367528	0,04360171
497,23703729	0,05122724
497,46041217	0,05558209
497,68379991	0,06002144
497,90720052	0,05867612
498,13061399	0,05594405
498,35404031	0,04716291
498,57747948	0,05125040
498,80093150	0,04964759
499,02439636	0,05316085
499,24787406	0,05592542
499,47136459	0,05692699
499,69486795	0,05209137
499,91838414	0,05919599
500,14191314	0,05123509
500,36545497	0,05299132
500,58900961	0,04567593
500,81257706	0,06105017
501,03615732	0,06439416
501,25975037	0,06280724
501,48335623	0,06188996
501,70697488	0,06478143
501,93060631	0,05838829
502,15425054	0,06257142
502,37790754	0,06177211
502,60157732	0,05552746
502,82525987	0,05432907
503,04895520	0,06357122
503,27266328	0,06169610
503,49638413	0,06286418
503,72011774	0,05904067
503,94386410	0,05967022
504,16762320	0,06132214
504,39139505	0,06541570
504,61517965	0,06383482
504,83897697	0,06565601
505,06278703	0,06026901
505,28660982	0,07478555
505,51044534	0,06361836
505,73429357	0,06623137
505,95815452	0,06648950
506,18202818	0,07356979
506,40591456	0,07835725
506,62981363	0,06723041
506,85372540	0,07007331
507,07764988	0,06868640
507,30158704	0,06412814
507,52553689	0,06097208
507,74949942	0,07258744
507,97347464	0,07426304
508,19746253	0,07457967
508,42146309	0,07038516
508,64547632	0,06707227
508,86950221	0,07194160
509,09354076	0,07031605
509,31759197	0,07433278
509,54165582	0,07780643
509,76573233	0,07896292
509,98982148	0,07691321
510,21392326	0,07578359
510,43803769	0,07136536
510,66216474	0,08177615
510,88630442	0,08306328
511,11045673	0,08240089
511,33462165	0,06890561
511,55879919	0,07742401
511,78298933	0,07751722
512,00719209	0,08463294
512,23140744	0,07431419
512,45563540	0,08134816
512,67987595	0,07793548
512,90412909	0,07001427
513,12839482	0,08443849
513,35267313	0,08408679
513,57696401	0,07763027
513,80126748	0,08232860
514,02558351	0,08260059
514,24991211	0,08765112
514,47425327	0,08284547
514,69860698	0,07691938
514,92297325	0,08843200
515,14735208	0,09084899
515,37174344	0,08059498
515,59614735	0,09221167
515,82056380	0,07774634
516,04499278	0,07600308
516,26943429	0,08767597
516,49388832	0,08680484
516,71835488	0,08560728
516,94283395	0,08665350
517,16732554	0,08135306
517,39182964	0,07650067
517,61634624	0,08503611
517,84087534	0,09340856
518,06541694	0,08228080
518,28997104	0,08855637
518,51453762	0,08911960
518,73911668	0,08664131
518,96370823	0,09108310
519,18831226	0,09151148
519,41292875	0,08986545
519,63755772	0,08224569
519,86219915	0,09353210
520,08685304	0,08453336
520,31151939	0,08985245
520,53619819	0,08101832
520,76088944	0,07571349
520,98559313	0,09192365
521,21030926	0,08497346
521,43503783	0,08961914
521,65977883	0,08108388
521,88453226	0,08040281
522,10929811	0,08520026
522,33407639	0,09075966
522,55886708	0,08124900
522,78367018	0,09242282
523,00848568	0,09031861
523,23331360	0,08561832
523,45815391	0,08316907
523,68300662	0,08570720
523,90787172	0,08605969
524,13274920	0,07918514
524,35763907	0,09097170
524,58254132	0,08933176
524,80745595	0,08504105
525,03238294	0,08334987
525,25732230	0,08395465
525,48227403	0,08579954
525,70723812	0,08578181
525,93221456	0,08770425
526,15720335	0,09479406
526,38220449	0,08513023
526,60721797	0,09029591
526,83224379	0,09169929
527,05728194	0,08894355
527,28233243	0,08473137
527,50739524	0,07937433
527,73247037	0,08692181
527,95755782	0,08151161
528,18265759	0,08421985
528,40776967	0,09110533
528,63289405	0,08424533
528,85803074	0,08384352
529,08317972	0,08885601
529,30834100	0,09482522
529,53351457	0,07776866
529,75870043	0,08677047
529,98389856	0,09472458
530,20910898	0,09002518
530,43433166	0,08737513
530,65956662	0,08695175
530,88481385	0,08529403
531,11007333	0,08934845
531,33534507	0,08343340
531,56062907	0,08888355
531,78592532	0,08668150
532,01123381	0,09291599
532,23655454	0,08298584
532,46188751	0,08653542
532,68723271	0,08682340
532,91259015	0,08492819
533,13795980	0,09054643
533,36334168	0,09222759
533,58873578	0,09755696
533,81414209	0,08658189
534,03956060	0,08874208
534,26499133	0,09114879
534,49043425	0,08903725
534,71588937	0,09118675
534,94135668	0,09035971
535,16683618	0,10093322
535,39232787	0,10455436
535,61783174	0,09310287
535,84334778	0,08602457
536,06887599	0,08535329
536,29441638	0,09265608
536,51996892	0,08844416
536,74553363	0,09461741
536,97111050	0,08428006
537,19669951	0,09934325
537,42230068	0,09558602
537,64791398	0,09155777
537,87353943	0,08880871
538,09917702	0,09508999
538,32482673	0,09024057
538,55048857	0,09777331
538,77616254	0,09402646
539,00184863	0,09403288
539,22754683	0,09508570
539,45325714	0,09013647
539,67897956	0,10327755
539,90471409	0,09943703
540,13046071	0,09642857
540,35621943	0,10159670
540,58199024	0,09844977
540,80777314	0,10502457
541,03356812	0,10153332
541,25937518	0,09983516
541,48519431	0,10839020
541,71102552	0,10460155
541,93686879	0,09928268
542,16272412	0,11184275
542,38859152	0,10333109
542,61447097	0,10991757
542,84036246	0,10649845
543,06626601	0,10451919
543,29218160	0,10740169
543,51810922	0,10983905
543,74404888	0,10286206
543,97000058	0,11736619
544,19596429	0,11043339
544,42194003	0,10979923
544,64792779	0,11503338
544,87392756	0,11615542
545,09993934	0,11629103
545,32596313	0,12086193
545,55199892	0,11533306
545,77804671	0,11585822
546,00410649	0,12226519
546,23017826	0,12918595
546,45626202	0,12543683
546,68235775	0,11762402
546,90846547	0,11974484
547,13458516	0,11772477
547,36071682	0,12777529
547,58686044	0,11748550
547,81301603	0,12838094
548,03918357	0,13220015
548,26536307	0,13188642
548,49155451	0,12898111
548,71775790	0,13103557
548,94397323	0,13399085
549,17020050	0,13469733
549,39643970	0,13003741
549,62269083	0,12865733
549,84895388	0,13104352
550,07522886	0,13858755
550,30151575	0,13217033
550,52781456	0,13520562
550,75412527	0,14383369
550,98044789	0,14375491
551,20678240	0,13276940
551,43312882	0,14879083
551,65948713	0,14005447
551,88585732	0,14070516
552,11223940	0,14522459
552,33863336	0,14677345
552,56503919	0,13926027
552,79145690	0,14285766
553,01788648	0,15063680
553,24432792	0,14939656
553,47078122	0,15586347
553,69724637	0,14816018
553,92372338	0,15365901
554,15021223	0,14956559
554,37671293	0,15140438
554,60322547	0,15827282
554,82974984	0,16373224
555,05628604	0,16007184
555,28283408	0,15101737
555,50939393	0,16058139
555,73596561	0,15910311
555,96254909	0,15734925
556,18914440	0,16405511
556,41575150	0,15802035
556,64237041	0,15918966
556,86900112	0,16663329
557,09564363	0,16032299
557,32229792	0,15846791
557,54896401	0,16456044
557,77564187	0,15997749
558,00233152	0,15443162
558,22903293	0,15660364
558,45574612	0,16504541
558,68247108	0,16017006
558,90920780	0,16350226
559,13595627	0,17577446
559,36271650	0,15674521
559,58948848	0,17582595
559,81627221	0,16581133
560,04306768	0,17415753
560,26987489	0,16538710
560,49669383	0,16747337
560,72352450	0,17946272
560,95036690	0,17629040
561,17722102	0,16904804
561,40408685	0,16841940
561,63096440	0,16812995
561,85785366	0,17139067
562,08475463	0,16257945
562,31166730	0,17277742
562,53859166	0,17452333
562,76552772	0,17194818
562,99247547	0,16903080
563,21943490	0,18163059
563,44640601	0,17408815
563,67338881	0,16591609
563,90038327	0,17455757
564,12738940	0,15909571
564,35440720	0,16670061
564,58143666	0,16929359
564,80847778	0,17313575
565,03553055	0,16435403
565,26259497	0,16558730
565,48967103	0,17030545
565,71675873	0,16506283
565,94385807	0,16680889
566,17096905	0,17179139
566,39809165	0,16777648
566,62522587	0,16585272
566,85237172	0,16353931
567,07952918	0,18572580
567,30669826	0,16330014
567,53387894	0,16686795
567,76107123	0,16719129
567,98827512	0,16624903
568,21549060	0,17751794
568,44271767	0,16607529
568,66995634	0,16504116
568,89720658	0,16593954
569,12446841	0,16347888
569,35174181	0,16029306
569,57902679	0,16495332
569,80632333	0,16564530
570,03363143	0,16062880
570,26095110	0,17046851
570,48828232	0,16311818
570,71562509	0,16484207
570,94297941	0,16551175
571,17034527	0,17879887
571,39772267	0,16876957
571,62511161	0,16563946
571,85251208	0,15537561
572,07992407	0,17320204
572,30734759	0,16217941
572,53478263	0,15900675
572,76222918	0,16065358
572,98968724	0,15725207
573,21715681	0,17891540
573,44463788	0,16551106
573,67213045	0,16677410
573,89963452	0,15324285
574,12715007	0,16640425
574,35467712	0,16766729
574,58221564	0,16370607
574,80976564	0,15872619
575,03732712	0,16552822
575,26490007	0,16184349
575,49248448	0,15878454
575,72008036	0,16220149
575,94768769	0,16803228
576,17530648	0,16142092
576,40293671	0,16017062
576,63057840	0,15299073
576,85823152	0,15657562
577,08589608	0,16318938
577,31357208	0,16288443
577,54125951	0,16060584
577,76895836	0,16405411
577,99666863	0,15921883
578,22439032	0,16476511
578,45212343	0,16364173
578,67986794	0,17687890
578,90762386	0,15913105
579,13539118	0,16397679
579,36316989	0,15733912
579,59096000	0,16091033
579,81876150	0,16296604
580,04657439	0,17212490
580,27439865	0,15975577
580,50223429	0,16667950
580,73008131	0,16958288
580,95793969	0,17192536
581,18580944	0,15888332
581,41369055	0,16440097
581,64158301	0,16167516
581,86948683	0,16599070
582,09740200	0,16459278
582,32532851	0,16307954
582,55326636	0,16928920
582,78121555	0,16480969
583,00917606	0,17807925
583,23714791	0,17608038
583,46513108	0,17684232
583,69312558	0,17070383
583,92113138	0,16713850
584,14914850	0,17072768
584,37717693	0,16906028
584,60521666	0,17891748
584,83326769	0,17082578
585,06133002	0,17449794
585,28940364	0,17591494
585,51748854	0,18321307
585,74558473	0,16654982
585,97369220	0,16890742
586,20181094	0,17410421
586,42994096	0,17262534
586,65808224	0,17758792
586,88623479	0,17689719
587,11439859	0,17600747
587,34257365	0,17451696
587,57075997	0,17522919
587,79895752	0,18133545
588,02716633	0,18671845
588,25538637	0,18657854
588,48361764	0,18701281
588,71186015	0,19246982
588,94011388	0,18435732
589,16837883	0,18732931
589,39665501	0,18317533
589,62494239	0,18813952
589,85324099	0,19366279
590,08155080	0,19703874
590,30987180	0,19789879
590,53820401	0,20345221
590,76654741	0,19832027
590,99490200	0,19989044
591,22326778	0,20518346
591,45164473	0,19728683
591,68003287	0,19316189
591,90843218	0,20122967
592,13684266	0,20488867
592,36526431	0,20950853
592,59369711	0,20179389
592,82214108	0,21652043
593,05059620	0,20300414
593,27906246	0,20588184
593,50753988	0,21463626
593,73602843	0,21566515
593,96452813	0,21338005
594,19303895	0,21405381
594,42156091	0,22002336
594,65009399	0,21636326
594,87863819	0,21884202
595,10719351	0,21672531
595,33575994	0,21194522
595,56433748	0,21814828
595,79292613	0,21549873
596,02152587	0,21328752
596,25013672	0,21188699
596,47875865	0,22714390
596,70739168	0,22444807
596,93603579	0,22922372
597,16469098	0,23272336
597,39335724	0,24239536
597,62203458	0,23172368
597,85072299	0,23128061
598,07942246	0,23787134
598,30813299	0,23522161
598,53685458	0,22631764
598,76558722	0,23604319
598,99433091	0,24429342
599,22308564	0,23597852
599,45185141	0,23356026
599,68062822	0,25281075
599,90941606	0,24385047
600,13821493	0,23770048
600,36702482	0,23664234
600,59584573	0,25329809
600,82467766	0,25046458
601,05352060	0,24645967
601,28237455	0,23921443
601,51123949	0,24340557
601,74011544	0,25506030
601,96900239	0,24908095
602,19790032	0,24969698
602,42680925	0,25454412
602,65572915	0,25427146
602,88466004	0,25883421
603,11360190	0,24760571
603,34255473	0,24677115
603,57151853	0,27064148
603,80049329	0,25982525
604,02947901	0,25578290
604,25847568	0,26719761
604,48748331	0,26291253
604,71650188	0,26457906
604,94553140	0,25907949
605,17457185	0,27174492
605,40362324	0,26394611
605,63268555	0,25844709
605,86175880	0,26749743
606,09084296	0,27144582
606,31993805	0,26673694
606,54904405	0,26284964
606,77816096	0,26574551
607,00728877	0,28301881
607,23642749	0,27730738
607,46557710	0,27832657
607,69473761	0,27727984
607,92390901	0,27731032
608,15309130	0,27888880
608,38228446	0,27180852
608,61148851	0,27418840
608,84070342	0,27570656
609,06992921	0,27949376
609,29916586	0,28478115
609,52841338	0,26900014
609,75767175	0,27925904
609,98694097	0,28430377
610,21622105	0,28315598
610,44551196	0,27790840
610,67481372	0,28519961
610,90412632	0,28592106
611,13344975	0,29244196
611,36278401	0,28251863
611,59212909	0,28898121
611,82148500	0,30115549
612,05085172	0,28352780
612,28022925	0,28327144
612,50961760	0,29288319
612,73901674	0,28472260
612,96842669	0,29803454
613,19784743	0,27525754
613,42727897	0,28547851
613,65672130	0,30007727
613,88617441	0,28454037
614,11563829	0,28484437
614,34511296	0,28907585
614,57459840	0,29671274
614,80409460	0,28417604
615,03360157	0,28571970
615,26311930	0,29178101
615,49264779	0,29314083
615,72218703	0,29136684
615,95173701	0,28996365
616,18129774	0,28748068
616,41086921	0,28986353
616,64045141	0,28865973
616,87004435	0,28201487
617,09964801	0,28335999
617,32926240	0,29229022
617,55888750	0,28762575
617,78852332	0,29332017
618,01816986	0,29326007
618,24782710	0,29777709
618,47749504	0,28708287
618,70717368	0,29389363
618,93686302	0,28405940
619,16656305	0,29031696
619,39627376	0,29942905
619,62599516	0,28882550
619,85572723	0,29609450
620,08546998	0,28706986
620,31522341	0,27956504
620,54498749	0,28979308
620,77476224	0,29089745
621,00454765	0,29303044
621,23434372	0,28304492
621,46415043	0,28787237
621,69396779	0,28433239
621,92379579	0,28784603
622,15363443	0,28322375
622,38348371	0,28794762
622,61334361	0,28261355
622,84321414	0,28607814
623,07309530	0,27886938
623,30298707	0,27008630
623,53288945	0,27120707
623,76280244	0,27806979
623,99272604	0,27350100
624,22266024	0,27491674
624,45260504	0,28363164
624,68256044	0,27752193
624,91252642	0,27846627
625,14250299	0,27023507
625,37249013	0,28369991
625,60248786	0,28620284
625,83249616	0,27165144
626,06251503	0,27716175
626,29254446	0,29614141
626,52258446	0,28193695
626,75263501	0,27150436
626,98269611	0,27246500
627,21276777	0,27543788
627,44284996	0,27094673
627,67294270	0,27897140
627,90304598	0,27653236
628,13315979	0,28127041
628,36328412	0,27345381
628,59341899	0,28243754
628,82356437	0,27065641
629,05372027	0,28083895
629,28388668	0,27519734
629,51406360	0,27316128
629,74425102	0,27811588
629,97444894	0,28612004
630,20465736	0,28061882
630,43487627	0,27483556
630,66510567	0,26896704
630,89534556	0,27529406
631,12559592	0,26878598
631,35585676	0,27653706
631,58612807	0,26892485
631,81640985	0,27798260
632,04670209	0,26705138
632,27700479	0,26319808
632,50731795	0,26326898
632,73764156	0,27696891
632,96797562	0,26967397
633,19832012	0,26034153
633,42867505	0,28036817
633,65904043	0,26466919
633,88941623	0,25638757
634,11980247	0,24111816
634,35019912	0,23893878
634,58060620	0,24531021
634,81102369	0,24180292
635,04145159	0,23973880
635,27188989	0,23269745
635,50233860	0,24460337
635,73279771	0,23746649
635,96326722	0,23104830
636,19374711	0,24476732
636,42423739	0,25055352
636,65473805	0,24971487
636,88524909	0,24565838
637,11577051	0,24833173
637,34630230	0,26135739
637,57684445	0,27329218
637,80739696	0,26901111
638,03795984	0,28422353
638,26853306	0,27312102
638,49911664	0,26488033
638,72971056	0,26475768
638,96031483	0,25898242
639,19092943	0,25310254
639,42155436	0,25224195
639,65218963	0,24377778
639,88283522	0,25386217
640,11349113	0,24495269
640,34415737	0,24446242
640,57483391	0,25974203
640,80552076	0,24730406
641,03621792	0,25118696
641,26692538	0,24599521
641,49764314	0,25500607
641,72837119	0,24776452
641,95910953	0,24938608
642,18985815	0,25978649
642,42061706	0,24911682
642,65138624	0,25163974
642,88216570	0,25386341
643,11295542	0,24897167
643,34375541	0,25133042
643,57456566	0,25003460
643,80538617	0,26250132
644,03621693	0,24864446
644,26705794	0,24960062
644,49790919	0,26643268
644,72877068	0,25489173
644,95964241	0,25955634
645,19052437	0,26283519
645,42141656	0,27698458
645,65231897	0,26330552
645,88323161	0,26607517
646,11415446	0,26132546
646,34508752	0,26831431
646,57603079	0,26239934
646,80698426	0,26544686
647,03794794	0,25456200
647,26892181	0,27146686
647,49990587	0,27112249
647,73090011	0,26672202
647,96190455	0,27152877
648,19291916	0,27376273
648,42394395	0,28397806
648,65497890	0,27872339
648,88602403	0,27012908
649,11707932	0,27201503
649,34814477	0,28464815
649,57922037	0,27665029
649,81030613	0,28099288
650,04140203	0,28539623
650,27250807	0,28649100
650,50362426	0,27995141
650,73475058	0,27773249
650,96588703	0,28341061
651,19703360	0,28925745
651,42819030	0,29209787
651,65935712	0,28912464
651,89053405	0,29386817
652,12172110	0,29382493
652,35291825	0,29730093
652,58412550	0,29308397
652,81534285	0,30096516
653,04657029	0,29843861
653,27780783	0,29804231
653,50905545	0,29518178
653,74031315	0,31497341
653,97158093	0,30915536
654,20285879	0,30417275
654,43414671	0,30917961
654,66544470	0,30898322
654,89675276	0,30916012
655,12807087	0,30245899
655,35939903	0,31315594
655,59073725	0,31410800
655,82208551	0,32341673
656,05344381	0,31618998
656,28481214	0,31964751
656,51619052	0,32270724
656,74757892	0,32954348
656,97897735	0,32490536
657,21038579	0,33100463
657,44180426	0,33103961
657,67323274	0,32676858
657,90467122	0,32715617
658,13611972	0,33154562
658,36757821	0,33099527
658,59904670	0,32685219
658,83052518	0,33454130
659,06201365	0,33197289
659,29351211	0,32727990
659,52502055	0,33720095
659,75653896	0,33494678
659,98806735	0,34073274
660,21960570	0,33486948
660,45115402	0,34757213
660,68271230	0,34405378
660,91428054	0,34565282
661,14585873	0,35277568
661,37744686	0,35997974
661,60904494	0,34691259
661,84065296	0,35145628
662,07227092	0,34993894
662,30389881	0,36127898
662,53553663	0,34831726
662,76718437	0,35247838
662,99884203	0,36517530
663,23050960	0,36060785
663,46218709	0,36857837
663,69387449	0,36141378
663,92557178	0,36681617
664,15727898	0,37201583
664,38899608	0,36402252
664,62072306	0,36010421
664,85245993	0,35244790
665,08420669	0,36878468
665,31596332	0,36973325
665,54772983	0,37004777
665,77950621	0,37094626
666,01129246	0,38096221
666,24308857	0,37002070
666,47489454	0,37555848
666,70671037	0,37248735
666,93853604	0,37739661
667,17037156	0,37059363
667,40221693	0,37304053
667,63407213	0,37130531
667,86593717	0,38354278
668,09781204	0,38250553
668,32969673	0,37994402
668,56159125	0,38317354
668,79349559	0,38319120
669,02540974	0,37526123
669,25733370	0,37631600
669,48926746	0,37792546
669,72121103	0,38666325
669,95316440	0,38513727
670,18512756	0,37382299
670,41710051	0,38661433
670,64908324	0,38341340
670,88107576	0,39090031
671,11307806	0,37358051
671,34509012	0,38516591
671,57711196	0,39265078
671,80914357	0,38296748
672,04118493	0,38212129
672,27323606	0,38670203
672,50529693	0,38857594
672,73736756	0,37728060
672,96944793	0,37927194
673,20153804	0,37985270
673,43363789	0,38895199
673,66574747	0,38262781
673,89786679	0,37805976
674,12999582	0,38177814
674,36213458	0,37765081
674,59428305	0,38069184
674,82644124	0,38173272
675,05860914	0,37987003
675,29078674	0,38887509
675,52297404	0,38190639
675,75517104	0,38076515
675,98737773	0,38865174
676,21959410	0,39111734
676,45182017	0,37687906
676,68405591	0,38951934
676,91630133	0,38295116
677,14855642	0,38026122
677,38082118	0,38182696
677,61309560	0,37981944
677,84537969	0,37708019
678,07767343	0,37747426
678,30997682	0,37958134
678,54228986	0,37356610
678,77461254	0,37418885
679,00694487	0,37805764
679,23928682	0,36909649
679,47163842	0,36410068
679,70399963	0,36934074
679,93637047	0,36909907
680,16875094	0,36642649
680,40114101	0,36270735
680,63354070	0,36470469
680,86594999	0,37409039
681,09836889	0,37078492
681,33079739	0,36528720
681,56323548	0,37525206
681,79568316	0,37178534
682,02814043	0,36461273
682,26060729	0,35978843
682,49308372	0,36408831
682,72556973	0,36169929
682,95806530	0,36258439
683,19057045	0,36135783
683,42308516	0,36470331
683,65560942	0,36936861
683,88814324	0,36802305
684,12068661	0,35938412
684,35323953	0,36697422
684,58580199	0,36446111
684,81837398	0,36421451
685,05095551	0,35157212
685,28354658	0,35147347
685,51614716	0,37151925
685,74875727	0,34786036
685,98137690	0,36027900
686,21400604	0,36224530
686,44664469	0,35203017
686,67929285	0,35555451
686,91195051	0,35471244
687,14461767	0,36161747
687,37729432	0,34680345
687,60998046	0,34826990
687,84267608	0,34984055
688,07538119	0,34788053
688,30809577	0,35351649
688,54081983	0,34638808
688,77355336	0,34704672
689,00629635	0,34583356
689,23904880	0,34636201
689,47181071	0,34411364
689,70458208	0,34789431
689,93736289	0,35941438
690,17015314	0,34454550
690,40295284	0,34803592
690,63576198	0,33656688
690,86858054	0,34204209
691,10140854	0,33790078
691,33424596	0,32947628
691,56709280	0,34498916
691,79994906	0,35807702
692,03281473	0,34189189
692,26568981	0,33922002
692,49857429	0,34188260
692,73146817	0,33957453
692,96437145	0,33731645
693,19728413	0,33521473
693,43020619	0,34605459
693,66313763	0,33696196
693,89607845	0,34181457
694,12902865	0,33147571
694,36198822	0,32714671
694,59495716	0,34109658
694,82793547	0,33635002
695,06092313	0,33107157
695,29392015	0,33652925
695,52692652	0,33760624
695,75994223	0,33042210
695,99296729	0,32604041
696,22600169	0,33844716
696,45904543	0,33039946
696,69209850	0,33960259
696,92516089	0,33089198
697,15823261	0,32744542
697,39131364	0,32644445
697,62440399	0,33656266
697,85750366	0,32440644
698,09061262	0,33023939
698,32373090	0,33106884
698,55685847	0,32968957
698,78999533	0,32125809
699,02314149	0,33314785
699,25629693	0,32632031
699,48946166	0,32895704
699,72263566	0,32011442
699,95581894	0,32462805
700,18901149	0,34125284
700,42221330	0,31918342
700,65542438	0,32227545
700,88864471	0,32625136
701,12187430	0,32550332
701,35511314	0,32202488
701,58836123	0,32515861
701,82161856	0,32582618
702,05488512	0,32941274
702,28816092	0,30145364
702,52144595	0,32472212
702,75474021	0,32280281
702,98804368	0,32538754
703,22135638	0,32071705
703,45467828	0,32284745
703,68800940	0,32232618
703,92134972	0,31980550
704,15469925	0,30865684
704,38805797	0,32466491
704,62142589	0,32169032
704,85480299	0,32412547
705,08818928	0,32905987
705,32158475	0,31444747
705,55498940	0,32632979
705,78840322	0,32868276
706,02182620	0,31918391
706,25525836	0,31377257
706,48869967	0,31725026
706,72215015	0,32480181
706,95560977	0,32716099
707,18907854	0,32508599
707,42255646	0,32360715
707,65604352	0,32736689
707,88953971	0,32850769
708,12304504	0,32842841
708,35655949	0,31990990
708,59008307	0,32971608
708,82361577	0,31714877
709,05715759	0,32836072
709,29070852	0,32813195
709,52426855	0,32746270
709,75783769	0,32266812
709,99141593	0,32226898
710,22500327	0,33384203
710,45859969	0,33325394
710,69220521	0,33112701
710,92581981	0,32359721
711,15944349	0,32115265
711,39307624	0,33073853
711,62671807	0,32636873
711,86036896	0,32521333
712,09402892	0,33666150
712,32769793	0,32961128
712,56137600	0,32248310
712,79506312	0,32817996
713,02875929	0,33745779
713,26246451	0,32878380
713,49617876	0,33607522
713,72990204	0,33940201
713,96363436	0,33335265
714,19737571	0,34087134
714,43112607	0,33780333
714,66488546	0,32971889
714,89865386	0,33921832
715,13243127	0,33999326
715,36621769	0,34418912
715,60001311	0,34053656
715,83381753	0,33958638
716,06763094	0,33855972
716,30145334	0,34381094
716,53528473	0,33825279
716,76912510	0,34854684
717,00297445	0,34152565
717,23683278	0,34709088
717,47070007	0,35336055
717,70457633	0,34430799
717,93846155	0,33561625
718,17235573	0,34668884
718,40625887	0,34861287
718,64017095	0,35084989
718,87409198	0,34619634
719,10802195	0,35324237
719,34196086	0,35041692
719,57590870	0,34985568
719,80986547	0,34896479
720,04383117	0,35266667
720,27780579	0,34984341
720,51178932	0,35559420
720,74578177	0,35651026
720,97978313	0,35667086
721,21379339	0,34975837
721,44781255	0,36060062
721,68184062	0,35572315
721,91587757	0,35863113
722,14992341	0,34977213
722,38397814	0,35639097
722,61804175	0,36636618
722,85211423	0,35860505
723,08619559	0,35792943
723,32028582	0,36722774
723,55438491	0,37531445
723,78849286	0,36253181
724,02260966	0,37461357
724,25673532	0,36509130
724,49086983	0,36671239
724,72501318	0,36611987
724,95916538	0,36157683
725,19332640	0,37282153
725,42749627	0,37843723
725,66167495	0,37301446
725,89586247	0,37317591
726,13005880	0,37901455
726,36426395	0,38532333
726,59847791	0,37803935
726,83270067	0,37056298
727,06693225	0,37568178
727,30117262	0,37769731
727,53542178	0,38650850
727,76967974	0,37930315
728,00394648	0,37728580
728,23822201	0,38548064
728,47250632	0,39066005
728,70679940	0,37842477
728,94110126	0,38211466
729,17541188	0,37818417
729,40973126	0,38224588
729,64405941	0,38111040
729,87839630	0,39096122
730,11274195	0,38839245
730,34709635	0,38744073
730,58145949	0,38728281
730,81583137	0,39478138
731,05021198	0,39495766
731,28460132	0,37777736
731,51899939	0,38881084
731,75340618	0,39541401
731,98782169	0,38970584
732,22224591	0,37847194
732,45667885	0,38998649
732,69112049	0,38693861
732,92557083	0,39159861
733,16002987	0,39777735
733,39449761	0,39129320
733,62897403	0,39214158
733,86345914	0,39863789
734,09795294	0,39199422
734,33245541	0,39644694
734,56696655	0,39439957
734,80148637	0,40684463
735,03601485	0,39918798
735,27055199	0,39368111
735,50509779	0,39598255
735,73965224	0,39146386
735,97421534	0,39802982
736,20878709	0,40448123
736,44336748	0,40004417
736,67795650	0,38960282
736,91255416	0,39182934
737,14716045	0,39932926
737,38177536	0,40043742
737,61639889	0,39803546
737,85103105	0,40374360
738,08567181	0,40326376
738,32032118	0,40180695
738,55497916	0,40511003
738,78964574	0,40102708
739,02432091	0,39265415
739,25900468	0,39687190
739,49369703	0,39701334
739,72839797	0,39446288
739,96310749	0,39777143
740,19782559	0,40029885
740,43255226	0,40589550
740,66728750	0,39672663
740,90203130	0,39399354
741,13678366	0,39876341
741,37154458	0,39462556
741,60631405	0,40167469
741,84109207	0,39537533
742,07587863	0,39758870
742,31067373	0,39849764
742,54547737	0,40429592
742,78028953	0,39622697
743,01511023	0,40142178
743,24993945	0,39782865
743,48477719	0,39922355
743,71962345	0,39710228
743,95447821	0,40791158
744,18934149	0,39488728
744,42421326	0,39917638
744,65909354	0,39625085
744,89398231	0,40159507
745,12887957	0,39364693
745,36378532	0,40191650
745,59869955	0,40798416
745,83362227	0,39241337
746,06855345	0,40364297
746,30349311	0,39516441
746,53844123	0,39397102
746,77339782	0,40116423
747,00836287	0,40385169
747,24333636	0,39256305
747,47831832	0,38860443
747,71330871	0,39495793
747,94830755	0,39435826
748,18331483	0,39706171
748,41833054	0,39938866
748,65335468	0,39402934
748,88838725	0,39147187
749,12342824	0,39286589
749,35847765	0,39196532
749,59353547	0,38874635
749,82860170	0,39375121
750,06367634	0,39239593
750,29875938	0,38435790
750,53385082	0,38844689
750,76895065	0,38880509
751,00405887	0,39293772
751,23917548	0,39171469
751,47430047	0,39073608
751,70943383	0,38590642
751,94457557	0,38625768
752,17972568	0,38559939
752,41488416	0,38864502
752,65005099	0,38538630
752,88522618	0,38683397
753,12040973	0,38372501
753,35560162	0,38389560
753,59080186	0,37903255
753,82601044	0,38154423
754,06122736	0,37610129
754,29645261	0,38284824
754,53168619	0,37829675
754,76692809	0,37759810
755,00217832	0,38222083
755,23743686	0,36528842
755,47270371	0,37032195
755,70797887	0,36998971
755,94326234	0,36931375
756,17855410	0,37548664
756,41385417	0,37182831
756,64916252	0,37089976
756,88447917	0,35480016
757,11980409	0,36220822
757,35513730	0,36992615
757,59047878	0,36852039
757,82582854	0,36053686
758,06118656	0,36144653
758,29655285	0,36017868
758,53192740	0,35642136
758,76731020	0,35412895
759,00270125	0,36988003
759,23810055	0,35575879
759,47350810	0,36230220
759,70892388	0,35610039
759,94434790	0,35125099
760,17978015	0,35853240
760,41522063	0,36035319
760,65066934	0,35542039
760,88612626	0,35144101
761,12159139	0,35521407
761,35706474	0,34873950
761,59254629	0,34850317
761,82803605	0,35376388
762,06353401	0,34630839
762,29904016	0,34375989
762,53455450	0,33613410
762,77007703	0,34507518
763,00560774	0,34366743
763,24114663	0,33646668
763,47669369	0,33954087
763,71224893	0,33271569
763,94781233	0,32644097
764,18338389	0,33463972
764,41896362	0,33043468
764,65455149	0,33315313
764,89014752	0,33426060
765,12575169	0,32058182
765,36136400	0,32774873
765,59698446	0,32323211
765,83261304	0,33780640
766,06824976	0,32445174
766,30389460	0,32489633
766,53954756	0,32816106
766,77520865	0,32636890
767,01087784	0,32191474
767,24655515	0,31633554
767,48224056	0,32333865
767,71793407	0,32306736
767,95363568	0,31146524
768,18934538	0,32476503
768,42506317	0,31846286
768,66078905	0,31659243
768,89652301	0,31042800
769,13226504	0,31890855
769,36801515	0,32450062
769,60377333	0,30723501
769,83953957	0,30811357
770,07531387	0,31104748
770,31109623	0,31105131
770,54688665	0,30699389
770,78268511	0,30501365
771,01849161	0,30036853
771,25430616	0,30980518
771,49012874	0,30480841
771,72595936	0,29036002
771,96179800	0,31356786
772,19764467	0,29848909
772,43349936	0,29987317
772,66936207	0,29655598
772,90523278	0,29963783
773,14111151	0,29397924
773,37699824	0,30326385
773,61289297	0,29533720
773,84879569	0,29985675
774,08470641	0,29502579
774,32062512	0,29133598
774,55655180	0,29592158
774,79248647	0,30190634
775,02842912	0,29487347
775,26437973	0,29896339
775,50033832	0,29277212
775,73630486	0,30057302
775,97227937	0,28966761
776,20826183	0,29005067
776,44425224	0,29013760
776,68025060	0,28267757
776,91625691	0,30509529
777,15227115	0,29817474
777,38829333	0,29132480
777,62432344	0,28976738
777,86036147	0,28617499
778,09640743	0,28607384
778,33246131	0,28833605
778,56852310	0,28345256
778,80459280	0,29068642
779,04067041	0,28880030
779,27675592	0,28321232
779,51284933	0,28823310
779,74895064	0,27808370
779,98505984	0,28477566
780,22117692	0,27802714
780,45730188	0,28569094
780,69343472	0,28693261
780,92957544	0,27655153
781,16572403	0,28448010
781,40188048	0,27776454
781,63804479	0,28365896
781,87421697	0,27479471
782,11039699	0,27188685
782,34658487	0,28480519
782,58278059	0,28230258
782,81898416	0,27721465
783,05519556	0,27818768
783,29141479	0,28976351
783,52764186	0,27805994
783,76387675	0,28076343
784,00011946	0,26947083
784,23636999	0,28068151
784,47262833	0,28089651
784,70889448	0,27898400
784,94516844	0,27266567
785,18145020	0,27960492
785,41773975	0,27651569
785,65403710	0,26757384
785,89034224	0,27047391
786,12665516	0,27693732
786,36297586	0,27684935
786,59930434	0,27175876
786,83564059	0,27172030
787,07198461	0,27726770
787,30833640	0,26643441
787,54469594	0,27269271
787,78106325	0,27019327
788,01743830	0,26552508
788,25382110	0,26967218
788,49021165	0,26566283
788,72660994	0,26056576
788,96301596	0,27391327
789,19942972	0,25996675
789,43585120	0,27308875
789,67228041	0,26746786
789,90871734	0,26627992
790,14516198	0,26271088
790,38161434	0,25946040
790,61807440	0,26326614
790,85454217	0,25571550
791,09101764	0,26670458
791,32750080	0,26225029
791,56399165	0,26526507
791,80049019	0,26383912
792,03699642	0,26423625
792,27351032	0,26030587
792,51003190	0,26098291
792,74656115	0,26401181
792,98309807	0,25966787
793,21964265	0,26380299
793,45619489	0,25408819
793,69275479	0,25929537
793,92932234	0,25833918
794,16589753	0,24846479
794,40248036	0,25952043
794,63907084	0,25598020
794,87566895	0,25361978
795,11227469	0,27019518
795,34888806	0,25849379
795,58550905	0,25770765
795,82213765	0,25718504
796,05877388	0,25749296
796,29541771	0,25611773
796,53206915	0,25871011
796,76872819	0,25148390
797,00539483	0,24389699
797,24206906	0,25110265
797,47875088	0,25664061
797,71544029	0,26188751
797,95213729	0,26684221
798,18884186	0,25922024
798,42555400	0,25643015
798,66227371	0,26050648
798,89900099	0,25360732
799,13573583	0,25262689
799,37247823	0,25864461
799,60922818	0,25182557
799,84598568	0,25137757
800,08275073	0,26016667
800,31952332	0,25418821
800,55630344	0,26844152
800,79309110	0,24956826
801,02988629	0,25305750
801,26668900	0,25957162
801,50349923	0,25914369
801,74031698	0,25061334
801,97714225	0,25843211
802,21397502	0,25430868
802,45081530	0,25637456
802,68766308	0,25672537
802,92451835	0,26315128
803,16138112	0,25685337
803,39825138	0,25796235
803,63512912	0,25684802
803,87201434	0,24873440
804,10890704	0,26294963
804,34580721	0,25318602
804,58271485	0,25845570
804,81962995	0,25785566
805,05655251	0,25309182
805,29348253	0,24894123
805,53042000	0,25798703
805,76736492	0,25653192
806,00431728	0,24585436
806,24127709	0,25302928
806,47824433	0,27021096
806,71521900	0,26403724
806,95220109	0,25173249
807,18919062	0,25833665
807,42618756	0,25925903
807,66319192	0,25922061
807,90020368	0,26612834
808,13722286	0,24984806
808,37424944	0,26119983
808,61128342	0,25836471
808,84832479	0,26306690
809,08537356	0,27840967
809,32242971	0,25299955
809,55949325	0,25883706
809,79656416	0,25789335
810,03364245	0,26078975
810,27072811	0,25548315
810,50782114	0,26094585
810,74492153	0,25968576
810,98202928	0,26813125
811,21914438	0,25412328
811,45626683	0,26656070
811,69339663	0,25698208
811,93053378	0,26439639
812,16767826	0,25903934
812,40483008	0,26600027
812,64198922	0,25857359
812,87915569	0,26265911
813,11632949	0,26255566
813,35351060	0,26494769
813,59069903	0,25538421
813,82789477	0,26521927
814,06509781	0,26178573
814,30230815	0,26309102
814,53952580	0,26334831
814,77675073	0,26276908
815,01398296	0,26248415
815,25122247	0,25940070
815,48846926	0,26921302
815,72572333	0,27007732
815,96298468	0,25619929
816,20025329	0,26692477
816,43752917	0,26556629
816,67481231	0,26839642
816,91210271	0,26016059
817,14940036	0,26860967
817,38670526	0,27363341
817,62401741	0,26816406
817,86133679	0,26367141
818,09866342	0,27112315
818,33599727	0,26791898
818,57333836	0,28504050
818,81068667	0,27092290
819,04804220	0,27721634
819,28540495	0,27243953
819,52277491	0,26606817
819,76015207	0,27559738
819,99753645	0,26654003
820,23492802	0,27080456
820,47232679	0,26757546
820,70973275	0,26889957
820,94714590	0,28294246
821,18456624	0,27065213
821,42199375	0,28814090
821,65942844	0,27832518
821,89687031	0,27987526
822,13431934	0,28240093
822,37177553	0,28348154
822,60923889	0,27500281
822,84670940	0,28140523
823,08418706	0,28000554
823,32167187	0,28180275
823,55916382	0,27813595
823,79666291	0,27817752
824,03416914	0,28758110
824,27168250	0,28876455
824,50920299	0,28048243
824,74673060	0,28659705
824,98426533	0,28582676
825,22180717	0,28754280
825,45935613	0,29077309
825,69691219	0,29116107
825,93447536	0,28334564
826,17204563	0,28324077
826,40962299	0,28291834
826,64720744	0,29835765
826,88479897	0,29536774
827,12239759	0,28495085
827,36000329	0,29425746
827,59761607	0,30719725
827,83523591	0,28934599
828,07286282	0,28852969
828,31049680	0,27974012
828,54813783	0,28713178
828,78578591	0,28913921
829,02344105	0,29576424
829,26110323	0,28480861
829,49877246	0,30064478
829,73644872	0,29253668
829,97413202	0,30053070
830,21182234	0,29723891
830,44951970	0,29561462
830,68722407	0,29848922
830,92493546	0,29060452
831,16265387	0,29464970
831,40037928	0,29493893
831,63811171	0,29905561
831,87585113	0,28686649
832,11359755	0,28522543
832,35135096	0,29023265
832,58911137	0,28613742
832,82687875	0,29760122
833,06465312	0,28975253
833,30243447	0,29901616
833,54022279	0,29212827
833,77801808	0,29825925
834,01582034	0,29387449
834,25362955	0,29464448
834,49144572	0,29278326
834,72926885	0,29667192
834,96709892	0,29158855
835,20493594	0,29345228
835,44277990	0,29049515
835,68063080	0,29676552
835,91848862	0,28091883
836,15635338	0,29820319
836,39422506	0,28811272
836,63210366	0,28562586
836,86998918	0,28981357
837,10788161	0,28944604
837,34578095	0,29051913
837,58368719	0,29118666
837,82160034	0,28930787
838,05952038	0,28684424
838,29744731	0,28886614
838,53538112	0,29271105
838,77332183	0,29830974
839,01126941	0,29821821
839,24922387	0,27966066
839,48718520	0,29118731
839,72515340	0,29734488
839,96312846	0,28396870
840,20111038	0,29391611
840,43909915	0,29155977
840,67709478	0,29605945
840,91509725	0,28676533
841,15310657	0,29589169
841,39112273	0,28397361
841,62914572	0,27458821
841,86717555	0,27543441
842,10521220	0,29215878
842,34325567	0,28182187
842,58130596	0,26920910
842,81936307	0,27129977
843,05742699	0,27552292
843,29549771	0,27584691
843,53357524	0,28507359
843,77165957	0,28159183
844,00975069	0,27664439
844,24784860	0,27315537
844,48595329	0,27090036
844,72406477	0,27962266
844,96218303	0,28206188
845,20030807	0,27501584
845,43843987	0,27514489
845,67657844	0,28243678
845,91472377	0,27861620
846,15287586	0,27092510
846,39103470	0,28026938
846,62920029	0,27755412
846,86737263	0,26762527
847,10555171	0,26667982
847,34373753	0,26881317
847,58193008	0,27348506
847,82012936	0,26367059
848,05833537	0,26639361
848,29654810	0,26944607
848,53476755	0,26816503
848,77299371	0,27274155
849,01122658	0,26382712
849,24946615	0,26353201
849,48771242	0,27186101
849,72596540	0,26376172
849,96422506	0,26460005
850,20249142	0,26848128
850,44076446	0,26476431
850,67904418	0,26105330
850,91733058	0,26433036
851,15562365	0,26117047
851,39392338	0,25585024
851,63222979	0,26423467
851,87054285	0,25786326
852,10886257	0,24901183
852,34718895	0,25428513
852,58552197	0,25493041
852,82386164	0,25659972
853,06220794	0,25684338
853,30056088	0,25209406
853,53892046	0,25596298
853,77728666	0,25153109
854,01565949	0,25134751
854,25403894	0,25255203
854,49242500	0,25744451
854,73081768	0,25160009
854,96921696	0,24257427
855,20762285	0,25038393
855,44603533	0,24557274
855,68445442	0,25046009
855,92288009	0,25234100
856,16131235	0,24809762
856,39975120	0,24281844
856,63819662	0,24654306
856,87664862	0,24895651
857,11510719	0,23908040
857,35357233	0,25460150
857,59204403	0,24000116
857,83052229	0,24018528
858,06900711	0,23516250
858,30749848	0,23855564
858,54599639	0,24384987
858,78450085	0,23099924
859,02301184	0,24549800
859,26152937	0,24352362
859,50005344	0,24373779
859,73858402	0,23140160
859,97712113	0,23190289
860,21566476	0,24111149
860,45421491	0,23704290
860,69277156	0,23076719
860,93133472	0,23164248
861,16990439	0,22839201
861,40848055	0,23263696
861,64706320	0,23553730
861,88565235	0,22356329
862,12424798	0,23458619
862,36285009	0,22576361
862,60145869	0,23239125
862,84007375	0,23388512
863,07869529	0,23133494
863,31732329	0,23174508
863,55595775	0,23881026
863,79459867	0,22809458
864,03324605	0,22912309
864,27189987	0,22583866
864,51056014	0,22703700
864,74922685	0,23201094
864,98790000	0,22613192
865,22657958	0,23328189
865,46526559	0,22467439
865,70395803	0,21521260
865,94265689	0,22189027
866,18136216	0,22307731
866,42007385	0,21853080
866,65879195	0,22583350
866,89751645	0,22360299
867,13624735	0,22736063
867,37498465	0,22491080
867,61372834	0,22060351
867,85247842	0,21598099
868,09123489	0,21289256
868,32999773	0,21394986
868,56876696	0,21723433
868,80754255	0,21040775
869,04632451	0,21257375
869,28511284	0,21297879
869,52390753	0,20800828
869,76270857	0,20470643
870,00151597	0,20858412
870,24032971	0,20830841
870,47914980	0,21596309
870,71797623	0,20946587
870,95680899	0,20801478
871,19564809	0,21047435
871,43449352	0,20852249
871,67334526	0,20520968
871,91220333	0,19966526
872,15106771	0,20286958
872,38993841	0,22216754
872,62881541	0,20390347
872,86769872	0,19799764
873,10658832	0,20130687
873,34548422	0,20132460
873,58438641	0,19280586
873,82329489	0,19814907
874,06220965	0,20149260
874,30113070	0,20061884
874,54005801	0,19450294
874,77899160	0,20154807
875,01793145	0,19457183
875,25687757	0,20163514
875,49582995	0,18545671
875,73478858	0,19471957
875,97375346	0,18762835
876,21272459	0,18915213
876,45170196	0,19872668
876,69068557	0,18573690
876,92967541	0,19945478
877,16867148	0,18933227
877,40767378	0,19711089
877,64668231	0,19397799
877,88569705	0,19171879
878,12471800	0,18824585
878,36374517	0,18733269
878,60277854	0,18518488
878,84181811	0,19031618
879,08086388	0,18368087
879,31991585	0,19198784
879,55897400	0,18843936
879,79803834	0,19452714
880,03710886	0,18888816
880,27618556	0,18189985
880,51526844	0,18784557
880,75435748	0,17932899
880,99345269	0,18685371
881,23255406	0,18255355
881,47166159	0,18318814
881,71077527	0,18513018
881,94989510	0,18715770
882,18902107	0,18100401
882,42815319	0,17753766
882,66729144	0,18227991
882,90643583	0,18167143
883,14558634	0,18493288
883,38474298	0,17219497
883,62390574	0,18418720
883,86307462	0,17683736
884,10224961	0,17841851
884,34143071	0,17110946
884,58061791	0,17710125
884,81981121	0,17807539
885,05901061	0,17536748
885,29821611	0,16940613
885,53742769	0,18013684
885,77664535	0,16486462
886,01586910	0,17645580
886,25509892	0,18499579
886,49433482	0,16607345
886,73357678	0,17356541
886,97282480	0,17467992
887,21207889	0,17624247
887,45133903	0,18365692
887,69060522	0,17784194
887,92987747	0,17877499
888,16915575	0,17800482
888,40844008	0,17017064
888,64773044	0,16900485
888,88702683	0,16763354
889,12632925	0,16902295
889,36563769	0,17402841
889,60495215	0,17022259
889,84427263	0,17043256
890,08359912	0,17476260
890,32293161	0,17175034
890,56227011	0,16853595
890,80161461	0,16900037
891,04096510	0,16370318
891,28032159	0,16058720
891,51968406	0,17813488
891,75905251	0,18411044
891,99842694	0,16089307
892,23780735	0,16773201
892,47719373	0,16453509
892,71658607	0,16567048
892,95598438	0,16595417
893,19538864	0,16125143
893,43479886	0,16954222
893,67421503	0,16580342
893,91363715	0,16190915
894,15306521	0,16926909
894,39249920	0,15863104
894,63193914	0,16611651
894,87138500	0,15528562
895,11083678	0,16777613
895,35029449	0,16074758
895,58975812	0,15564656
895,82922766	0,15428534
896,06870311	0,15990114
896,30818447	0,16561183
896,54767172	0,15884238
896,78716488	0,16282649
897,02666393	0,15463963
897,26616886	0,16073971
897,50567969	0,15711945
897,74519639	0,15770181
897,98471898	0,16300943
898,22424743	0,15491190
898,46378176	0,16477009
898,70332195	0,15080167
898,94286800	0,15461875
899,18241990	0,15366678
899,42197767	0,14453084
899,66154128	0,15711912
899,90111073	0,15449068
900,14068602	0,16303727
900,38026716	0,14824301
900,61985412	0,15077809
900,85944691	0,15200835
901,09904553	0,14631718
901,33864997	0,15776643
901,57826023	0,14674357
901,81787629	0,15820219
902,05749817	0,15205757
902,29712585	0,14497136
902,53675933	0,14774375
902,77639860	0,16233089
903,01604367	0,15240415
903,25569453	0,15434790
903,49535117	0,14446554
903,73501359	0,15677435
903,97468178	0,15909545
904,21435575	0,15008892
904,45403548	0,15212099
904,69372098	0,15064860
904,93341224	0,15155745
905,17310926	0,14687924
905,41281202	0,14129512
905,65252053	0,14477817
905,89223479	0,15174495
906,13195478	0,14999993
906,37168052	0,14778536
906,61141198	0,15249745
906,85114917	0,14565195
907,09089208	0,14219890
907,33064071	0,14762626
907,57039505	0,14706852
907,81015511	0,14169354
908,04992088	0,14055087
908,28969234	0,14699080
908,52946951	0,14877337
908,76925237	0,14236226
909,00904092	0,14528853
909,24883515	0,15176840
909,48863507	0,15968180
909,72844067	0,15210640
909,96825194	0,14792224
910,20806889	0,15393942
910,44789149	0,15036516
910,68771977	0,14152273
910,92755369	0,14642205
911,16739328	0,13688140
911,40723851	0,14510166
911,64708939	0,14878853
911,88694591	0,14981152
912,12680807	0,14088246
912,36667586	0,15109272
912,60654928	0,15287965
912,84642833	0,15292716
913,08631300	0,14291959
913,32620329	0,14353854
913,56609919	0,14818586
913,80600070	0,14368145
914,04590781	0,14098900
914,28582053	0,14763421
914,52573884	0,14282157
914,76566275	0,14532401
915,00559225	0,13838470
915,24552733	0,14345115
915,48546799	0,14133525
915,72541423	0,15186811
915,96536604	0,13960038
916,20532342	0,14957502
916,44528637	0,14279789
916,68525488	0,13121279
916,92522894	0,15012112
917,16520855	0,14120614
917,40519372	0,13590685
917,64518443	0,13518353
917,88518068	0,13434448
918,12518246	0,14720335
918,36518978	0,14373220
918,60520263	0,15095772
918,84522100	0,14343889
919,08524489	0,14107058
919,32527429	0,14533073
919,56530921	0,14726912
919,80534964	0,13802798
920,04539557	0,13856707
920,28544700	0,13423414
920,52550392	0,14023268
920,76556634	0,14148021
921,00563425	0,14432449
921,24570764	0,13366219
921,48578650	0,13766331
921,72587085	0,13648192
921,96596066	0,14340478
922,20605595	0,14453691
922,44615669	0,13791172
922,68626290	0,13247737
922,92637456	0,14130522
923,16649167	0,13493936
923,40661423	0,13735794
923,64674223	0,14027966
923,88687567	0,13986189
924,12701454	0,14204445
924,36715885	0,13657297
924,60730858	0,13329901
924,84746374	0,14099427
925,08762431	0,13842731
925,32779030	0,13346839
925,56796170	0,15146492
925,80813851	0,14020884
926,04832072	0,13332877
926,28850832	0,13473145
926,52870133	0,13349995
926,76889972	0,13564230
927,00910349	0,13257682
927,24931265	0,13290501
927,48952719	0,12574407
927,72974710	0,13090953
927,96997239	0,13906335
928,21020303	0,13927134
928,45043904	0,13136083
928,69068041	0,13580304
928,93092713	0,12973114
929,17117920	0,13685815
929,41143662	0,13190838
929,65169938	0,14060511
929,89196747	0,12924978
930,13224090	0,13749322
930,37251966	0,13121671
930,61280374	0,13314074
930,85309315	0,13436232
931,09338787	0,12928646
931,33368790	0,12737825
931,57399325	0,13102955
931,81430390	0,13582413
932,05461985	0,13119993
932,29494109	0,13679920
932,53526763	0,13320974
932,77559946	0,12854680
933,01593657	0,13153131
933,25627897	0,12308521
933,49662664	0,13342741
933,73697958	0,12233011
933,97733779	0,12582614
934,21770127	0,13930311
934,45807001	0,13070115
934,69844400	0,12889246
934,93882324	0,11988799
935,17920774	0,12864132
935,41959747	0,12817032
935,65999245	0,13258992
935,90039266	0,12301335
936,14079811	0,13007420
936,38120878	0,12920877
936,62162468	0,12650771
936,86204580	0,12485039
937,10247213	0,12939685
937,34290367	0,14046034
937,58334043	0,12903885
937,82378238	0,12139178
938,06422954	0,13330027
938,30468189	0,12362765
938,54513943	0,13213376
938,78560216	0,12249432
939,02607007	0,12951504
939,26654316	0,13236451
939,50702143	0,12053413
939,74750486	0,11923486
939,98799347	0,12886435
940,22848724	0,12966913
940,46898616	0,12556907
940,70949024	0,12602432
940,94999948	0,12509312
941,19051386	0,12703006
941,43103338	0,12619784
941,67155804	0,12321335
941,91208783	0,12845816
942,15262276	0,12330567
942,39316281	0,12695507
942,63370798	0,11635624
942,87425828	0,12411717
943,11481368	0,12562665
943,35537420	0,11890067
943,59593982	0,11315422
943,83651055	0,12922839
944,07708637	0,12242758
944,31766729	0,12174741
944,55825329	0,11686640
944,79884439	0,11609876
945,03944056	0,11958722
945,28004181	0,11432810
945,52064814	0,11298380
945,76125953	0,12929061
946,00187600	0,12078042
946,24249752	0,11398813
946,48312410	0,11460534
946,72375573	0,11898849
946,96439241	0,12376485
947,20503414	0,11963358
947,44568091	0,11354090
947,68633272	0,11069344
947,92698956	0,11937199
948,16765142	0,12571569
948,40831832	0,11383614
948,64899023	0,12665509
948,88966716	0,10867745
949,13034911	0,10865242
949,37103606	0,11267797
949,61172802	0,12072689
949,85242498	0,11510028
950,09312693	0,11095723
950,33383388	0,10844685
950,57454581	0,11008109
950,81526273	0,09961827
951,05598463	0,11302616
951,29671151	0,10303168
951,53744336	0,11183856
951,77818017	0,11082285
952,01892195	0,11150376
952,25966870	0,10870683
952,50042039	0,11312618
952,74117704	0,11568061
952,98193864	0,10953392
953,22270518	0,09970605
953,46347666	0,10679183
953,70425307	0,10282586
953,94503442	0,10764075
954,18582070	0,10285864
954,42661189	0,11989422
954,66740801	0,10941246
954,90820904	0,10423731
955,14901499	0,10894796
955,38982584	0,10955339
955,63064160	0,11078523
955,87146225	0,10661906
956,11228780	0,09871836
956,35311824	0,11267292
956,59395357	0,10785517
956,83479378	0,10422908
957,07563887	0,10068707
957,31648883	0,10556342
957,55734366	0,10445885
957,79820336	0,10509849
958,03906793	0,09590532
958,27993735	0,10770221
958,52081163	0,10387117
958,76169076	0,10507017
959,00257473	0,09940768
959,24346354	0,10330641
959,48435720	0,10379536
959,72525569	0,10267773
959,96615901	0,09787320
960,20706715	0,10549405
960,44798012	0,10133079
960,68889790	0,09464164
960,92982050	0,08994834
961,17074791	0,10263260
961,41168012	0,09915349
961,65261714	0,09426042
961,89355895	0,09008198
962,13450556	0,09245100
962,37545696	0,10342983
962,61641314	0,09355131
962,85737410	0,09200534
963,09833984	0,09101755
963,33931036	0,09011920
963,58028564	0,09212048
963,82126569	0,08054498
964,06225050	0,09034279
964,30324007	0,09660483
964,54423439	0,09115239
964,78523346	0,08847988
965,02623727	0,09702735
965,26724583	0,09315010
965,50825912	0,08513698
965,74927714	0,08655346
965,99029990	0,09996447
966,23132737	0,08807456
966,47235957	0,09067293
966,71339649	0,07885715
966,95443811	0,09155349
967,19548445	0,09616313
967,43653549	0,08641819
967,67759123	0,07870380
967,91865167	0,08451434
968,15971679	0,08497717
968,40078661	0,08518971
968,64186111	0,07450398
968,88294029	0,09711523
969,12402415	0,08305204
969,36511268	0,07940332
969,60620587	0,07815945
969,84730373	0,08986048
970,08840625	0,08550659
970,32951343	0,07843906
970,57062526	0,08432759
970,81174173	0,08833271
971,05286285	0,08165438
971,29398861	0,07734617
971,53511900	0,08061840
971,77625402	0,09398386
972,01739367	0,07614850
972,25853795	0,08025503
972,49968684	0,08037323
972,74084035	0,08752689
972,98199847	0,08256452
973,22316119	0,08452508
973,46432852	0,07482152
973,70550045	0,07693594
973,94667697	0,07580790
974,18785809	0,07153551
974,42904379	0,06806981
974,67023407	0,07347541
974,91142893	0,07788896
975,15262837	0,07405788
975,39383237	0,06911843
975,63504094	0,07279901
975,87625408	0,07444990
976,11747177	0,06977885
976,35869402	0,07216463
976,59992081	0,07300071
976,84115216	0,07792191
977,08238804	0,07173986
977,32362846	0,07630710
977,56487342	0,07986895
977,80612291	0,07579674
978,04737692	0,06977960
978,28863545	0,08163001
978,52989850	0,07058409
978,77116607	0,07157724
979,01243814	0,06920494
979,25371472	0,05764859
979,49499581	0,07125409
979,73628138	0,07157621
979,97757146	0,06463847
980,21886602	0,05874241
980,46016506	0,07609610
980,70146859	0,06951689
980,94277660	0,06131338
981,18408907	0,05442352
981,42540602	0,06925181
981,66672743	0,06227801
981,90805330	0,06541689
982,14938363	0,05614544
982,39071841	0,06652522
982,63205764	0,06424664
982,87340132	0,06449264
983,11474943	0,06269025
983,35610198	0,07745266
983,59745897	0,06332847
983,83882038	0,06491117
984,08018622	0,06452427
984,32155647	0,06249685
984,56293115	0,06536260
984,80431023	0,05075154
985,04569372	0,05612062
985,28708162	0,06599197
985,52847392	0,07397482
985,76987061	0,05579701
986,01127170	0,05653190
986,25267717	0,05731477
986,49408703	0,05507094
986,73550126	0,04785490
986,97691987	0,04685546
987,21834285	0,05511120
987,45977021	0,05828212
987,70120192	0,04877037
987,94263799	0,04902409
988,18407842	0,05332584
988,42552320	0,05683827
988,66697233	0,04544076
988,90842580	0,05065769
989,14988360	0,05363610
989,39134575	0,05411724
989,63281222	0,04649829
989,87428302	0,05467522
990,11575815	0,05798906
990,35723759	0,05785851
990,59872135	0,04701018
990,84020942	0,04617515
991,08170179	0,05724253
991,32319847	0,04660939
991,56469945	0,04407675
991,80620472	0,04511239
992,04771428	0,06071072
992,28922813	0,05025309
992,53074625	0,04291982
992,77226866	0,04920616
993,01379534	0,05694496
993,25532629	0,04964665
993,49686151	0,04062260
993,73840099	0,04298586
993,97994473	0,05852440
994,22149272	0,05109703
994,46304496	0,04189294
994,70460145	0,04013576
994,94616218	0,05048149
995,18772714	0,04715616
995,42929634	0,04793686
995,67086977	0,04940611
995,91244742	0,05446942
996,15402930	0,04686827
996,39561539	0,03724646
996,63720570	0,04582699
996,87880021	0,05411740
997,12039893	0,03971200
997,36200185	0,03981815
997,60360897	0,05229138
997,84522028	0,04577078
998,08683578	0,03845686
998,32845547	0,04055886
998,57007933	0,05385348
998,81170738	0,04729612
999,05333959	0,03726889
999,29497597	0,03518799
999,53661652	0,04399539
999,77826123	0,04579266
1000,01991010	0,03838595
1000,26156311	0,04052898
1000,50322028	0,04967111
1000,74488159	0,04005931
1000,98654704	0,03551915
1001,22821662	0,03421267
1001,46989034	0,04988742
1001,71156819	0,04536394
1001,95325016	0,03977773
1002,19493625	0,03755740
1002,43662645	0,04464848
1002,67832077	0,04543621
1002,92001919	0,04003590
1003,16172172	0,03616992
1003,40342835	0,03517164
1003,64513908	0,04257956
1003,88685389	0,04034122
1004,12857279	0,02514951
1004,37029578	0,04237382
1004,61202284	0,03967799
1004,85375399	0,03685232
1005,09548920	0,03134775
1005,33722848	0,03424261
1005,57897182	0,03410307
1005,82071922	0,03231185
1006,06247067	0,03816753
1006,30422618	0,03214152
1006,54598573	0,02993777
1006,78774933	0,02362651
1007,02951696	0,03198157
1007,27128863	0,03337958
1007,51306433	0,02800459
1007,75484406	0,02918555
1007,99662781	0,03181723
1008,23841558	0,04014111
1008,48020736	0,02979104
1008,72200315	0,03251038
1008,96380295	0,02711187
1009,20560675	0,03914970
1009,44741455	0,02255098
1009,68922634	0,03105925
1009,93104212	0,02231130
1010,17286189	0,02987762
1010,41468564	0,02273530
1010,65651337	0,02341565
1010,89834507	0,03132254
1011,14018074	0,03865585
1011,38202038	0,04043002
1011,62386398	0,02327503
1011,86571154	0,02872762
1012,10756305	0,03977658
1012,34941851	0,03352700
1012,59127791	0,02824491
1012,83314126	0,02200551
1013,07500854	0,03715216
1013,31687976	0,03924354
1013,55875490	0,03340290
1013,80063397	0,02081462
1014,04251696	0,03130547
1014,28440387	0,04093944
1014,52629469	0,02347453
1014,76818942	0,02801483
1015,01008806	0,02999087
1015,25199059	0,03307381
1015,49389703	0,02929623
1015,73580735	0,02185865
1015,97772156	0,02218843
1016,21963966	0,02641836
1016,46156164	0,02502151
1016,70348749	0,01604311
1016,94541722	-0,03388078
1017,18735082	-0,03356990
1017,42928828	-0,03409260
1017,67122959	-0,03337537
1017,91317477	-0,03447483
1018,15512380	-0,03292888
