194,16287968	0,00081075
194,36381481	-0,00106680
194,56476860	0,00038975
194,76574102	-0,00053783
194,96673208	0,00042954
195,16774177	-0,00000292
195,36877010	0,00118624
195,56981705	-0,00013378
195,77088262	0,00107242
195,97196681	-0,00031017
196,17306961	0,00077087
196,37419103	0,00071966
196,57533104	0,00167573
196,77648966	0,00052620
196,97766688	0,00087350
197,17886269	0,00029308
197,38007709	-0,00017349
197,58131007	-0,00021345
197,78256164	-0,00003703
197,98383178	0,00110098
198,18512050	0,00074820
198,38642778	-0,00080524
198,58775363	0,00096432
198,78909804	-0,00037847
198,99046101	0,00136855
199,19184253	0,00160731
199,39324259	0,00112954
199,59466121	-0,00019634
199,79609836	-0,00005985
199,99755405	-0,00016799
200,19902827	-0,00005418
200,40052102	0,00062865
200,60203230	-0,00017928
200,80356209	0,00023607
201,00511040	0,00093585
201,20667723	-0,00027026
201,40826256	0,00015080
201,60986639	-0,00039542
201,81148873	0,00060590
202,01312956	-0,00011092
202,21478888	0,00191446
202,41646669	0,00051477
202,61816298	0,00086200
202,81987776	0,00045795
203,02161101	0,00098159
203,22336273	0,00041812
203,42513291	0,00078798
203,62692157	-0,00011107
203,82872868	0,00144221
204,03055424	-0,00098163
204,23239826	0,00078790
204,43426072	0,00087341
204,63614163	0,00007675
204,83804098	-0,00044098
205,03995876	0,00110097
205,24189497	-0,00015635
205,44384961	0,00071408
205,64582267	0,00075383
205,84781415	0,00133430
206,04982405	-0,00062869
206,25185236	0,00094168
206,45389907	0,00089039
206,65596418	0,00130578
206,85804770	0,00019071
207,06014960	0,00100988
207,26226990	0,00005406
207,46440859	0,00008243
207,66656565	0,00006523
207,86874110	0,00128868
208,07093492	-0,00044671
208,27314711	0,00054331
208,47537766	0,00005979
208,67762658	0,00038417
208,87989385	0,00049206
209,08217948	0,00071964
209,28448346	0,00032712
209,48680579	0,00144811
209,68914645	0,00016784
209,89150545	0,00051483
210,09388279	-0,00016210
210,29627846	0,00103837
210,49869245	0,00067432
210,70112476	0,00089612
210,90357539	-0,00037846
211,10604434	0,00092457
211,30853159	-0,00049217
211,51103715	0,00071968
211,71356100	-0,00041261
211,91610316	0,00056033
212,11866361	-0,00015654
212,32124235	0,00069124
212,52383937	-0,00106112
212,72645467	0,00091880
212,92908825	0,00074243
213,13174010	0,00019059
213,33441022	0,00050911
213,53709861	0,00037265
213,73980525	0,00021343
213,94253016	0,00102692
214,14527331	-0,00080523
214,34803471	-0,00026472
214,55081436	0,00025320
214,75361225	0,00005398
214,95642837	-0,00013935
215,15926273	0,00062877
215,36211531	0,00056592
215,56498612	-0,00002564
215,76787514	-0,00036710
215,97078239	0,00052627
216,17370784	0,00103836
216,37665150	0,00163581
216,57961337	-0,00024185
216,78259344	0,00114645
216,98559170	0,00023032
217,18860815	0,00019060
217,39164279	-0,00057760
217,59469561	0,00183492
217,79776661	-0,00025885
218,00085579	0,00020205
218,20396314	-0,00011664
218,40708866	0,00013922
218,61023234	0,00112380
218,81339417	-0,00024178
219,01657417	-0,00106121
219,21977231	0,00005963
219,42298860	-0,00020202
219,62622303	0,00184053
219,82947561	-0,00045807
220,03274631	0,00118635
220,23603515	-0,00009397
220,43934211	0,00030436
220,64266720	-0,00065147
220,84601040	0,00142525
221,04937172	-0,00001427
221,25275115	0,00064579
221,45614869	-0,00018500
221,65956432	0,00047505
221,86299806	-0,00082791
222,06644989	0,00005962
222,26991981	-0,00040136
222,47340781	0,00060032
222,67691390	-0,00028738
222,88043807	0,00155618
223,08398031	-0,00094164
223,28754061	0,00127167
223,49111899	0,00032708
223,69471542	0,00092449
223,89832992	-0,00046366
224,10196246	0,00168700
224,30561306	0,00000304
224,50928170	0,00107251
224,71296838	-0,00045804
224,91667310	0,00069130
225,12039586	0,00036134
225,32413664	-0,00052631
225,52789545	0,00029305
225,73167228	0,00035572
225,93546712	0,00065723
226,13927998	0,00065705
226,34311085	0,00064015
226,54695972	0,00073116
226,75082659	0,00001982
226,95471146	0,00038965
227,15861432	-0,00041251
227,36253517	0,00068556
227,56647401	-0,00044096
227,77043082	0,00109535
227,97440561	-0,00019063
228,17839838	0,00120897
228,38240911	-0,00047524
228,58643780	0,00129438
228,79048446	0,00064571
228,99454907	0,00017350
229,19863163	-0,00060601
229,40273215	0,00011663
229,60685060	0,00058320
229,81098700	0,00049209
230,01514133	-0,00069705
230,21931359	0,00146518
230,42350378	0,00009377
230,62771190	-0,00007702
230,83193793	0,00061729
231,03618188	0,00148798
231,24044374	-0,00044660
231,44472351	0,00041827
231,64902118	-0,00031003
231,85333675	0,00048063
232,05767022	0,00075969
232,26202157	0,00062869
232,46639082	0,00074823
232,67077794	0,00069131
232,87518295	-0,00027600
233,07960583	0,00021328
233,28404658	0,00008809
233,48850520	0,00211940
233,69298168	-0,00045248
233,89747602	-0,00005416
234,10198822	-0,00023042
234,30651826	0,00050915
234,51106615	0,00046379
234,71563188	0,00062871
234,92021546	-0,00057172
235,12481686	0,00065695
235,32943610	-0,00005402
235,53407316	0,00172108
235,73872805	-0,00007680
235,94340075	0,00126029
236,14809126	-0,00045243
236,35279959	0,00183494
236,55752572	-0,00020200
236,76226966	0,00127160
236,96703139	-0,00004273
237,17181092	0,00079368
237,37660823	-0,00005413
237,58142333	0,00059461
237,78625621	-0,00035002
237,99110687	0,00095300
238,19597531	-0,00064013
238,40086151	0,00083924
238,60576548	0,00095303
238,81068721	0,00181805
239,01562669	0,00024743
239,22058393	0,00116353
239,42555892	0,00001992
239,63055166	0,00060593
239,83556213	0,00061169
240,04059034	0,00039548
240,24563628	-0,00033864
240,45069996	0,00019050
240,65578136	-0,00045233
240,86088047	0,00097004
241,06599731	-0,00055484
241,27113186	0,00071973
241,47628411	0,00018499
241,68145407	0,00067983
241,88664173	-0,00007704
242,09184709	0,00131146
242,29707014	0,00033278
242,50231087	0,00112377
242,70756930	-0,00019068
242,91284540	0,00097028
243,11813917	-0,00074272
243,32345062	0,00108941
243,52877974	0,00038970
243,73412652	0,00145940
243,93949096	0,00064013
244,14487306	0,00086754
244,35027281	-0,00077667
244,55569020	0,00081073
244,76112524	-0,00038414
244,96657792	0,00026458
245,17204823	0,00054911
245,37753618	0,00102124
245,58304175	-0,00080519
245,78856495	0,00102130
245,99410576	-0,00067993
246,19966419	0,00123195
246,40524024	-0,00065148
246,61083388	0,00192020
246,81644513	-0,00007694
247,02207398	0,00116363
247,22772043	0,00017917
247,43338447	0,00000857
247,63906609	0,00056613
247,84476529	0,00037269
248,05048208	0,00087918
248,25621643	-0,00018486
248,46196836	0,00029299
248,66773786	0,00106112
248,87352491	-0,00112387
249,07932953	0,00079939
249,28515170	0,00007681
249,49099142	0,00029288
249,69684869	0,00118066
249,90272349	0,00165281
250,10861584	-0,00041256
250,31452572	0,00009955
250,52045313	-0,00041825
250,72639807	0,00093030
250,93236052	-0,00006539
251,13834050	-0,00016216
251,34433799	0,00051499
251,55035299	0,00089058
251,75638549	0,00051488
251,96243550	0,00180098
252,16850300	0,00011092
252,37458800	0,00023040
252,58069048	-0,00061738
252,78681045	0,00054904
252,99294790	0,00009384
253,19910283	0,00133984
253,40527523	-0,00081082
253,61146511	0,00075387
253,81767244	0,00041825
254,02389724	0,00075944
254,23013949	0,00056608
254,43639920	0,00115783
254,64267635	0,00003123
254,84897095	0,00003686
255,05528299	0,00067434
255,26161247	0,00182919
255,46795938	-0,00012236
255,67432372	0,00063430
255,88070548	-0,00026446
256,08710466	0,00114645
256,29352126	0,00014501
256,49995527	0,00086773
256,70640669	-0,00007677
256,91287552	0,00036134
257,11936174	0,00034416
257,32586536	0,00070842
257,53238637	-0,00024205
257,73892477	0,00160736
257,94548055	0,00064563
258,15205371	0,00020199
258,35864425	-0,00016799
258,56525216	0,00048647
258,77187744	0,00004262
258,97852008	0,00027015
259,18518008	0,00153345
259,39185743	0,00090186
259,59855214	0,00057174
259,80526419	0,00108385
260,01199359	-0,00131156
260,21874032	0,00031005
260,42550440	0,00111796
260,63228580	0,00038398
260,83908453	-0,00003698
261,04590058	0,00129436
261,25273395	0,00024744
261,45958464	0,00044670
261,66645263	-0,00070844
261,87333793	0,00082225
262,08024054	0,00012233
262,28716044	-0,00009394
262,49409764	0,00007669
262,70105213	0,00045223
262,90802391	-0,00091330
263,11501296	0,00126026
263,32201930	0,00020199
263,52904291	0,00096426
263,73608379	0,00008230
263,94314194	0,00086762
264,15021734	-0,00001435
264,35731001	-0,00000843
264,56441993	0,00026439
264,77154710	0,00012802
264,97869152	0,00033281
265,18585317	0,00085628
265,39303207	-0,00040125
265,60022820	0,00085053
265,80744155	-0,00000284
266,01467214	0,00221038
266,22191994	-0,00050923
266,42918497	0,00027589
266,63646720	-0,00016213
266,84376665	0,00173824
267,05108330	0,00050345
267,25841715	0,00074243
267,46576819	-0,00048084
267,67313644	0,00034991
267,88052187	0,00020757
268,08792448	0,00074265
268,29534428	-0,00004841
268,50278125	0,00104402
268,71023540	-0,00052081
268,91770671	0,00064562
269,12519519	0,00069136
269,33270083	0,00126015
269,54022362	0,00009945
269,74776357	0,00132285
269,95532067	0,00001419
270,16289491	0,00104415
270,37048629	0,00016784
270,57809481	0,00107246
270,78572046	0,00096997
270,99336323	0,00020187
271,20102313	0,00023621
271,40870016	0,00109525
271,61639429	0,00002556
271,82410554	0,00034979
272,03183390	-0,00077663
272,23957936	0,00106681
272,44734192	0,00041239
272,65512157	0,00090177
272,86291832	-0,00078245
273,07073216	0,00054329
273,27856307	0,00107822
273,48641107	-0,00002576
273,69427615	0,00046349
273,90215829	0,00098147
274,11005750	-0,00012818
274,31797377	0,00023606
274,52590711	0,00012227
274,73385750	0,00098717
274,94182494	0,00071964
275,14980942	0,00050925
275,35781095	0,00005956
275,56582952	0,00048085
275,77386512	0,00020197
275,98191776	0,00028160
276,18998742	0,00002559
276,39807410	0,00086196
276,60617780	-0,00023053
276,81429851	0,00070837
277,02243624	0,00024740
277,23059097	0,00088477
277,43876271	0,00045217
277,64695144	0,00089031
277,85515716	-0,00023048
278,06337988	0,00064583
278,27161958	-0,00007127
278,47987627	0,00065149
278,68814993	-0,00038976
278,89644057	0,00037839
279,10474817	-0,00012239
279,31307275	0,00099850
279,52141428	0,00035559
279,72977277	0,00074242
279,93814821	-0,00013374
280,14654061	0,00015639
280,35494995	0,00064007
280,56337623	0,00048077
280,77181945	-0,00114659
280,98027960	0,00050926
281,18875668	-0,00017355
281,39725068	0,00107257
281,60576161	-0,00019057
281,81428946	0,00055479
282,02283421	-0,00017929
282,23139588	0,00037835
282,43997445	0,00076551
282,64856992	0,00052045
282,85718229	0,00148215
283,06581155	0,00132846
283,27445770	-0,00093028
283,48312073	0,00070265
283,69180065	0,00033277
283,90049744	0,00069123
284,10921110	0,00052636
284,31794163	0,00064590
284,52668903	-0,00021896
284,73545328	0,00060014
284,94423439	0,00064008
285,15303236	0,00070833
285,36184717	0,00066850
285,57067883	0,00062300
285,77952732	-0,00067420
285,98839265	0,00092445
286,19727482	-0,00017927
286,40617381	0,00177236
286,61508962	0,00078789
286,82402226	0,00036699
287,03297171	0,00114077
287,24193797	0,00123164
287,45092104	-0,00017376
287,65992091	0,00014523
287,86893758	-0,00042972
288,07797105	0,00123174
288,28702131	-0,00024748
288,49608835	0,00008805
288,70517218	-0,00018498
288,91427279	0,00125442
289,12339017	-0,00015652
289,33252432	0,00102691
289,54167524	-0,00016212
289,75084293	0,00036693
289,96002737	-0,00028172
290,16922856	0,00044659
290,37844651	-0,00000853
290,58768120	0,00085059
290,79693264	-0,00004270
291,00620081	0,00037835
291,21548572	0,00070272
291,42478736	0,00105530
291,63410573	0,00021317
291,84344081	0,00085048
292,05279262	-0,00012803
292,26216114	0,00060578
292,47154637	0,00037826
292,68094831	0,00062874
292,89036694	-0,00021332
293,09980228	0,00101556
293,30925431	0,00017920
293,51872303	0,00092468
293,72820843	0,00114081
293,93771052	0,00099854
294,14722928	0,00086771
294,35676472	0,00080517
294,56631682	-0,00029310
294,77588560	0,00058896
294,98547103	-0,00051500
295,19507312	0,00144216
295,40469186	-0,00078242
295,61432726	0,00154466
295,82397929	0,00020195
296,03364797	0,00134556
296,24333329	-0,00023606
296,45303524	0,00173252
296,66275381	-0,00054915
296,87248902	0,00060589
297,08224084	0,00129443
297,29200928	0,00099833
297,50179433	0,00023610
297,71159599	0,00188059
297,92141426	-0,00093030
298,13124912	0,00070263
298,34110059	-0,00020783
298,55096864	0,00028730
298,76085328	0,00027601
298,97075451	0,00083915
299,18067232	0,00072540
299,39060670	0,00050338
299,60055766	0,00036147
299,81052518	0,00124321
300,02050927	-0,00012245
300,23050991	0,00097587
300,44052712	-0,00070266
300,65056087	0,00126583
300,86061117	0,00009385
301,07067802	0,00058894
301,28076140	-0,00058323
301,49086133	0,00045800
301,70097778	-0,00007124
301,91111076	0,00070271
302,12126026	0,00038388
302,33142628	-0,00004277
302,54160882	0,00021888
302,75180787	0,00021324
302,96202342	-0,00023620
303,17225548	0,00064019
303,38250404	-0,00052050
303,59276909	0,00036127
303,80305064	0,00002557
304,01334867	0,00107239
304,22366318	-0,00000864
304,43399417	0,00128879
304,64434164	-0,00026440
304,85470557	0,00097585
305,06508598	0,00023035
305,27548284	0,00065706
305,48589617	-0,00033864
305,69632594	0,00090185
305,90677217	0,00074260
306,11723485	0,00145920
306,32771396	-0,00009965
306,53820952	0,00021904
306,74872151	-0,00075966
306,95924993	0,00073676
307,16979477	-0,00024185
307,38035604	0,00170403
307,59093372	-0,00046372
307,80152782	0,00172127
308,01213833	-0,00042394
308,22276524	0,00099857
308,43340856	0,00018479
308,64406827	0,00097006
308,85474438	-0,00030445
309,06543687	0,00167559
309,27614575	-0,00054343
309,48687102	0,00175522
309,69761266	0,00019622
309,90837067	-0,00006547
310,11914505	0,00002555
310,32993580	0,00123192
310,54074290	-0,00059466
310,75156637	0,00047505
310,96240618	-0,00028742
311,17326235	0,00104976
311,38413486	-0,00131155
311,59502371	0,00145359
311,80592890	0,00020763
312,01685042	0,00147072
312,22778827	-0,00057749
312,43874244	0,00026449
312,64971294	0,00034987
312,86069975	0,00052624
313,07170287	0,00007099
313,28272230	0,00092445
313,49375804	0,00016203
313,70481007	0,00051487
313,91587840	-0,00020204
314,12696302	0,00114651
314,33806394	-0,00001994
314,54918113	0,00087337
314,76031460	0,00001420
314,97146435	0,00164169
315,18263038	0,00016206
315,39381267	0,00060022
315,60501122	-0,00048644
315,81622603	0,00127166
316,02745710	-0,00028170
316,23870442	0,00020187
316,44996799	0,00026464
316,66124780	0,00123746
316,87254384	-0,00004265
317,08385613	0,00087336
317,29518464	-0,00023053
317,50652939	0,00039540
317,71789035	0,00028159
317,92926754	0,00055469
318,14066094	0,00033271
318,35207055	0,00104405
318,56349636	0,00056615
318,77493838	0,00049792
318,98639660	-0,00016805
319,19787101	0,00076526
319,40936162	0,00077069
319,62086841	0,00082787
319,83239138	0,00044656
320,04393053	0,00105542
320,25548585	0,00070272
320,46705735	0,00031567
320,67864501	0,00002004
320,89024883	0,00106106
321,10186881	-0,00029293
321,31350495	0,00070843
321,52515723	0,00028726
321,73682566	0,00087333
321,94851023	0,00086765
322,16021094	0,00159040
322,37192779	-0,00051489
322,58366076	0,00079933
322,79540986	-0,00098158
323,00717508	0,00201704
323,21895642	0,00066853
323,43075387	0,00071393
323,64256743	0,00035550
323,85439710	0,00184629
324,06624286	0,00051485
324,27810473	0,00089045
324,48998269	0,00009956
324,70187673	0,00103844
324,91378686	0,00029857
325,12571308	0,00119770
325,33765537	0,00001984
325,54961373	0,00012221
325,76158816	0,00111792
325,97357865	0,00091318
326,18558521	-0,00017932
326,39760782	0,00121474
326,60964649	-0,00027594
326,82170120	0,00069116
327,03377196	0,00177807
327,24585876	0,00077663
327,45796159	-0,00063450
327,67008046	0,00070833
327,88221536	0,00005402
328,09436627	0,00116354
328,30653321	0,00010511
328,51871617	0,00130015
328,73091514	-0,00001426
328,94313011	0,00145929
329,15536109	0,00001990
329,36760807	0,00067410
329,57987104	0,00119778
329,79215001	0,00083927
330,00444496	0,00034988
330,21675590	0,00028734
330,42908281	0,00016224
330,64142570	0,00060024
330,85378457	0,00047509
331,06615940	0,00039533
331,27855019	0,00019631
331,49095694	0,00103262
331,70337965	0,00019062
331,91581831	0,00133987
332,12827292	0,00108394
332,34074346	0,00159593
332,55322995	-0,00041269
332,76573237	0,00118047
332,97825073	0,00039518
333,19078501	0,00068570
333,40333521	0,00049208
333,61590133	0,00082783
333,82848337	0,00086763
334,04108131	0,00078801
334,25369516	-0,00025895
334,46632492	0,00196012
334,67897057	0,00023050
334,89163212	0,00119786
335,10430956	0,00116350
335,31700288	0,00165855
335,52971208	0,00095847
335,74243717	0,00106680
335,95517813	0,00056598
336,16793495	0,00133426
336,38070765	0,00046374
336,59349620	0,00053198
336,80630061	-0,00005398
337,01912088	0,00107242
337,23195699	0,00038402
337,44480895	0,00060590
337,65767676	0,00051486
337,87056040	0,00102695
338,08345987	-0,00062317
338,29637517	0,00132858
338,50930630	0,00066286
338,72225325	0,00067995
338,93521602	0,00075960
339,14819459	0,00158459
339,36118898	-0,00033307
339,57419918	0,00126588
339,78722517	0,00021905
340,00026696	0,00116918
340,21332454	-0,00036143
340,42639792	0,00088464
340,63948707	-0,00042965
340,85259201	0,00162434
341,06571272	0,00001423
341,27884921	0,00171543
341,49200146	0,00009966
341,70516948	0,00120338
341,91835326	-0,00041254
342,13155280	0,00069132
342,34476809	0,00034425
342,55799912	0,00112934
342,77124590	0,00058876
342,98450842	0,00185205
343,19778668	0,00133418
343,41108066	0,00080495
343,62439038	0,00048647
343,83771582	0,00081636
344,05105698	0,00047499
344,26441385	0,00019636
344,47778644	-0,00044101
344,69117473	0,00106689
344,90457873	0,00080523
345,11799842	0,00073675
345,33143382	-0,00002004
345,54488490	0,00130566
345,75835167	-0,00032156
345,97183412	0,00185770
346,18533225	0,00053766
346,39884606	0,00081085
346,61237554	0,00040107
346,82592069	0,00106695
347,03948149	0,00001411
347,25305796	0,00114644
347,46665008	0,00017348
347,68025786	0,00096437
347,89388127	0,00152772
348,10752034	0,00104978
348,32117504	0,00074245
348,53484537	0,00166987
348,74853134	-0,00001435
348,96223293	0,00144229
349,17595014	0,00098142
349,38968297	0,00177811
349,60343142	0,00085051
349,81719548	0,00100993
350,03097514	0,00014504
350,24477040	0,00126603
350,45858126	0,00118621
350,67240772	0,00083360
350,88624977	0,00036703
351,10010740	0,00140245
351,31398061	0,00060592
351,52786940	0,00160725
351,74177377	0,00017916
351,95569370	0,00133436
352,16962920	-0,00032141
352,38358026	0,00121476
352,59754688	0,00073104
352,81152905	0,00137969
353,02552677	0,00087899
353,23954004	0,00198292
353,45356884	0,00109526
353,66761319	0,00141962
353,88167307	0,00172118
354,09574847	0,00111232
354,30983940	0,00054902
354,52394585	0,00191451
354,73806782	0,00124331
354,95220530	0,00159604
355,16635829	0,00103843
355,38052679	0,00032715
355,59471078	0,00069690
355,80891027	0,00203422
356,02312526	0,00110089
356,23735573	0,00168137
356,45160169	0,00047514
356,66586312	0,00267141
356,88014004	0,00214780
357,09443242	0,00181203
357,30874027	0,00054315
357,52306359	0,00172684
357,73740237	0,00184625
357,95175660	0,00082769
358,16612628	0,00060580
358,38051142	0,00149356
358,59491199	0,00094153
358,80932801	0,00179516
359,02375946	0,00065692
359,23820634	0,00209092
359,45266865	0,00111231
359,66714638	0,00148207
359,88163954	0,00086771
360,09614811	0,00144235
360,31067209	0,00209099
360,52521147	0,00120338
360,73976626	0,00106110
360,95433645	0,00235840
361,16892203	0,00062867
361,38352301	0,00133423
361,59813937	0,00133419
361,81277111	0,00247781
362,02741824	0,00081073
362,24208074	0,00133426
362,45675860	0,00161295
362,67145184	0,00123742
362,88616044	0,00124879
363,10088439	0,00131707
363,31562370	0,00184062
363,53037836	0,00147645
363,74514837	0,00108387
363,95993372	0,00191468
364,17473441	0,00071969
364,38955043	0,00226745
364,60438178	0,00121472
364,81922846	0,00295015
365,03409046	0,00196015
365,24896778	0,00192025
365,46386041	0,00205111
365,67876835	0,00240393
365,89369159	0,00100993
366,10863014	0,00182922
366,32358399	0,00194308
366,53855313	0,00164150
366,75353756	0,00101000
366,96853727	0,00169841
367,18355227	0,00108382
367,39858254	0,00174955
367,61362809	0,00108940
367,82868890	0,00300707
368,04376498	0,00092453
368,25885632	0,00222758
368,47396292	0,00128870
368,68908477	0,00242084
368,90422187	0,00170407
369,11937422	0,00282501
369,33454180	0,00248355
369,54972463	0,00254052
369,76492268	0,00279084
369,98013597	0,00215934
370,19536448	0,00115223
370,41060820	0,00292744
370,62586715	0,00245513
370,84114131	0,00264291
371,05643067	0,00165294
371,27173524	0,00337123
371,48705501	0,00197143
371,70238998	0,00244366
371,91774014	0,00268836
372,13310548	0,00346788
372,34848602	0,00213637
372,56388173	0,00292714
372,77929261	0,00210799
372,99471867	0,00261448
373,21015989	0,00283633
373,42561628	0,00355320
373,64108783	0,00292733
373,85657454	0,00379794
374,07207639	0,00239256
374,28759340	0,00324594
374,50312554	0,00333125
374,71867283	0,00322322
374,93423525	0,00216493
375,14981280	0,00260300
375,36540548	0,00258033
375,58101328	0,00243240
375,79663621	0,00281922
376,01227424	0,00356466
376,22792739	0,00233563
376,44359564	0,00398565
376,65927900	0,00195990
376,87497746	0,00239811
377,09069101	0,00235840
377,30641965	0,00370677
377,52216337	0,00212504
377,73792218	0,00311527
377,95369607	0,00294440
378,16948503	0,00346224
378,38528907	0,00315502
378,60110817	0,00388317
378,81694233	0,00260873
379,03279155	0,00313224
379,24865582	0,00298425
379,46453514	0,00321189
379,68042951	0,00213647
379,89633893	0,00404850
380,11226337	0,00188035
380,32820286	0,00392312
380,54415737	0,00277380
380,76012691	0,00321168
380,97611147	0,00283637
381,19211105	0,00404812
381,40812564	0,00314950
381,62415524	0,00355326
381,84019984	0,00348500
382,05625945	0,00383207
382,27233405	0,00300127
382,48842365	0,00401396
382,70452824	0,00282488
382,92064781	0,00380931
383,13678236	0,00292733
383,35293189	0,00358740
383,56909639	0,00227298
383,78527586	0,00316060
384,00147030	0,00374665
384,21767970	0,00407106
384,43390405	0,00374095
384,65014336	0,00472538
384,86639761	0,00382083
385,08266681	0,00508948
385,29895095	0,00442375
385,51525002	0,00521456
385,73156403	0,00388332
385,94789297	0,00453202
386,16423683	0,00426458
386,38059561	0,00440090
386,59696931	0,00455444
386,81335791	0,00457178
387,02976143	0,00462867
387,24617985	0,00460583
387,46261317	0,00441821
387,67906139	0,00570393
387,89552449	0,00461154
388,11200249	0,00535139
388,32849537	0,00486761
388,54500313	0,00635838
388,76152576	0,00541962
388,97806327	0,00588618
389,19461564	0,00520906
389,41118288	0,00714913
389,62776497	0,00650624
389,84436192	0,00733141
390,06097372	0,00594865
390,27760037	0,00679071
390,49424186	0,00455481
390,71089819	0,00753614
390,92756936	0,00662006
391,14425536	0,00729729
391,36095618	0,00672821
391,57767182	0,00724027
391,79440229	0,00630708
392,01114757	0,00707526
392,22790766	0,00625025
392,44468255	0,00676220
392,66147225	0,00679665
392,87827675	0,00747368
393,09509604	0,00736563
393,31193012	0,00750190
393,52877899	0,00712077
393,74564264	0,00828710
393,96252107	0,00642675
394,17941427	0,00885615
394,39632224	0,00617063
394,61324498	0,00910666
394,83018248	0,00709231
395,04713474	0,00870815
395,26410175	0,00745658
395,48108351	0,00808231
395,69808001	0,00766133
395,91509126	0,00891880
396,13211725	0,00803683
396,34915796	0,00835553
396,56621341	0,00812785
396,78328359	0,00957299
397,00036848	0,00767270
397,21746809	0,00852030
397,43458242	0,00828143
397,65171145	0,00918603
397,86885519	0,00771823
398,08601363	0,00924301
398,30318677	0,00741099
398,52037460	0,00943091
398,73757711	0,00881637
398,95479432	0,00952747
399,17202620	0,00856029
399,38927276	0,00961291
399,60653400	0,00908376
399,82380990	0,00899268
400,04110046	0,00772402
400,25840569	0,00963562
400,47572557	0,00891869
400,69306011	0,00890160
400,91040929	0,00821312
401,12777312	0,00935678
401,34515158	0,00753045
401,56254469	0,00881060
401,77995242	0,00747359
401,99737478	0,00948191
402,21481177	0,00844634
402,43226338	0,00796859
402,64972960	0,00879928
402,86721043	0,00874790
403,08470588	0,00956749
403,30221592	0,00886753
403,51974057	0,00933996
403,73727981	0,00854899
403,95483364	0,00993737
404,17240206	0,00856594
404,38998506	0,00991998
404,60758264	0,00940236
404,82519479	0,00933965
405,04282152	0,00871384
405,26046282	0,00945360
405,47811867	0,00983479
405,69578909	0,01025009
405,91347406	0,00998847
406,13117358	0,01022176
406,34888765	0,00875943
406,56661626	0,01046069
406,78435941	0,01011929
407,00211710	0,01065423
407,21988931	0,01057453
407,43767605	0,01171829
407,65547732	0,01040383
407,87329310	0,01101237
408,09112340	0,01068825
408,30896820	0,01098432
408,52682751	0,01180920
408,74470133	0,01114361
408,96258964	0,01115478
409,18049245	0,01289581
409,39840974	0,01141664
409,61634153	0,01335121
409,83428779	0,01252600
410,05224853	0,01335109
410,27022375	0,01301542
410,48821343	0,01407950
410,70621758	0,01296996
410,92423620	0,01352749
411,14226927	0,01386319
411,36031679	0,01602536
411,57837876	0,01442642
411,79645518	0,01450044
412,01454604	0,01320318
412,23265133	0,01529711
412,45077106	0,01480204
412,66890522	0,01536542
412,88705380	0,01591151
413,10521681	0,01645200
413,32339423	0,01568400
413,54158606	0,01592873
413,75979230	0,01635537
413,97801295	0,01752737
414,19624800	0,01614494
414,41449744	0,01739084
414,63276128	0,01748756
414,85103950	0,01874528
415,06933211	0,01849477
415,28763910	0,01913206
415,50596047	0,01850073
415,72429620	0,01950171
415,94264631	0,01934247
416,16101078	0,02176063
416,37938961	0,02054294
416,59778280	0,02033249
416,81619033	0,01930284
417,03461222	0,01990579
417,25304845	0,01971804
417,47149902	0,02129406
417,68996392	0,02045206
417,90844316	0,02175484
418,12693673	0,01983749
418,34544461	0,02274492
418,56396682	0,02186289
418,78250334	0,02269955
419,00105418	0,02172655
419,21961932	0,02352448
419,43819876	0,02256298
419,65679251	0,02383164
419,87540054	0,02180038
420,09402287	0,02269375
420,31265949	0,02131675
420,53131039	0,02220447
420,74997557	0,02160701
420,96865502	0,02218164
421,18734874	0,02194855
421,40605674	0,02206809
421,62477899	0,02185725
421,84351550	0,02194841
422,06226627	0,02107793
422,28103128	0,02140226
422,49981055	0,02174360
422,71860405	0,02303519
422,93741179	0,02080498
423,15623377	0,02291585
423,37506998	0,02170375
423,59392041	0,02250594
423,81278507	0,02130536
424,03166394	0,02197116
424,25055703	0,02116898
424,46946433	0,02045189
424,68838583	0,02040635
424,90732154	0,02241514
425,12627144	0,02227276
425,34523554	0,02161841
425,56421382	0,02260851
425,78320629	0,02318322
426,00221295	0,02129970
426,22123378	0,02015593
426,44026878	0,02020153
426,65931795	0,02055444
426,87838129	0,02038961
427,09745879	0,02192010
427,31655045	0,02069680
427,53565626	0,02032120
427,75477621	0,02025282
427,97391032	0,02102119
428,19305856	0,02110624
428,41222094	0,02083897
428,63139746	0,02164112
428,85058810	0,02214766
429,06979287	0,01979760
429,28901175	0,02205094
429,50824476	0,02366675
429,72749187	0,02259137
429,94675310	0,02155583
430,16602843	0,02179482
430,38531786	0,02134527
430,60462138	0,02128847
430,82393900	0,02184595
431,04327071	0,02276219
431,26261649	0,02206227
431,48197636	0,02226707
431,70135031	0,02277906
431,92073833	0,02525420
432,14014041	0,02259708
432,35955656	0,02484453
432,57898677	0,02280198
432,79843103	0,02286444
433,01788935	0,02373517
433,23736171	0,02302943
433,45684812	0,02309797
433,67634857	0,02383755
433,89586305	0,02373511
434,11539156	0,02503238
434,33493410	0,02479332
434,55449066	0,02586302
434,77406125	0,02551597
434,99364584	0,02621574
435,21324445	0,02473639
435,43285707	0,02589722
435,65248368	0,02457713
435,87212430	0,02601116
436,09177891	0,02664801
436,31144752	0,02889571
436,53113010	0,02866830
436,75082668	0,02780323
436,97053723	0,02643765
437,19026175	0,02915732
437,41000024	0,02853145
437,62975270	0,03037494
437,84951913	0,03000527
438,06929951	0,03109189
438,28909385	0,03111470
438,50890213	0,03085863
438,72872436	0,03168935
438,94856054	0,03230393
439,16841065	0,03346456
439,38827469	0,03459124
439,60815267	0,03481876
439,82804457	0,03400519
440,04795039	0,03105779
440,26787013	0,03278188
440,48780379	0,03381741
440,70775135	0,03570076
440,92771282	0,03398803
441,14768819	0,03599092
441,36767746	0,03674203
441,58768062	0,03639485
441,80769767	0,03630959
442,02772860	0,03667364
442,24777342	0,03916001
442,46783211	0,03928546
442,68790468	0,03837483
442,90799111	0,03945055
443,12809141	0,03803916
443,34820557	0,04148724
443,56833359	0,03945016
443,78847546	0,04100946
444,00863118	0,03945601
444,22880074	0,04119707
444,44898415	0,04184562
444,66918139	0,04366657
444,88939246	0,04438354
445,10961736	0,04188546
445,32985609	0,04285281
445,55010863	0,04529379
445,77037499	0,04822409
445,99065517	0,04558408
446,21094915	0,04510605
446,43125693	0,04718290
446,65157852	0,04539053
446,87191390	0,04778015
447,09226307	0,04653979
447,31262604	0,04501506
447,53300278	0,04402496
447,75339331	0,04324550
447,97379760	0,04253966
448,19421568	0,04432105
448,41464752	0,04086129
448,63509312	0,04115145
448,85555248	0,04438340
449,07602560	0,04754687
449,29651246	0,04483866
449,51701308	0,04720552
449,73752744	0,04416711
449,95805553	0,04586858
450,17859737	0,04435504
450,39915293	0,04569777
450,61972222	0,04486715
450,84030523	0,04508888
451,06090197	0,04254553
451,28151241	0,04341034
451,50213657	0,04092971
451,72277443	0,04244884
451,94342600	0,04240340
452,16409126	0,04196546
452,38477022	0,04124824
452,60546287	0,04143582
452,82616921	0,04143624
453,04688922	0,04169785
453,26762292	0,04324553
453,48837029	0,04179464
453,70913133	0,04203919
453,92990604	0,04304624
454,15069440	0,04302347
454,37149643	0,04198254
454,59231211	0,04273906
454,81314144	0,04467354
455,03398441	0,04321708
455,25484103	0,04224404
455,47571128	0,04176038
455,69659517	0,04345603
455,91749269	0,04375190
456,13840383	0,04306328
456,35932859	0,04145877
456,58026698	0,03880173
456,80121897	0,03974613
457,02218457	0,04458251
457,24316378	0,04217551
457,46415659	0,04265939
457,68516300	0,04313733
457,90618300	0,03930818
458,12721659	0,04002485
458,34826376	0,03982025
458,56932451	0,04284709
458,79039884	0,04357535
459,01148675	0,04409890
459,23258822	0,04037781
459,45370325	0,04206190
459,67483185	0,04224960
459,89597400	0,04260800
460,11712971	0,04115737
460,33829896	0,04338762
460,55948176	0,04140764
460,78067810	0,04290415
461,00188797	0,04151575
461,22311138	0,04162933
461,44434831	0,04190830
461,66559877	0,04474169
461,88686275	0,04521977
462,10814024	0,04431518
462,32943125	0,04309749
462,55073576	0,04336496
462,77205378	0,04297815
462,99338530	0,04527662
463,21473031	0,04340492
463,43608881	0,04490158
463,65746080	0,04462810
463,87884628	0,04556118
464,10024523	0,04391703
464,32165766	0,04610750
464,54308356	0,04682429
464,76452293	0,04821827
464,98597576	0,04573196
465,20744205	0,04747285
465,42892179	0,04626669
465,65041498	0,04897512
465,87192163	0,05147846
466,09344171	0,05101188
466,31497523	0,04810993
466,53652219	0,05147870
466,75808258	0,05356095
466,97965639	0,05464221
467,20124363	0,05130784
467,42284429	0,05178584
467,64445836	0,05366926
467,86608584	0,05512026
468,08772672	0,05616697
468,30938101	0,05594518
468,53104870	0,05820401
468,75272978	0,06033211
468,97442425	0,05655961
469,19613211	0,05799365
469,41785334	0,05891537
469,63958796	0,06195336
469,86133595	0,06360909
470,08309731	0,06668162
470,30487204	0,06216984
470,52666012	0,06243169
470,74846157	0,06280111
470,97027636	0,06605048
471,19210451	0,06578275
471,41394600	0,06730214
471,63580084	0,06704587
471,85766901	0,06617519
472,07955051	0,06847402
472,30144535	0,06970909
472,52335351	0,06710307
472,74527499	0,06902602
472,96720978	0,07036872
473,18915789	0,07156948
473,41111931	0,07285519
473,63309403	0,07401027
473,85508206	0,07506267
474,07708338	0,07493769
474,29909799	0,07164314
474,52112589	0,07526805
474,74316707	0,07605868
474,96522154	0,07540432
475,18728928	0,07701442
475,40937030	0,08139583
475,63146458	0,07841424
475,85357213	0,08365474
476,07569294	0,08140700
476,29782700	0,07644005
476,51997431	0,07914258
476,74213488	0,08116829
476,96430868	0,07681547
477,18649573	0,07865871
477,40869601	0,07804460
477,63090953	0,07934706
477,85313627	0,08142438
478,07537624	0,08412124
478,29762942	0,07950106
478,51989582	0,07717380
478,74217543	0,07649111
478,96446825	0,08109401
479,18677427	0,07963183
479,40909350	0,08084925
479,63142591	0,07970593
479,85377152	0,08474694
480,07613032	0,08247100
480,29850229	0,08318200
480,52088745	0,07993359
480,74328578	0,08310274
480,96569729	0,08290317
481,18812196	0,07794178
481,41055979	0,07783952
481,63301078	0,08203848
481,85547492	0,08057618
482,07795222	0,08008094
482,30044266	0,07780550
482,52294625	0,08079247
482,74546297	0,07973449
482,96799283	0,07955229
483,19053581	0,08272140
483,41309193	0,08223220
483,63566116	0,07969989
483,85824352	0,08006971
484,08083899	0,08188478
484,30344756	0,08651657
484,52606925	0,09126767
484,74870403	0,09131847
484,97135192	0,08715967
485,19401289	0,08377952
485,41668696	0,08068417
485,63937411	0,08135604
485,86207435	0,08192491
486,08478766	0,08564039
486,30751404	0,08305130
486,53025350	0,08445107
486,75300601	0,08070174
486,97577160	0,08210131
487,19855023	0,08138436
487,42134192	0,08075314
487,64414666	0,08585641
487,86696445	0,08641424
488,08979527	0,08077536
488,31263914	0,08237409
488,53549603	0,08135589
488,75836596	0,08587364
488,98124891	0,08463340
489,20414487	0,08258480
489,42705386	0,08214093
489,64997586	0,07937002
489,87291087	0,08313668
490,09585888	0,08131604
490,31881989	0,08091764
490,54179390	0,08316542
490,76478090	0,08252234
490,98778089	0,08348401
491,21079386	0,08408661
491,43381981	0,08822327
491,65685874	0,09129597
491,87991064	0,08571981
492,10297551	0,08127040
492,32605334	0,08248268
492,54914413	0,08191887
492,77224788	0,08148112
492,99536458	0,08195880
493,21849423	0,08337007
493,44163682	0,08051386
493,66479235	0,08495757
493,88796081	0,08499759
494,11114221	0,08713108
494,33433654	0,08627184
494,55754378	0,08896323
494,78076395	0,08394463
495,00399703	0,08487207
495,22724302	0,08447953
495,45050192	0,08978822
495,67377373	0,08723892
495,89705843	0,08812683
496,12035602	0,09175107
496,34366651	0,08656781
496,56698988	0,08768906
496,79032614	0,09220035
497,01367528	0,08787629
497,23703729	0,09117093
497,46041217	0,09167751
497,68379991	0,09503988
497,90720052	0,09277522
498,13061399	0,09274118
498,35404031	0,08851941
498,57747948	0,09162617
498,80093150	0,09449970
499,02439636	0,10079188
499,24787406	0,10010371
499,47136459	0,09834558
499,69486795	0,09513077
499,91838414	0,09427737
500,14191314	0,09832854
500,36545497	0,09563137
500,58900961	0,09433991
500,81257706	0,10036564
501,03615732	0,10127015
501,25975037	0,10634006
501,48335623	0,10299987
501,70697488	0,10040547
501,93060631	0,10425739
502,15425054	0,11035685
502,37790754	0,11073806
502,60157732	0,10957735
502,82525987	0,10856493
503,04895520	0,10906531
503,27266328	0,10792140
503,49638413	0,11493733
503,72011774	0,11860133
503,94386410	0,11842511
504,16762320	0,11938090
504,39139505	0,12072955
504,61517965	0,11889199
504,83897697	0,12666990
505,06278703	0,11920429
505,28660982	0,11703665
505,51044534	0,11655338
505,73429357	0,12152597
505,95815452	0,12076371
506,18202818	0,12496821
506,40591456	0,13552862
506,62981363	0,13654751
506,85372540	0,13049880
507,07764988	0,12715325
507,30158704	0,13440778
507,52553689	0,13958542
507,74949942	0,13486839
507,97347464	0,13694530
508,19746253	0,13775339
508,42146309	0,13753137
508,64547632	0,13070355
508,86950221	0,13336639
509,09354076	0,13386161
509,31759197	0,13527267
509,54165582	0,13945478
509,76573233	0,14262970
509,98982148	0,14569639
510,21392326	0,13972198
510,43803769	0,13818568
510,66216474	0,14932121
510,88630442	0,14952550
511,11045673	0,14951419
511,33462165	0,15042476
511,55879919	0,15514720
511,78298933	0,15139158
512,00719209	0,15476014
512,23140744	0,15596615
512,45563540	0,15860095
512,67987595	0,15750836
512,90412909	0,15786134
513,12839482	0,15893087
513,35267313	0,16612843
513,57696401	0,16492802
513,80126748	0,16888247
514,02558351	0,17215396
514,24991211	0,16874020
514,47425327	0,17559613
514,69860698	0,18227058
514,92297325	0,17525499
515,14735208	0,17503856
515,37174344	0,17725192
515,59614735	0,18082532
515,82056380	0,17164201
516,04499278	0,16501917
516,26943429	0,16843860
516,49388832	0,16318096
516,71835488	0,15558498
516,94283395	0,15798654
517,16732554	0,16347717
517,39182964	0,15764462
517,61634624	0,16076300
517,84087534	0,16464873
518,06541694	0,16697629
518,28997104	0,16047280
518,51453762	0,16024542
518,73911668	0,16172440
518,96370823	0,16668006
519,18831226	0,17415676
519,41292875	0,18013109
519,63755772	0,17490815
519,86219915	0,17008310
520,08685304	0,17322963
520,31151939	0,17172707
520,53619819	0,17273971
520,76088944	0,16725522
520,98559313	0,17167597
521,21030926	0,16945133
521,43503783	0,17118087
521,65977883	0,16843310
521,88453226	0,16581550
522,10929811	0,17016281
522,33407639	0,15927825
522,55886708	0,16017718
522,78367018	0,17297358
523,00848568	0,18474578
523,23331360	0,17172718
523,45815391	0,17312096
523,68300662	0,16884811
523,90787172	0,17555062
524,13274920	0,17207461
524,35763907	0,17230190
524,58254132	0,17531170
524,80745595	0,17330886
525,03238294	0,18054085
525,25732230	0,18101317
525,48227403	0,17525501
525,70723812	0,17584660
525,93221456	0,17267759
526,15720335	0,17221121
526,38220449	0,17292209
526,60721797	0,17157354
526,83224379	0,15944262
527,05728194	0,15493028
527,28233243	0,15309308
527,50739524	0,16397752
527,73247037	0,16127542
527,95755782	0,16359083
528,18265759	0,15876017
528,40776967	0,16616875
528,63289405	0,15927767
528,85803074	0,15818547
529,08317972	0,15631917
529,30834100	0,15835078
529,53351457	0,15422528
529,75870043	0,16210020
529,98389856	0,15964200
530,20910898	0,15989827
530,43433166	0,15862986
530,65956662	0,16217402
530,88481385	0,16495053
531,11007333	0,16867181
531,33534507	0,17332600
531,56062907	0,17419676
531,78592532	0,16694238
532,01123381	0,16507628
532,23655454	0,16052397
532,46188751	0,16314133
532,68723271	0,16603159
532,91259015	0,17278573
533,13795980	0,18116639
533,36334168	0,17692784
533,58873578	0,17152776
533,81414209	0,16712997
534,03956060	0,17040713
534,26499133	0,16867181
534,49043425	0,16521784
534,71588937	0,17281975
534,94135668	0,17648390
535,16683618	0,18669142
535,39232787	0,17698989
535,61783174	0,16770466
535,84334778	0,17119252
536,06887599	0,18161038
536,29441638	0,18134886
536,51996892	0,17054959
536,74553363	0,16608301
536,97111050	0,17077718
537,19669951	0,17942542
537,42230068	0,17596617
537,64791398	0,17312137
537,87353943	0,17617097
538,09917702	0,17419645
538,32482673	0,17612042
538,55048857	0,18306133
538,77616254	0,18331750
539,00184863	0,17521528
539,22754683	0,17656371
539,45325714	0,17899904
539,67897956	0,18338023
539,90471409	0,18433586
540,13046071	0,18661177
540,35621943	0,18602574
540,58199024	0,18915500
540,80777314	0,19321190
541,03356812	0,20179785
541,25937518	0,19190915
541,48519431	0,19803710
541,71102552	0,19927740
541,93686879	0,19703544
542,16272412	0,19380980
542,38859152	0,19395725
542,61447097	0,20011939
542,84036246	0,20172983
543,06626601	0,20310061
543,29218160	0,20678250
543,51810922	0,21067465
543,74404888	0,21720037
543,97000058	0,21338216
544,19596429	0,21251181
544,42194003	0,21761559
544,64792779	0,21735967
544,87392756	0,20673100
545,09993934	0,20223005
545,32596313	0,21844615
545,55199892	0,23677372
545,77804671	0,22252030
546,00410649	0,21866851
546,23017826	0,21675670
546,45626202	0,21759290
546,68235775	0,22068223
546,90846547	0,22349272
547,13458516	0,22492160
547,36071682	0,23441189
547,58686044	0,22992281
547,81301603	0,23370084
548,03918357	0,22950679
548,26536307	0,22228691
548,49155451	0,22488147
548,71775790	0,21747352
548,94397323	0,21925413
549,17020050	0,24333926
549,39643970	0,24826627
549,62269083	0,25108888
549,84895388	0,24561490
550,07522886	0,25312598
550,30151575	0,24785695
550,52781456	0,25869050
550,75412527	0,25784232
550,98044789	0,25620964
551,20678240	0,24925091
551,43312882	0,24308848
551,65948713	0,24152415
551,88585732	0,25397914
552,11223940	0,24969452
552,33863336	0,25568042
552,56503919	0,26952953
552,79145690	0,26712290
553,01788648	0,26534765
553,24432792	0,28119976
553,47078122	0,29379061
553,69724637	0,28806154
553,92372338	0,27718838
554,15021223	0,26952377
554,37671293	0,26766889
554,60322547	0,26233763
554,82974984	0,29102015
555,05628604	0,28026612
555,28283408	0,27393373
555,50939393	0,27916791
555,73596561	0,28913646
555,96254909	0,28401029
556,18914440	0,29074666
556,41575150	0,29214644
556,64237041	0,28059039
556,86900112	0,28674700
557,09564363	0,29400162
557,32229792	0,29111101
557,54896401	0,30633654
557,77564187	0,31334647
558,00233152	0,30438584
558,22903293	0,30037425
558,45574612	0,30423726
558,68247108	0,31251632
558,90920780	0,29755214
559,13595627	0,30909707
559,36271650	0,31958860
559,58948848	0,31452505
559,81627221	0,31615783
560,04306768	0,30244514
560,26987489	0,31626550
560,49669383	0,32539212
560,72352450	0,32270122
560,95036690	0,32016289
561,17722102	0,32404357
561,40408685	0,34128916
561,63096440	0,33078073
561,85785366	0,32983626
562,08475463	0,32423709
562,31166730	0,31801825
562,53859166	0,30629175
562,76552772	0,30667887
562,99247547	0,30018093
563,21943490	0,30530135
563,44640601	0,32621758
563,67338881	0,31513933
563,90038327	0,31678361
564,12738940	0,31221459
564,35440720	0,31003527
564,58143666	0,30762322
564,80847778	0,30753193
565,03553055	0,30030027
565,26259497	0,29930478
565,48967103	0,30675254
565,71675873	0,29949209
565,94385807	0,30483497
566,17096905	0,30080089
566,39809165	0,29956604
566,62522587	0,30363458
566,85237172	0,29630568
567,07952918	0,30420339
567,30669826	0,31904243
567,53387894	0,32282621
567,76107123	0,30230893
567,98827512	0,30246847
568,21549060	0,31839919
568,44271767	0,29160663
568,66995634	0,29106563
568,89720658	0,29084351
569,12446841	0,28886340
569,35174181	0,29973147
569,57902679	0,30674693
569,80632333	0,29978248
570,03363143	0,29354655
570,26095110	0,28823135
570,48828232	0,29100869
570,71562509	0,29685803
570,94297941	0,29879778
571,17034527	0,30261584
571,39772267	0,29998655
571,62511161	0,29940073
571,85251208	0,30756020
572,07992407	0,31108276
572,30734759	0,28872733
572,53478263	0,29287483
572,76222918	0,29635675
572,98968724	0,28337888
573,21715681	0,28489210
573,44463788	0,28392481
573,67213045	0,27826351
573,89963452	0,27395603
574,12715007	0,27393325
574,35467712	0,28428884
574,58221564	0,28169427
574,80976564	0,28439702
575,03732712	0,28584783
575,26490007	0,27927055
575,49248448	0,28476698
575,72008036	0,28203032
575,94768769	0,28247941
576,17530648	0,26948398
576,40293671	0,27208451
576,63057840	0,28600753
576,85823152	0,27768879
577,08589608	0,28151819
577,31357208	0,27533330
577,54125951	0,28146138
577,76895836	0,27462192
577,99666863	0,26518838
578,22439032	0,28396486
578,45212343	0,28216664
578,67986794	0,27905428
578,90762386	0,27570915
579,13539118	0,26011803
579,36316989	0,25439450
579,59096000	0,25833774
579,81876150	0,26481791
580,04657439	0,26457351
580,27439865	0,26197336
580,50223429	0,25359282
580,73008131	0,25672210
580,95793969	0,26333922
581,18580944	0,27892309
581,41369055	0,28500635
581,64158301	0,27715980
581,86948683	0,27105474
582,09740200	0,25757453
582,32532851	0,25864511
582,55326636	0,25332466
582,78121555	0,27045136
583,00917606	0,27991370
583,23714791	0,27758624
583,46513108	0,27207859
583,69312558	0,27558987
583,92113138	0,28231463
584,14914850	0,28005002
584,37717693	0,28257066
584,60521666	0,28104564
584,83326769	0,29161778
585,06133002	0,29310823
585,28940364	0,28147857
585,51748854	0,27292627
585,74558473	0,28055061
585,97369220	0,28944413
586,20181094	0,30117676
586,42994096	0,29800169
586,65808224	0,28996126
586,88623479	0,28095500
587,11439859	0,28689502
587,34257365	0,29038900
587,57075997	0,28836861
587,79895752	0,29175951
588,02716633	0,30579654
588,25538637	0,31124684
588,48361764	0,30279210
588,71186015	0,28995013
588,94011388	0,30704871
589,16837883	0,31127605
589,39665501	0,30505662
589,62494239	0,30192195
589,85324099	0,31586114
590,08155080	0,31700531
590,30987180	0,31152049
590,53820401	0,30612631
590,76654741	0,32292293
590,99490200	0,32242232
591,22326778	0,29497985
591,45164473	0,28534728
591,68003287	0,29470717
591,90843218	0,31572497
592,13684266	0,32633670
592,36526431	0,33070072
592,59369711	0,32678025
592,82214108	0,32674611
593,05059620	0,32728079
593,27906246	0,34134665
593,50753988	0,35568462
593,73602843	0,34069206
593,96452813	0,35348903
594,19303895	0,34496600
594,42156091	0,34937486
594,65009399	0,36606866
594,87863819	0,37218585
595,10719351	0,35951975
595,33575994	0,35921243
595,56433748	0,35041543
595,79292613	0,35125774
596,02152587	0,36304158
596,25013672	0,36934025
596,47875865	0,34864054
596,70739168	0,34615432
596,93603579	0,33560014
597,16469098	0,32332668
597,39335724	0,33187295
597,62203458	0,35359067
597,85072299	0,35456359
598,07942246	0,36180126
598,30813299	0,35661803
598,53685458	0,36955663
598,76558722	0,36718384
598,99433091	0,37265164
599,22308564	0,36214259
599,45185141	0,36602901
599,68062822	0,37309549
599,90941606	0,38796325
600,13821493	0,39233897
600,36702482	0,38979538
600,59584573	0,36969923
600,82467766	0,37406871
601,05352060	0,38249505
601,28237455	0,38241564
601,51123949	0,39354420
601,74011544	0,42234108
601,96900239	0,41359528
602,19790032	0,41085901
602,42680925	0,39784077
602,65572915	0,40343923
602,88466004	0,41442606
603,11360190	0,43421573
603,34255473	0,40605056
603,57151853	0,38764456
603,80049329	0,39607684
604,02947901	0,41645823
604,25847568	0,39794888
604,48748331	0,39826223
604,71650188	0,39868890
604,94553140	0,40648892
605,17457185	0,41314064
605,40362324	0,43369238
605,63268555	0,41621898
605,86175880	0,41229839
606,09084296	0,41367015
606,31993805	0,42842942
606,54904405	0,43699214
606,77816096	0,42214153
607,00728877	0,41837536
607,23642749	0,40986387
607,46557710	0,41275940
607,69473761	0,43313458
607,92390901	0,42512376
608,15309130	0,41282760
608,38228446	0,42862821
608,61148851	0,44087250
608,84070342	0,42954443
609,06992921	0,42555059
609,29916586	0,42929436
609,52841338	0,43561025
609,75767175	0,43056888
609,98694097	0,44320581
610,21622105	0,43779416
610,44551196	0,43646849
610,67481372	0,44380237
610,90412632	0,46729636
611,13344975	0,46565228
611,36278401	0,45425519
611,59212909	0,44683015
611,82148500	0,45279869
612,05085172	0,43735697
612,28022925	0,45741307
612,50961760	0,46562367
612,73901674	0,45650220
612,96842669	0,46437140
613,19784743	0,47451604
613,42727897	0,46677242
613,65672130	0,47499486
613,88617441	0,46293799
614,11563829	0,45197372
614,34511296	0,44476441
614,57459840	0,44189724
614,80409460	0,44338225
615,03360157	0,46902615
615,26311930	0,46963460
615,49264779	0,47881252
615,72218703	0,45857370
615,95173701	0,45016393
616,18129774	0,43310645
616,41086921	0,43247473
616,64045141	0,46294933
616,87004435	0,46468498
617,09964801	0,46513433
617,32926240	0,47192284
617,55888750	0,45311216
617,78852332	0,45375995
618,01816986	0,47259878
618,24782710	0,50377970
618,47749504	0,48671567
618,70717368	0,45385732
618,93686302	0,46662452
619,16656305	0,48065569
619,39627376	0,49060728
619,62599516	0,49684352
619,85572723	0,46383646
620,08546998	0,44745628
620,31522341	0,44300059
620,54498749	0,47590458
620,77476224	0,46288625
621,00454765	0,45259416
621,23434372	0,43835844
621,46415043	0,45188263
621,69396779	0,45281529
621,92379579	0,44302933
622,15363443	0,44411047
622,38348371	0,44466251
622,61334361	0,43047238
622,84321414	0,42084428
623,07309530	0,41923447
623,30298707	0,44714244
623,53288945	0,49700240
623,76280244	0,50100326
623,99272604	0,47835708
624,22266024	0,44558421
624,45260504	0,42290500
624,68256044	0,41923500
624,91252642	0,41794316
625,14250299	0,43257742
625,37249013	0,43835199
625,60248786	0,44795063
625,83249616	0,45055658
626,06251503	0,44779717
626,29254446	0,44510055
626,52258446	0,42264244
626,75263501	0,41417037
626,98269611	0,43514861
627,21276777	0,44153857
627,44284996	0,44994222
627,67294270	0,42369546
627,90304598	0,42664239
628,13315979	0,42669383
628,36328412	0,41160450
628,59341899	0,41056830
628,82356437	0,40914628
629,05372027	0,39415386
629,28388668	0,41142214
629,51406360	0,43050548
629,74425102	0,41962300
629,97444894	0,40727572
630,20465736	0,42452285
630,43487627	0,43353511
630,66510567	0,40077411
630,89534556	0,40428850
631,12559592	0,40242759
631,35585676	0,39953946
631,58612807	0,47969394
631,81640985	0,45852710
632,04670209	0,43984324
632,27700479	0,43958415
632,50731795	0,43409727
632,73764156	0,42525159
632,96797562	0,42702750
633,19832012	0,42494785
633,42867505	0,40410631
633,65904043	0,39041652
633,88941623	0,39224859
634,11980247	0,39483141
634,35019912	0,39260319
634,58060620	0,37848317
634,81102369	0,37990846
635,04145159	0,38799364
635,27188989	0,38611783
635,50233860	0,39786592
635,73279771	0,39779649
635,96326722	0,39541141
636,19374711	0,38508310
636,42423739	0,39463690
636,65473805	0,39345135
636,88524909	0,37738922
637,11577051	0,37255946
637,34630230	0,37947110
637,57684445	0,38627141
637,80739696	0,40530666
638,03795984	0,40975392
638,26853306	0,40355623
638,49911664	0,42136052
638,72971056	0,42524593
638,96031483	0,44551870
639,19092943	0,43869004
639,42155436	0,39661432
639,65218963	0,39336452
639,88283522	0,39061795
640,11349113	0,39827323
640,34415737	0,41864466
640,57483391	0,40653983
640,80552076	0,38324489
641,03621792	0,39038984
641,26692538	0,39845490
641,49764314	0,39699417
641,72837119	0,38918879
641,95910953	0,38542343
642,18985815	0,37158737
642,42061706	0,37836555
642,65138624	0,39751911
642,88216570	0,42030490
643,11295542	0,41801059
643,34375541	0,40061282
643,57456566	0,39200820
643,80538617	0,38210359
644,03621693	0,38850290
644,26705794	0,39579718
644,49790919	0,39089161
644,72877068	0,38236515
644,95964241	0,37956169
645,19052437	0,38622824
645,42141656	0,40713752
645,65231897	0,43000420
645,88323161	0,44370484
646,11415446	0,43176582
646,34508752	0,40755248
646,57603079	0,38507130
646,80698426	0,38738130
647,03794794	0,41573527
647,26892181	0,43314581
647,49990587	0,44223870
647,73090011	0,42838974
647,96190455	0,40022516
648,19291916	0,38127740
648,42394395	0,38816179
648,65497890	0,39514959
648,88602403	0,40832094
649,11707932	0,40710343
649,34814477	0,41270249
649,57922037	0,40926577
649,81030613	0,42070789
650,04140203	0,43830116
650,27250807	0,45207547
650,50362426	0,44556672
650,73475058	0,43915412
650,96588703	0,43606533
651,19703360	0,45112569
651,42819030	0,44537934
651,65935712	0,42165251
651,89053405	0,42022393
652,12172110	0,43124041
652,35291825	0,44260282
652,58412550	0,45382923
652,81534285	0,44834971
653,04657029	0,45135884
653,27780783	0,46323322
653,50905545	0,47444260
653,74031315	0,46675025
653,97158093	0,47494927
654,20285879	0,48283530
654,43414671	0,49693481
654,66544470	0,48780250
654,89675276	0,51075012
655,12807087	0,51486308
655,35939903	0,52643076
655,59073725	0,52074118
655,82208551	0,51447108
656,05344381	0,49767437
656,28481214	0,48595913
656,51619052	0,48818938
656,74757892	0,50497488
656,97897735	0,51349210
657,21038579	0,50897444
657,44180426	0,50555481
657,67323274	0,53054412
657,90467122	0,52719306
658,13611972	0,50445600
658,36757821	0,50462127
658,59904670	0,52214045
658,83052518	0,51505122
659,06201365	0,54389301
659,29351211	0,58427288
659,52502055	0,59111855
659,75653896	0,59329776
659,98806735	0,58668002
660,21960570	0,56264050
660,45115402	0,54033055
660,68271230	0,53678629
660,91428054	0,52730067
661,14585873	0,51815174
661,37744686	0,53540904
661,60904494	0,57081106
661,84065296	0,58976404
662,07227092	0,56461478
662,30389881	0,57898772
662,53553663	0,58983764
662,76718437	0,59180655
662,99884203	0,55654717
663,23050960	0,55489185
663,46218709	0,55707624
663,69387449	0,56219161
663,92557178	0,56788692
664,15727898	0,54834288
664,38899608	0,54420525
664,62072306	0,59060571
664,85245993	0,59392303
665,08420669	0,58188321
665,31596332	0,57507294
665,54772983	0,60873976
665,77950621	0,59358219
666,01129246	0,57487343
666,24308857	0,55881157
666,47489454	0,57552275
666,70671037	0,58724914
666,93853604	0,58230428
667,17037156	0,56240662
667,40221693	0,55278039
667,63407213	0,56747123
667,86593717	0,59117586
668,09781204	0,57757642
668,32969673	0,58271966
668,56159125	0,58522403
668,79349559	0,57264339
669,02540974	0,57306413
669,25733370	0,57203471
669,48926746	0,57271722
669,72121103	0,60578094
669,95316440	0,58994047
670,18512756	0,58716408
670,41710051	0,56806315
670,64908324	0,58893900
670,88107576	0,59712089
671,11307806	0,60498399
671,34509012	0,59292740
671,57711196	0,60246966
671,80914357	0,62492689
672,04118493	0,65079277
672,27323606	0,61363839
672,50529693	0,59708687
672,73736756	0,59095288
672,96944793	0,59530043
673,20153804	0,59431654
673,43363789	0,59025282
673,66574747	0,59180669
673,89786679	0,59128301
674,12999582	0,58411955
674,36213458	0,57973771
674,59428305	0,57458273
674,82644124	0,58937681
675,05860914	0,56161075
675,29078674	0,56562744
675,52297404	0,61898649
675,75517104	0,65498012
675,98737773	0,61751802
676,21959410	0,58576946
676,45182017	0,57738820
676,68405591	0,57697893
676,91630133	0,58236788
677,14855642	0,61685912
677,38082118	0,62138757
677,61309560	0,61758207
677,84537969	0,58725466
678,07767343	0,57215413
678,30997682	0,57193728
678,54228986	0,57073736
678,77461254	0,56641326
679,00694487	0,57597118
679,23928682	0,59324606
679,47163842	0,57229562
679,70399963	0,55295055
679,93637047	0,56083665
680,16875094	0,57222831
680,40114101	0,55024851
680,63354070	0,54889417
680,86594999	0,56286905
681,09836889	0,57682621
681,33079739	0,57903296
681,56323548	0,56888872
681,79568316	0,57998903
682,02814043	0,57656888
682,26060729	0,55318374
682,49308372	0,55176158
682,72556973	0,58349974
682,95806530	0,60003461
683,19057045	0,58582092
683,42308516	0,57365061
683,65560942	0,55828216
683,88814324	0,56807969
684,12068661	0,59199933
684,35323953	0,61049825
684,58580199	0,63507814
684,81837398	0,59311524
685,05095551	0,57053879
685,28354658	0,56167394
685,51614716	0,55047017
685,74875727	0,52369914
685,98137690	0,52930418
686,21400604	0,55876537
686,44664469	0,55252381
686,67929285	0,54299308
686,91195051	0,54375556
687,14461767	0,54746087
687,37729432	0,55861245
687,60998046	0,55242734
687,84267608	0,55960823
688,07538119	0,55271768
688,30809577	0,54616304
688,54081983	0,55193831
688,77355336	0,56603121
689,00629635	0,55473801
689,23904880	0,56858682
689,47181071	0,59875438
689,70458208	0,58520725
689,93736289	0,55842500
690,17015314	0,52849043
690,40295284	0,52064380
690,63576198	0,53107392
690,86858054	0,55543198
691,10140854	0,53833420
691,33424596	0,53955692
691,56709280	0,52672049
691,79994906	0,52484928
692,03281473	0,53329809
692,26568981	0,55016317
692,49857429	0,52486621
692,73146817	0,49841926
692,96437145	0,48919659
693,19728413	0,49985369
693,43020619	0,51226337
693,66313763	0,51042025
693,89607845	0,50946962
694,12902865	0,51844205
694,36198822	0,54375055
694,59495716	0,56636137
694,82793547	0,54634510
695,06092313	0,53681472
695,29392015	0,54034814
695,52692652	0,54095693
695,75994223	0,52628866
695,99296729	0,51286652
696,22600169	0,50522497
696,45904543	0,49398161
696,69209850	0,50598086
696,92516089	0,56527518
697,15823261	0,58290187
697,39131364	0,55083410
697,62440399	0,52256202
697,85750366	0,53997786
698,09061262	0,54493384
698,32373090	0,53752576
698,55685847	0,52901395
698,78999533	0,51826619
699,02314149	0,51576180
699,25629693	0,52478637
699,48946166	0,52725596
699,72263566	0,51055019
699,95581894	0,48895776
700,18901149	0,51049920
700,42221330	0,53336073
700,65542438	0,52709642
700,88864471	0,52640166
701,12187430	0,53236529
701,35511314	0,50484369
701,58836123	0,50593545
701,82161856	0,51143268
702,05488512	0,51520990
702,28816092	0,48766597
702,52144595	0,49254807
702,75474021	0,49296911
702,98804368	0,49584729
703,22135638	0,50101408
703,45467828	0,50220937
703,68800940	0,50680093
703,92134972	0,51262187
704,15469925	0,49299205
704,38805797	0,48782512
704,62142589	0,49764587
704,85480299	0,49684358
705,08818928	0,49497732
705,32158475	0,50705675
705,55498940	0,51322423
705,78840322	0,50583911
706,02182620	0,49465866
706,25525836	0,49134155
706,48869967	0,48220360
706,72215015	0,48408641
706,95560977	0,49669577
707,18907854	0,49289476
707,42255646	0,50260743
707,65604352	0,51832229
707,88953971	0,52276075
708,12304504	0,50682837
708,35655949	0,51445876
708,59008307	0,53374759
708,82361577	0,52501381
709,05715759	0,51479493
709,29070852	0,50790999
709,52426855	0,51451063
709,75783769	0,50264141
709,99141593	0,50317009
710,22500327	0,52529836
710,45859969	0,53190404
710,69220521	0,51295196
710,92581981	0,49229752
711,15944349	0,46954910
711,39307624	0,47048820
711,62671807	0,46962885
711,86036896	0,48211251
712,09402892	0,50195913
712,32769793	0,50520796
712,56137600	0,51140962
712,79506312	0,51372546
713,02875929	0,52282321
713,26246451	0,55106191
713,49617876	0,55366225
713,72990204	0,52365375
713,96363436	0,49889791
714,19737571	0,49498300
714,43112607	0,49202969
714,66488546	0,51004977
714,89865386	0,51580247
715,13243127	0,53573887
715,36621769	0,54145753
715,60001311	0,53053297
715,83381753	0,52612277
716,06763094	0,52333502
716,30145334	0,53449890
716,53528473	0,54724885
716,76912510	0,54061479
717,00297445	0,54555454
717,23683278	0,52874606
717,47070007	0,50272096
717,70457633	0,50630001
717,93846155	0,54496232
718,17235573	0,56147419
718,40625887	0,58029658
718,64017095	0,58400588
718,87409198	0,59171533
719,10802195	0,58768712
719,34196086	0,59702986
719,57590870	0,61580629
719,80986547	0,61647721
720,04383117	0,60455129
720,27780579	0,60043809
720,51178932	0,59542545
720,74578177	0,58814878
720,97978313	0,57798601
721,21379339	0,57304205
721,44781255	0,56876770
721,68184062	0,56008529
721,91587757	0,56967857
722,14992341	0,59852078
722,38397814	0,62764614
722,61804175	0,64524556
722,85211423	0,65301796
723,08619559	0,62807334
723,32028582	0,60314079
723,55438491	0,59717744
723,78849286	0,56714685
724,02260966	0,55160209
724,25673532	0,56776172
724,49086983	0,58305556
724,72501318	0,58876300
724,95916538	0,60780673
725,19332640	0,61522047
725,42749627	0,63169242
725,66167495	0,63498212
725,89586247	0,60428461
726,13005880	0,59261433
726,36426395	0,57700235
726,59847791	0,56868387
726,83270067	0,57028177
727,06693225	0,59536812
727,30117262	0,62365227
727,53542178	0,63191375
727,76967974	0,60564362
728,00394648	0,56798925
728,23822201	0,57070352
728,47250632	0,58711830
728,70679940	0,61209073
728,94110126	0,62027253
729,17541188	0,60808520
729,40973126	0,59597114
729,64405941	0,60889313
729,87839630	0,61335354
730,11274195	0,60143903
730,34709635	0,56979284
730,58145949	0,56091665
730,81583137	0,57124954
731,05021198	0,59233038
731,28460132	0,58126977
731,51899939	0,58663458
731,75340618	0,60854009
731,98782169	0,61727946
732,22224591	0,62327122
732,45667885	0,61061710
732,69112049	0,61991994
732,92557083	0,63883928
733,16002987	0,61078763
733,39449761	0,59878170
733,62897403	0,60848416
733,86345914	0,62906364
734,09795294	0,64999028
734,33245541	0,63818463
734,56696655	0,62526882
734,80148637	0,62069982
735,03601485	0,62318541
735,27055199	0,65078639
735,50509779	0,66289994
735,73965224	0,64925623
735,97421534	0,63943062
736,20878709	0,63312691
736,44336748	0,62247433
736,67795650	0,63661416
736,91255416	0,67092951
737,14716045	0,68979737
737,38177536	0,68120524
737,61639889	0,66718517
737,85103105	0,66553486
738,08567181	0,66100036
738,32032118	0,65501469
738,55497916	0,66869869
738,78964574	0,67005318
739,02432091	0,66378216
739,25900468	0,65693168
739,49369703	0,63874201
739,72839797	0,64075102
739,96310749	0,65631806
740,19782559	0,67366610
740,43255226	0,68566604
740,66728750	0,67301212
740,90203130	0,64539923
741,13678366	0,64147285
741,37154458	0,65150459
741,60631405	0,65591900
741,84109207	0,65706296
742,07587863	0,65060518
742,31067373	0,66072194
742,54547737	0,65357528
742,78028953	0,65582913
743,01511023	0,65953791
743,24993945	0,67840536
743,48477719	0,68609212
743,71962345	0,66720848
743,95447821	0,65321127
744,18934149	0,63939120
744,42421326	0,60935449
744,65909354	0,60072308
744,89398231	0,61271085
745,12887957	0,61479350
745,36378532	0,61011655
745,59869955	0,61008755
745,83362227	0,62837463
746,06855345	0,65140173
746,30349311	0,65419562
746,53844123	0,65823592
746,77339782	0,64558139
747,00836287	0,61297282
747,24333636	0,59929453
747,47831832	0,61895298
747,71330871	0,64808525
747,94830755	0,67292045
748,18331483	0,66910854
748,41833054	0,64987136
748,65335468	0,63323452
748,88838725	0,62652598
749,12342824	0,62707241
749,35847765	0,63851392
749,59353547	0,63880986
749,82860170	0,64218418
750,06367634	0,64983191
750,29875938	0,62824435
750,53385082	0,60101245
750,76895065	0,58234370
751,00405887	0,60065951
751,23917548	0,61086735
751,47430047	0,63255700
751,70943383	0,62796545
751,94457557	0,60289105
752,17972568	0,60640148
752,41488416	0,59166444
752,65005099	0,57359363
752,88522618	0,57491422
753,12040973	0,56375560
753,35560162	0,55952299
753,59080186	0,55787260
753,82601044	0,55786710
754,06122736	0,54732962
754,29645261	0,53399788
754,53168619	0,51955758
754,76692809	0,53806025
755,00217832	0,54896174
755,23743686	0,52921275
755,47270371	0,52018257
755,70797887	0,53790087
755,94326234	0,54467796
756,17855410	0,55365685
756,41385417	0,54373380
756,64916252	0,54273166
756,88447917	0,55339460
757,11980409	0,54571946
757,35513730	0,54179907
757,59047878	0,52961659
757,82582854	0,52532654
758,06118656	0,52954866
758,29655285	0,53525003
758,53192740	0,55143789
758,76731020	0,55633011
759,00270125	0,55661498
759,23810055	0,56284035
759,47350810	0,54960485
759,70892388	0,51414605
759,94434790	0,49360004
760,17978015	0,50346082
760,41522063	0,51876650
760,65066934	0,53306505
760,88612626	0,54990076
761,12159139	0,55386089
761,35706474	0,53303069
761,59254629	0,51363986
761,82803605	0,52410947
762,06353401	0,51588191
762,29904016	0,50497977
762,53455450	0,48378520
762,77007703	0,48886101
763,00560774	0,49323625
763,24114663	0,50589620
763,47669369	0,51553395
763,71224893	0,51828243
763,94781233	0,50472945
764,18338389	0,49176842
764,41896362	0,47935349
764,65455149	0,48682362
764,89014752	0,49120464
765,12575169	0,47668468
765,36136400	0,45446046
765,59698446	0,43823341
765,83261304	0,43561519
766,06824976	0,45611590
766,30389460	0,46554902
766,53954756	0,45031844
766,77520865	0,44015021
767,01087784	0,44876993
767,24655515	0,45552385
767,48224056	0,46994775
767,71793407	0,47695206
767,95363568	0,48160019
768,18934538	0,47582541
768,42506317	0,47204716
768,66078905	0,45964368
768,89652301	0,45547865
769,13226504	0,44542493
769,36801515	0,44500949
769,60377333	0,45885233
769,83953957	0,45113747
770,07531387	0,41857449
770,31109623	0,40535722
770,54688665	0,42423025
770,78268511	0,42518634
771,01849161	0,39615113
771,25430616	0,39612775
771,49012874	0,40726868
771,72595936	0,41048918
771,96179800	0,40994866
772,19764467	0,40510031
772,43349936	0,40196025
772,66936207	0,41333961
772,90523278	0,42378102
773,14111151	0,42698968
773,37699824	0,41103003
773,61289297	0,39791979
773,84879569	0,40273929
774,08470641	0,42218168
774,32062512	0,42419591
774,55655180	0,41941059
774,79248647	0,43283359
775,02842912	0,43447191
775,26437973	0,42317724
775,50033832	0,40332549
775,73630486	0,40201735
775,97227937	0,40998308
776,20826183	0,42619297
776,44425224	0,43381148
776,68025060	0,44166947
776,91625691	0,44805945
777,15227115	0,43201911
777,38829333	0,40751315
777,62432344	0,40058866
777,86036147	0,40584616
778,09640743	0,39262930
778,33246131	0,38295082
778,56852310	0,38018506
778,80459280	0,39248664
779,04067041	0,40934557
779,27675592	0,39969550
779,51284933	0,38573289
779,74895064	0,40036088
779,98505984	0,43623024
780,22117692	0,46523091
780,45730188	0,44896936
780,69343472	0,42094704
780,92957544	0,38777024
781,16572403	0,38849822
781,40188048	0,40654615
781,63804479	0,42199411
781,87421697	0,41842686
782,11039699	0,42034974
782,34658487	0,42349045
782,58278059	0,41224246
782,81898416	0,40457807
783,05519556	0,39514921
783,29141479	0,38898719
783,52764186	0,39572938
783,76387675	0,40334874
784,00011946	0,40652870
784,23636999	0,40187470
784,47262833	0,40639840
784,70889448	0,39268043
784,94516844	0,38112353
785,18145020	0,38429331
785,41773975	0,39480820
785,65403710	0,39978077
785,89034224	0,39164399
786,12665516	0,38570409
786,36297586	0,39368719
786,59930434	0,38579520
786,83564059	0,39538833
787,07198461	0,38402593
787,30833640	0,37143376
787,54469594	0,37794375
787,78106325	0,38796349
788,01743830	0,39762447
788,25382110	0,40332543
788,49021165	0,39262871
788,72660994	0,37932595
788,96301596	0,37389777
789,19942972	0,36935709
789,43585120	0,37242411
789,67228041	0,36369004
789,90871734	0,35670911
790,14516198	0,35947463
790,38161434	0,37398931
790,61807440	0,37675368
790,85454217	0,36240445
791,09101764	0,36807124
791,32750080	0,37008540
791,56399165	0,35777812
791,80049019	0,35065533
792,03699642	0,34936350
792,27351032	0,36770721
792,51003190	0,37418808
792,74656115	0,36724097
792,98309807	0,35151465
793,21964265	0,34155701
793,45619489	0,34821395
793,69275479	0,34325823
793,92932234	0,33290879
794,16589753	0,32303654
794,40248036	0,31548615
794,63907084	0,31852460
794,87566895	0,32895377
795,11227469	0,33662391
795,34888806	0,35182684
795,58550905	0,35577578
795,82213765	0,35569596
796,05877388	0,36345722
796,29541771	0,36400926
796,53206915	0,34930045
796,76872819	0,34404945
797,00539483	0,33696548
797,24206906	0,33639067
797,47875088	0,33554845
797,71544029	0,33276636
797,95213729	0,33272659
798,18884186	0,33823982
798,42555400	0,33772190
798,66227371	0,32940353
798,89900099	0,32954028
799,13573583	0,34269458
799,37247823	0,35477963
799,60922818	0,36869229
799,84598568	0,35542884
800,08275073	0,34609209
800,31952332	0,34590415
800,55630344	0,34753120
800,79309110	0,35139453
801,02988629	0,35935981
801,26668900	0,35408586
801,50349923	0,33734682
801,74031698	0,31989555
801,97714225	0,31016026
802,21397502	0,30321334
802,45081530	0,31573074
802,68766308	0,32575620
802,92451835	0,32770249
803,16138112	0,31950892
803,39825138	0,32283147
803,63512912	0,32940346
803,87201434	0,34007162
804,10890704	0,34510787
804,34580721	0,34369644
804,58271485	0,34373034
804,81962995	0,34406011
805,05655251	0,33435974
805,29348253	0,33736353
805,53042000	0,33063211
805,76736492	0,31582194
806,00431728	0,30800955
806,24127709	0,31422314
806,47824433	0,32078963
806,71521900	0,32858410
806,95220109	0,31967945
807,18919062	0,31731861
807,42618756	0,31348902
807,66319192	0,31074650
807,90020368	0,31093410
808,13722286	0,30389051
808,37424944	0,30696312
808,61128342	0,31706793
808,84832479	0,32469228
809,08537356	0,33026288
809,32242971	0,33004690
809,55949325	0,32692320
809,79656416	0,31587285
810,03364245	0,31534970
810,27072811	0,32356019
810,50782114	0,33074611
810,74492153	0,33496814
810,98202928	0,34070324
811,21914438	0,31993560
811,45626683	0,32703674
811,69339663	0,33194712
811,93053378	0,32930100
812,16767826	0,33260125
812,40483008	0,32965379
812,64198922	0,32092014
812,87915569	0,32556312
813,11632949	0,33513873
813,35351060	0,34416268
813,59069903	0,34995492
813,82789477	0,33859812
814,06509781	0,31309071
814,30230815	0,30035122
814,53952580	0,30230264
814,77675073	0,30857875
815,01398296	0,31344360
815,25122247	0,31039977
815,48846926	0,31803543
815,72572333	0,33208373
815,96298468	0,33920150
816,20025329	0,33699425
816,43752917	0,33038234
816,67481231	0,32814043
816,91210271	0,32891360
817,14940036	0,32828834
817,38670526	0,33092827
817,62401741	0,32206367
817,86133679	0,31352900
818,09866342	0,31377903
818,33599727	0,31484892
818,57333836	0,31505415
818,81068667	0,32069255
819,04804220	0,32962546
819,28540495	0,32113599
819,52277491	0,31777423
819,76015207	0,32834537
819,99753645	0,33692607
820,23492802	0,34459514
820,47232679	0,35159967
820,70973275	0,35010312
820,94714590	0,34529490
821,18456624	0,33578104
821,42199375	0,34262620
821,65942844	0,35308457
821,89687031	0,36722983
822,13431934	0,37435362
822,37177553	0,35250990
822,60923889	0,33663551
822,84670940	0,34892521
823,08418706	0,38328034
823,32167187	0,38154559
823,55916382	0,36223986
823,79666291	0,34681982
824,03416914	0,33876908
824,27168250	0,33413154
824,50920299	0,33745494
824,74673060	0,33929244
824,98426533	0,34661540
825,22180717	0,34635961
825,45935613	0,34141493
825,69691219	0,34109627
825,93447536	0,34876587
826,17204563	0,34158078
826,40962299	0,33541205
826,64720744	0,33126424
826,88479897	0,33586707
827,12239759	0,34024887
827,36000329	0,34194962
827,59761607	0,34124398
827,83523591	0,33886015
828,07286282	0,33170762
828,31049680	0,32573381
828,54813783	0,32046472
828,78578591	0,32295132
829,02344105	0,32353711
829,26110323	0,31668719
829,49877246	0,32036235
829,73644872	0,33444467
829,97413202	0,35310170
830,21182234	0,36106784
830,44951970	0,36490246
830,68722407	0,36283152
830,92493546	0,35268628
831,16265387	0,35513311
831,40037928	0,35121309
831,63811171	0,34744041
831,87585113	0,35396656
832,11359755	0,36930613
832,35135096	0,38123217
832,58911137	0,37962143
832,82687875	0,38192055
833,06465312	0,39428424
833,30243447	0,39705502
833,54022279	0,37950797
833,77801808	0,37458614
834,01582034	0,37991732
834,25362955	0,37398347
834,49144572	0,36913002
834,72926885	0,35826774
834,96709892	0,35647551
835,20493594	0,35305034
835,44277990	0,35580996
835,68063080	0,36764518
835,91848862	0,37752786
836,15635338	0,36967052
836,39422506	0,35222531
836,63210366	0,33578138
836,86998918	0,33699955
837,10788161	0,34506235
837,34578095	0,35685740
837,58368719	0,35113285
837,82160034	0,34011773
838,05952038	0,33756306
838,29744731	0,33234552
838,53538112	0,34819141
838,77332183	0,36271758
839,01126941	0,36662661
839,24922387	0,36946564
839,48718520	0,37067768
839,72515340	0,37759085
839,96312846	0,38822487
840,20111038	0,39799438
840,43909915	0,37850720
840,67709478	0,35223129
840,91509725	0,34917052
841,15310657	0,35369928
841,39112273	0,34687196
841,62914572	0,34214335
841,86717555	0,34465793
842,10521220	0,34729775
842,34325567	0,34758811
842,58130596	0,36683138
842,81936307	0,38395147
843,05742699	0,39162733
843,29549771	0,38132362
843,53357524	0,37145698
843,77165957	0,37060374
844,00975069	0,35714741
844,24784860	0,34107331
844,48595329	0,34754812
844,72406477	0,36542001
844,96218303	0,36729758
845,20030807	0,35088266
845,43843987	0,33774489
845,67657844	0,32330386
845,91472377	0,33321008
846,15287586	0,33400087
846,39103470	0,33938893
846,62920029	0,34031139
846,86737263	0,34157976
847,10555171	0,34155124
847,34373753	0,33510477
847,58193008	0,33478034
847,82012936	0,33790931
848,05833537	0,34053873
848,29654810	0,33768832
848,53476755	0,33214070
848,77299371	0,32988695
849,01122658	0,32861263
849,24946615	0,32884035
849,48771242	0,32355964
849,72596540	0,32942026
849,96422506	0,33833085
850,20249142	0,35513275
850,44076446	0,36555628
850,67904418	0,37569574
850,91733058	0,38009374
851,15562365	0,37372147
851,39392338	0,35440417
851,63222979	0,34738295
851,87054285	0,34953393
852,10886257	0,34891948
852,34718895	0,35280029
852,58552197	0,36225094
852,82386164	0,35643603
853,06220794	0,34170509
853,30056088	0,32672954
853,53892046	0,31908236
853,77728666	0,30752651
854,01565949	0,30779933
854,25403894	0,30906833
854,49242500	0,31293785
854,73081768	0,31801257
854,96921696	0,31906526
855,20762285	0,31674374
855,44603533	0,30442546
855,68445442	0,29937835
855,92288009	0,30147225
856,16131235	0,29663616
856,39975120	0,29638567
856,63819662	0,30033985
856,87664862	0,29937268
857,11510719	0,28931333
857,35357233	0,28798170
857,59204403	0,28481241
857,83052229	0,28284372
858,06900711	0,26851137
858,30749848	0,25305181
858,54599639	0,25050889
858,78450085	0,25548156
859,02301184	0,24946137
859,26152937	0,24322516
859,50005344	0,24026141
859,73858402	0,24174032
859,97712113	0,24305544
860,21566476	0,25481016
860,45421491	0,25369458
860,69277156	0,25921401
860,93133472	0,26919939
861,16990439	0,27425179
861,40848055	0,27059349
861,64706320	0,26271309
861,88565235	0,24735618
862,12424798	0,23649469
862,36285009	0,23160695
862,60145869	0,23339358
862,84007375	0,24218453
863,07869529	0,26110851
863,31732329	0,26697499
863,55595775	0,26922801
863,79459867	0,27471297
864,03324605	0,28013559
864,27189987	0,27301186
864,51056014	0,26420430
864,74922685	0,26118850
864,98790000	0,26038050
865,22657958	0,26361780
865,46526559	0,27648795
865,70395803	0,27637414
865,94265689	0,27560596
866,18136216	0,27182244
866,42007385	0,27302874
866,65879195	0,27372297
866,89751645	0,27351213
867,13624735	0,26663952
867,37498465	0,25328505
867,61372834	0,24520516
867,85247842	0,24523986
868,09123489	0,24566091
868,32999773	0,25053688
868,56876696	0,24842025
868,80754255	0,24267937
869,04632451	0,24069384
869,28511284	0,24399397
869,52390753	0,24110338
869,76270857	0,23912888
870,00151597	0,23660822
870,24032971	0,22916004
870,47914980	0,22073367
870,71797623	0,21951583
870,95680899	0,21358154
871,19564809	0,21075385
871,43449352	0,21294465
871,67334526	0,21866243
871,91220333	0,21738805
872,15106771	0,21720017
872,38993841	0,21782046
872,62881541	0,22022768
872,86769872	0,22369218
873,10658832	0,21362141
873,34548422	0,20192874
873,58438641	0,20188297
873,82329489	0,20904666
874,06220965	0,21581208
874,30113070	0,21882746
874,54005801	0,21620483
874,77899160	0,21871339
875,01793145	0,22566076
875,25687757	0,22981433
875,49582995	0,22612728
875,73478858	0,22754983
875,97375346	0,21954413
876,21272459	0,21921404
876,45170196	0,22346451
876,69068557	0,22415303
876,92967541	0,22381177
877,16867148	0,23109488
877,40767378	0,23040048
877,64668231	0,22971179
877,88569705	0,22207647
878,12471800	0,21355315
878,36374517	0,21366686
878,60277854	0,21758136
878,84181811	0,21857740
879,08086388	0,22222440
879,31991585	0,21876485
879,55897400	0,21697843
879,79803834	0,21933385
880,03710886	0,21359252
880,27618556	0,20642383
880,51526844	0,20426745
880,75435748	0,19979518
880,99345269	0,19971563
881,23255406	0,20085896
881,47166159	0,20491612
881,71077527	0,20194023
881,94989510	0,19955044
882,18902107	0,19323477
882,42815319	0,19170432
882,66729144	0,18844401
882,90643583	0,19347331
883,14558634	0,19712094
883,38474298	0,20073402
883,62390574	0,20163870
883,86307462	0,20394866
884,10224961	0,20457413
884,34143071	0,20390894
884,58061791	0,20091579
884,81981121	0,19869178
885,05901061	0,20023325
885,29821611	0,19629589
885,53742769	0,19344515
885,77664535	0,19227875
886,01586910	0,19289347
886,25509892	0,18719792
886,49433482	0,17881662
886,73357678	0,17989218
886,97282480	0,18145139
887,21207889	0,18120641
887,45133903	0,18191768
887,69060522	0,18466636
887,92987747	0,18702725
888,16915575	0,18858630
888,40844008	0,18192898
888,64773044	0,17981799
888,88702683	0,17607975
889,12632925	0,17495339
889,36563769	0,17075988
889,60495215	0,16679424
889,84427263	0,16615144
890,08359912	0,17119225
890,32293161	0,17717789
890,56227011	0,18075156
890,80161461	0,18101307
891,04096510	0,18090478
891,28032159	0,18182062
891,51968406	0,18751659
891,75905251	0,19149921
891,99842694	0,18632750
892,23780735	0,18000012
892,47719373	0,17822520
892,71658607	0,17351386
892,95598438	0,17457240
893,19538864	0,17265484
893,43479886	0,17225624
893,67421503	0,17344590
893,91363715	0,17771854
894,15306521	0,17505574
894,39249920	0,17234802
894,63193914	0,16707298
894,87138500	0,17053196
895,11083678	0,17620588
895,35029449	0,17627898
895,58975812	0,17446974
895,82922766	0,18031305
896,06870311	0,18241247
896,30818447	0,18611666
896,54767172	0,17856641
896,78716488	0,17176114
897,02666393	0,17261484
897,26616886	0,17954487
897,50567969	0,18716991
897,74519639	0,19131185
897,98471898	0,19175521
898,22424743	0,18675407
898,46378176	0,18225316
898,70332195	0,18031882
898,94286800	0,17983474
899,18241990	0,18429038
899,42197767	0,18747091
899,66154128	0,18723759
899,90111073	0,18819899
900,14068602	0,18774959
900,38026716	0,18520084
900,61985412	0,18716347
900,85944691	0,18871723
901,09904553	0,18914968
901,33864997	0,18600277
901,57826023	0,18297579
901,81787629	0,18265756
902,05749817	0,18444978
902,29712585	0,18243552
902,53675933	0,17758781
902,77639860	0,17322918
903,01604367	0,17499350
903,25569453	0,17687659
903,49535117	0,18116714
903,73501359	0,18975800
903,97468178	0,19718928
904,21435575	0,19020177
904,45403548	0,18880838
904,69372098	0,19327485
904,93341224	0,19390618
905,17310926	0,18518414
905,41281202	0,17480538
905,65252053	0,16408577
905,89223479	0,15972158
906,13195478	0,16029671
906,37168052	0,16955915
906,61141198	0,17292785
906,85114917	0,17176134
907,09089208	0,16842130
907,33064071	0,16455821
907,57039505	0,16495632
907,81015511	0,16573611
908,04992088	0,16109268
908,28969234	0,16168497
908,52946951	0,16161639
908,76925237	0,16102470
909,00904092	0,15833362
909,24883515	0,15928954
909,48863507	0,16369305
909,72844067	0,16874612
909,96825194	0,17362178
910,20806889	0,17512392
910,44789149	0,17392937
910,68771977	0,16889355
910,92755369	0,16555921
911,16739328	0,16937698
911,40723851	0,17224490
911,64708939	0,17667740
911,88694591	0,17386684
912,12680807	0,16407426
912,36667586	0,15819076
912,60654928	0,15376493
912,84642833	0,15421961
913,08631300	0,15894197
913,32620329	0,16512691
913,56609919	0,16721525
913,80600070	0,16633328
914,04590781	0,16153101
914,28582053	0,16152542
914,52573884	0,16127497
914,76566275	0,15660367
915,00559225	0,14908160
915,24552733	0,14204365
915,48546799	0,14408058
915,72541423	0,14859262
915,96536604	0,15400338
916,20532342	0,15889114
916,44528637	0,16028500
916,68525488	0,16183253
916,92522894	0,16361907
917,16520855	0,16253818
917,40519372	0,16213423
917,64518443	0,16250965
917,88518068	0,16049544
918,12518246	0,16080288
918,36518978	0,15936915
918,60520263	0,15873185
918,84522100	0,15723546
919,08524489	0,15617141
919,32527429	0,15214270
919,56530921	0,15068603
919,80534964	0,14937207
920,04539557	0,14691396
920,28544700	0,14481412
920,52550392	0,14964501
920,76556634	0,14798348
921,00563425	0,13969900
921,24570764	0,14010901
921,48578650	0,13799234
921,72587085	0,13988125
921,96596066	0,14099678
922,20605595	0,14334644
922,44615669	0,14263504
922,68626290	0,14632227
922,92637456	0,15216007
923,16649167	0,15614313
923,40661423	0,15623417
923,64674223	0,15926059
923,88687567	0,15877756
924,12701454	0,15087935
924,36715885	0,14897927
924,60730858	0,14514983
924,84746374	0,14545730
925,08762431	0,14353994
925,32779030	0,14373296
925,56796170	0,14396094
925,80813851	0,14294253
926,04832072	0,14494546
926,28850832	0,15136368
926,52870133	0,15429905
926,76889972	0,15490834
927,00910349	0,15483396
927,24931265	0,15083976
927,48952719	0,14960547
927,72974710	0,14936638
927,96997239	0,14860938
928,21020303	0,14756827
928,45043904	0,14863257
928,69068041	0,14916171
928,93092713	0,14739794
929,17117920	0,14629398
929,41143662	0,14653278
929,65169938	0,14687399
929,89196747	0,14515589
930,13224090	0,13812881
930,37251966	0,13608030
930,61280374	0,13612618
930,85309315	0,13524417
931,09338787	0,13269483
931,33368790	0,12979292
931,57399325	0,12891130
931,81430390	0,13008907
932,05461985	0,13021409
932,29494109	0,13223421
932,53526763	0,13617151
932,77559946	0,13386157
933,01593657	0,13345710
933,25627897	0,13296224
933,49662664	0,13385567
933,73697958	0,13609214
933,97733779	0,13510184
934,21770127	0,13150557
934,45807001	0,12711352
934,69844400	0,12401790
934,93882324	0,12218013
935,17920774	0,12275477
935,41959747	0,12189550
935,65999245	0,12429665
935,90039266	0,12664101
936,14079811	0,12566240
936,38120878	0,12021722
936,62162468	0,11708214
936,86204580	0,11655870
937,10247213	0,11561406
937,34290367	0,11306544
937,58334043	0,10768836
937,82378238	0,10497412
938,06422954	0,10727860
938,30468189	0,10830284
938,54513943	0,11416336
938,78560216	0,11630814
939,02607007	0,11718489
939,26654316	0,12064426
939,50702143	0,12207808
939,74750486	0,12260138
939,98799347	0,11960842
940,22848724	0,11898257
940,46898616	0,11665541
940,70949024	0,11695688
940,94999948	0,11730412
941,19051386	0,11662137
941,43103338	0,11188745
941,67155804	0,10750093
941,91208783	0,10635676
942,15262276	0,10589033
942,39316281	0,10743249
942,63370798	0,10797305
942,87425828	0,11029975
943,11481368	0,10775096
943,35537420	0,10635139
943,59593982	0,10362577
943,83651055	0,10397899
944,07708637	0,10161729
944,31766729	0,10239108
944,55825329	0,10234552
944,79884439	0,10711365
945,03944056	0,10676638
945,28004181	0,10689149
945,52064814	0,10611221
945,76125953	0,10689138
946,00187600	0,10355201
946,24249752	0,09885755
946,48312410	0,09783929
946,72375573	0,09637676
946,96439241	0,10128715
947,20503414	0,10075800
947,44568091	0,10108225
947,68633272	0,10248777
947,92698956	0,10350034
948,16765142	0,10552033
948,40831832	0,10987324
948,64899023	0,11130719
948,88966716	0,10895156
949,13034911	0,10855305
949,37103606	0,10783044
949,61172802	0,10668122
949,85242498	0,10372269
950,09312693	0,09961464
950,33383388	0,09785613
950,57454581	0,09899986
950,81526273	0,10054763
951,05598463	0,10620340
951,29671151	0,10884923
951,53744336	0,11078960
951,77818017	0,11045384
952,01892195	0,11063003
952,25966870	0,10629431
952,50042039	0,10560011
952,74117704	0,10492860
952,98193864	0,10455909
953,22270518	0,10231142
953,46347666	0,10314185
953,70425307	0,10117343
953,94503442	0,09991598
954,18582070	0,10234557
954,42661189	0,10548656
954,66740801	0,10601530
954,90820904	0,10508804
955,14901499	0,10278363
955,38982584	0,09898292
955,63064160	0,09731601
955,87146225	0,09467572
956,11228780	0,09276979
956,35311824	0,09255922
956,59395357	0,08968583
956,83479378	0,08954376
957,07563887	0,09028297
957,31648883	0,08992448
957,55734366	0,09046539
957,79820336	0,09006726
958,03906793	0,08953785
958,27993735	0,08815514
958,52081163	0,08893464
958,76169076	0,09325903
959,00257473	0,09709961
959,24346354	0,09859596
959,48435720	0,10059293
959,72525569	0,09989338
959,96615901	0,09698593
960,20706715	0,09658198
960,44798012	0,09449357
960,68889790	0,09114796
960,92982050	0,08713672
961,17074791	0,08465599
961,41168012	0,08503151
961,65261714	0,08312513
961,89355895	0,08236303
962,13450556	0,08042307
962,37545696	0,07738442
962,61641314	0,07674702
962,85737410	0,07810704
963,09833984	0,07768570
963,33931036	0,07920540
963,58028564	0,08336988
963,82126569	0,08328460
964,06225050	0,08186216
964,30324007	0,08061059
964,54423439	0,08106048
964,78523346	0,07936991
965,02623727	0,07916518
965,26724583	0,07715676
965,50825912	0,07423205
965,74927714	0,07432308
965,99029990	0,07191072
966,23132737	0,07218384
966,47235957	0,07502880
966,71339649	0,07685544
966,95443811	0,07590486
967,19548445	0,07494903
967,43653549	0,07184225
967,67759123	0,06912263
967,91865167	0,06960068
968,15971679	0,06923095
968,40078661	0,06903193
968,64186111	0,06952665
968,88294029	0,06895198
969,12402415	0,07072717
969,36511268	0,07011282
969,60620587	0,07126779
969,84730373	0,07154080
970,08840625	0,07035721
970,32951343	0,07131307
970,57062526	0,07164326
970,81174173	0,07127335
971,05286285	0,07010149
971,29398861	0,06999900
971,53511900	0,07042018
971,77625402	0,06808150
972,01739367	0,06498618
972,25853795	0,06343851
972,49968684	0,06297201
972,74084035	0,06445694
972,98199847	0,06269334
973,22316119	0,06261325
973,46432852	0,06213564
973,70550045	0,06126516
973,94667697	0,05947865
974,18785809	0,05863624
974,42904379	0,05750400
974,67023407	0,05779424
974,91142893	0,05667342
975,15262837	0,05556379
975,39383237	0,05651396
975,63504094	0,05506333
975,87625408	0,05430082
976,11747177	0,05469905
976,35869402	0,05484137
976,59992081	0,05521101
976,84115216	0,05572305
977,08238804	0,05424945
977,32362846	0,05513703
977,56487342	0,05426108
977,80612291	0,05649138
978,04737692	0,05571201
978,28863545	0,05547846
978,52989850	0,05333322
978,77116607	0,05425512
979,01243814	0,05464782
979,25371472	0,05517698
979,49499581	0,05667932
979,73628138	0,05673051
979,97757146	0,05444282
980,21886602	0,05203626
980,46016506	0,05193377
980,70146859	0,05279309
980,94277660	0,05170030
981,18408907	0,05309433
981,42540602	0,05390834
981,66672743	0,05217277
981,90805330	0,05002199
982,14938363	0,04786556
982,39071841	0,04623260
982,63205764	0,04620979
982,87340132	0,04768921
983,11474943	0,04718838
983,35610198	0,04531649
983,59745897	0,04492372
983,83882038	0,04424678
984,08018622	0,04480449
984,32155647	0,04349007
984,56293115	0,04261392
984,80431023	0,04496944
985,04569372	0,04512303
985,28708162	0,04551009
985,52847392	0,04457130
985,76987061	0,04352414
986,01127170	0,04582832
986,25267717	0,04685270
986,49408703	0,04835484
986,73550126	0,04842319
986,97691987	0,04730227
987,21834285	0,04459387
987,45977021	0,04299521
987,70120192	0,04096962
987,94263799	0,04083295
988,18407842	0,03880729
988,42552320	0,04031520
988,66697233	0,04011591
988,90842580	0,04098101
989,14988360	0,04059372
989,39134575	0,03957551
989,63281222	0,03726005
989,87428302	0,03802778
990,11575815	0,03922855
990,35723759	0,04099208
990,59872135	0,04042912
990,84020942	0,04054275
991,08170179	0,03984318
991,32319847	0,03873335
991,56469945	0,03772626
991,80620472	0,03770355
992,04771428	0,03677630
992,28922813	0,03573500
992,53074625	0,03710052
992,77226866	0,03703776
993,01379534	0,03714611
993,25532629	0,03670782
993,49686151	0,03604784
993,73840099	0,03750446
993,97994473	0,03589422
994,22149272	0,03597936
994,46304496	0,03572340
994,70460145	0,03583164
994,94616218	0,03633779
995,18772714	0,03500088
995,42929634	0,03537069
995,67086977	0,03348184
995,91244742	0,03414176
996,15402930	0,03362413
996,39561539	0,03421023
996,63720570	0,03348741
996,87880021	0,03373768
997,12039893	0,03232680
997,36200185	0,03131960
997,60360897	0,03017031
997,84522028	0,03026108
998,08683578	0,02902658
998,32845547	0,03007341
998,57007933	0,03022152
998,81170738	0,03035239
999,05333959	0,02960689
999,29497597	0,02969205
999,53661652	0,03003958
999,77826123	0,03237210
1000,01991010	0,03369207
1000,26156311	0,03233238
1000,50322028	0,02911761
1000,74488159	0,03004520
1000,98654704	0,03009631
1001,22821662	0,03344202
1001,46989034	0,03233804
1001,71156819	0,03342496
1001,95325016	0,03184277
1002,19493625	0,03071649
1002,43662645	0,03164943
1002,67832077	0,03182588
1002,92001919	0,03054569
1003,16172172	0,02958429
1003,40342835	0,02861112
1003,64513908	0,02819002
1003,88685389	0,02635805
1004,12857279	0,02614760
1004,37029578	0,02696689
1004,61202284	0,02687597
1004,85375399	0,02656861
1005,09548920	0,02785447
1005,33722848	0,02663661
1005,57897182	0,02794553
1005,82071922	0,02812778
1006,06247067	0,02848613
1006,30422618	0,02610197
1006,54598573	0,02628390
1006,78774933	0,02552180
1007,02951696	0,02595403
1007,27128863	0,02364961
1007,51306433	0,02250601
1007,75484406	0,02100392
1007,99662781	0,02176060
1008,23841558	0,01922315
1008,48020736	0,01980349
1008,72200315	0,02015045
1008,96380295	0,02187437
1009,20560675	0,02264829
1009,44741455	0,02143633
1009,68922634	0,02028712
1009,93104212	0,02024138
1010,17286189	0,01962687
1010,41468564	0,02106662
1010,65651337	0,02088443
1010,89834507	0,02247180
1011,14018074	0,02069092
1011,38202038	0,02086168
1011,62386398	0,02021305
1011,86571154	0,02087313
1012,10756305	0,01984320
1012,34941851	0,01943910
1012,59127791	0,01898947
1012,83314126	0,01869937
1013,07500854	0,01904095
1013,31687976	0,01996261
1013,55875490	0,01891586
1013,80063397	0,01847178
1014,04251696	0,01722020
1014,28440387	0,01912069
1014,52629469	0,01898408
1014,76818942	0,02015055
1015,01008806	0,02054876
1015,25199059	0,01981472
1015,49389703	0,01983184
1015,73580735	0,02000823
1015,97772156	0,02058851
1016,21963966	0,02124843
1016,46156164	0,02203951
1016,70348749	0,01376662
1016,94541722	-0,00167566
1017,18735082	-0,00108388
1017,42928828	-0,00136846
1017,67122959	-0,00153361
1017,91317477	-0,00163019
1018,15512380	-0,00106688
